{"objects": {"2": "bottle-baby_cleansing_water", "3": "tube-shoe_polish", "4": "soap_dish", "5": "soap"}, "semantic_label": {"2": "shampoo_0", "3": "cleanser_0", "4": "soap_dish_0", "5": "soap_0"}, "obj_aabb": {"2": [[0.19984053951986752, -0.2692592179880271, 0.6225597891820436], [0.2818501341093525, -0.18786240343512636, 0.7858548411907822]], "3": [[-0.2766656936514441, 0.1503970809831612, 0.6226766956462773], [-0.23546547047997068, 0.21180235316060678, 0.7878362531807075]], "4": [[-0.2182194985024815, 0.027646755555456995, 0.6229754287963927], [-0.05819780027998191, 0.1876767144104986, 0.6719654141801454]], "5": [[-0.1728608882622661, 0.0508106621719156, 0.6257731069909657], [-0.1035900866761223, 0.1639368445356929, 0.6797011705937802]]}, "sizes": {"2": "medium", "3": "medium", "4": "medium", "5": "medium"}, "distances": {"(2, 3)": 0.5924524834059709, "(2, 4)": 0.3954762116524316, "(2, 5)": 0.42341655962790364, "(3, 2)": 0.5924524834059709, "(3, 4)": 0.042529581034927044, "(3, 5)": 0.0749872008030078, "(4, 2)": 0.3954762116524316, "(4, 3)": 0.042529581034927044, "(4, 5)": -1.276728786453506e-05, "(5, 2)": 0.42341655962790364, "(5, 3)": 0.0749872008030078, "(5, 4)": -1.276728786453506e-05}, "state": {"2": [[0.24095753033838377, -0.2287680975274548, 0.7039763419653721], [0.5389653855924106, 0.45417094525853147, 0.45623738364238653, 0.54322418519737]], "3": [[-0.2563131517203061, 0.18105498229482916, 0.7053966342722446], [0.7083614628966554, -0.0020565528622018612, 0.002053160381997303, 0.7058438871348828]], "4": [[-0.13797819396789604, 0.10766875762200837, 0.6473356762269025], [-6.03037951568478e-05, 4.373938137666802e-05, 0.7069470059491941, 0.7072665164065022]], "5": [[-0.1384563632222902, 0.10737458574267451, 0.6530445229616132], [0.025603055414662526, 0.01011614121972929, 0.7126950976124904, 0.7009335525421643]]}, "pickable_objects": [2, 3, 5], "scene_graph": {"left": [], "right": [], "front": [[3, 4], [3, 5]], "behind": [[4, 3], [5, 3]], "on": [[4, 5]], "under": [[5, 4]], "leftbehind": [], "leftfront": [], "rightbehind": [], "rightfront": []}}