{"objects": {"2": "plate", "3": "cutlery-fork_1", "4": "cutlery-knife_1", "5": "plastic_apple", "6": "green_bowl", "7": "glass-small_3"}, "semantic_label": {"2": "plate_0", "3": "fork_0", "4": "knife_0", "5": "fruit_0", "6": "bowl_0", "7": "glass_0"}, "obj_aabb": {"2": [[-0.13464444377251206, -0.06911572975323554, 0.6229868982082183], [0.0802458824664601, 0.1470478208260524, 0.651919441998229]], "3": [[-0.10937355044846528, -0.14980035395558425, 0.608598793289596], [0.09309889061400298, -0.10227726989565081, 0.6661313001507367]], "4": [[-0.10484513284534963, 0.18712970511226878, 0.6229899963619909], [0.10824000723665855, 0.21596587031314673, 0.6352289022934627]], "5": [[-0.05473171477857028, -0.0011206915215327476, 0.6279867151141456], [0.029622588691183335, 0.08208336404110844, 0.7093979621111792]], "6": [[-0.2593465546397401, -0.03346041523244812, 0.6220862173899103], [-0.1221966845860679, 0.10233941880472355, 0.6836038833181176]], "7": [[-0.2177083388592846, 0.2668086271026732, 0.6216412012273788], [-0.15238059605914323, 0.33271652608801144, 0.7536754231899526]]}, "sizes": {"2": "medium", "3": "medium", "4": "medium", "5": "medium", "6": "small", "7": "medium"}, "distances": {"(2, 3)": 0.049331678930953304, "(2, 4)": 0.048218515827676466, "(2, 5)": -3.2770328642934155e-05, "(2, 6)": -2.334072191487787e-05, "(2, 7)": 0.1696365117289059, "(3, 2)": 0.049331678930953304, "(3, 4)": 0.30102299961309487, "(3, 5)": 0.1242560465229596, "(3, 6)": 0.11020589391178282, "(3, 7)": 0.3954126918791435, "(4, 2)": 0.048218515827676466, "(4, 3)": 0.30102299961309487, "(4, 5)": 0.11825612069597827, "(4, 6)": 0.1220587535074898, "(4, 7)": 0.09885765105852923, "(5, 2)": -3.277032864293459e-05, "(5, 3)": 0.1242560465229596, "(5, 4)": 0.11825612069597827, "(5, 6)": 0.07275114795183575, "(5, 7)": 0.24548083315276936, "(6, 2)": -1.6753801186791817e-05, "(6, 3)": 0.11020589391178282, "(6, 4)": 0.1220587535074898, "(6, 5)": 0.07275114795183575, "(6, 7)": 0.17372120265554367, "(7, 2)": 0.1696365117289059, "(7, 3)": 0.3954126918791435, "(7, 4)": 0.09885765105852923, "(7, 5)": 0.24548083315276936, "(7, 6)": 0.17372120265554364}, "state": {"2": [[-0.01764666458492839, 0.03895368712274057, 0.6291141612249972], [5.208372511020968e-06, 1.091739632159879e-05, 1.8727664967007648e-05, 0.9999999997514789]], "3": [[-0.008154744851597144, -0.12607851706614986, 0.6371887386555248], [0.02201170768549366, 0.5913858982056984, 0.8055175420021223, -0.030326451409072513]], "4": [[0.0014147658930306931, 0.2016069327507686, 0.6291501817663848], [-3.993229767192683e-10, 0.7071067924267674, 0.7071067699463275, -3.9853261462849285e-10]], "5": [[-0.012637579673797056, 0.04422434734246988, 0.6331727153809235], [0.0034758236920464764, -0.010917639881124519, -2.609207201031976e-05, 0.9999343593998017]], "6": [[-0.19075031256741, 0.03435609217061146, 0.6527272644951981], [0.001481960361524954, -0.004349538371244805, -0.0014255196082429986, 0.9999884265346727]], "7": [[-0.18515227185336533, 0.29967201652379916, 0.6876218749955995], [0.7131911519399444, -0.004617188521213084, 0.00455180745140914, 0.7009396146699514]]}, "pickable_objects": [3, 4, 5, 6, 7], "scene_graph": {"left": [[4, 2], [4, 5], [7, 6], [2, 3], [5, 3]], "right": [[3, 2], [3, 5], [2, 4], [5, 4], [6, 7]], "front": [[6, 2], [6, 5]], "behind": [[2, 6], [5, 6]], "on": [[2, 5]], "under": [[5, 2]], "leftbehind": [], "leftfront": [[7, 4], [7, 2], [6, 3]], "rightbehind": [[3, 6], [4, 7], [2, 7]], "rightfront": []}}