{"objects": {"2": "square_plate_1", "3": "fork", "4": "cutlery-knife_1_new", "5": "plastic_peach", "6": "yellow_bowl", "7": "glass-new_8"}, "semantic_label": {"2": "plate_0", "3": "fork_0", "4": "knife_0", "5": "fruit_0", "6": "bowl_0", "7": "glass_0"}, "obj_aabb": {"2": [[-0.11073659182964943, -0.04396269975501036, 0.6213705150174161], [0.07402586725271004, 0.14042837428889005, 0.6570337344993012]], "3": [[0.22261174854801907, 0.2477152351548891, 0.6147296442221303], [0.31916056839071955, 0.45283053614524815, 0.6474289462880455]], "4": [[-0.10560646490522056, 0.19451813525905515, 0.6228066285872317], [0.10640087484028361, 0.22202891586348106, 0.6331353191327352]], "5": [[-0.07038468207656005, 0.003487476523713784, 0.6118813765063229], [0.03729519837464919, 0.1011910090045421, 0.7270131373738666]], "6": [[-0.24892767483588557, -0.024197810625102782, 0.622976744884342], [-0.11265918043979282, 0.1110628891500173, 0.6827296476061864]], "7": [[-0.21750784279348437, 0.2710336326448616, 0.6219715673492259], [-0.1485074143611819, 0.3382899821739682, 0.8329624712635628]]}, "sizes": {"2": "medium", "3": "medium", "4": "medium", "5": "medium", "6": "small", "7": "medium"}, "distances": {"(2, 3)": 0.2611570898624056, "(2, 4)": 0.06270193166093074, "(2, 5)": -1.1725619110075462e-05, "(2, 6)": 0.01227317688885934, "(2, 7)": 0.17104112765379476, "(3, 2)": 0.2611570898624056, "(3, 4)": 0.1870566245503927, "(3, 5)": 0.3282969197194447, "(3, 6)": 0.4522974776913012, "(3, 7)": 0.40864787035012484, "(4, 2)": 0.06270193166093074, "(4, 3)": 0.18705662455039276, "(4, 5)": 0.11317621500984633, "(4, 6)": 0.11515760797108814, "(4, 7)": 0.10232023194060673, "(5, 2)": -1.1725619110075462e-05, "(5, 3)": 0.3282969197194447, "(5, 4)": 0.11317621500984633, "(5, 6)": 0.06075066374583196, "(5, 7)": 0.2379355120295907, "(6, 2)": 0.012273176888859337, "(6, 3)": 0.4522974776913012, "(6, 4)": 0.11515760797108814, "(6, 5)": 0.06075066374583196, "(6, 7)": 0.1708749655314708, "(7, 2)": 0.17104112765379476, "(7, 3)": 0.40864787035012484, "(7, 4)": 0.10232023194060673, "(7, 5)": 0.2379355120295907, "(7, 6)": 0.1708749655314708}, "state": {"2": [[-0.018365306736666778, 0.048092451159871194, 0.6390666144531822], [0.0040661004406137785, 0.003992358118948681, 0.7070958060807129, 0.7070947948662356]], "3": [[0.2701636213917374, 0.3500836413306994, 0.6312198489078273], [0.02011115915817473, 0.016872749834372067, -0.5849371793608628, 0.8106536546464829]], "4": [[0.0004652997295082551, 0.20816724822341914, 0.6279898570803948], [-0.00026335452308052083, 0.7044843218399509, 0.7097194437540472, 0.00028650226107426356]], "5": [[-0.012689013070445341, 0.05320065125665797, 0.630558166770783], [0.10534641875881753, 0.18010061009000822, -0.012285743621040578, 0.9779135763468961]], "6": [[-0.18079396821965696, 0.04338609795133076, 0.6528375430535973], [-7.073225439222362e-05, -1.7795907715900774e-05, -3.651019918490498e-08, 0.9999999973401262]], "7": [[-0.18314632075145226, 0.30467250486562275, 0.7276127570416816], [0.7097189118265474, 0.005843075438886368, -0.0058230040556588895, 0.7044366666272595]]}, "pickable_objects": [3, 4, 5, 6, 7], "scene_graph": {"left": [[4, 2], [4, 5], [7, 6], [4, 6]], "right": [[6, 4], [2, 4], [5, 4], [6, 7]], "front": [[6, 2], [6, 5]], "behind": [[2, 6], [5, 6]], "on": [[2, 5]], "under": [[5, 2]], "leftbehind": [[3, 4], [3, 2]], "leftfront": [[7, 4], [7, 2]], "rightbehind": [[4, 7], [2, 7]], "rightfront": [[4, 3], [2, 3]]}}