{"objects": {"2": "soap_dish", "3": "soap", "4": "bottle-avene_skincare", "5": "tube-skincare_provencale"}, "semantic_label": {"2": "soap_dish_0", "3": "soap_0", "4": "shampoo_0", "5": "cleanser_0"}, "obj_aabb": {"2": [[-0.11569888570815598, -0.16107946032559206, 0.6229054794140211], [0.044359196288625835, -0.0010229587929438955, 0.6720181390090271]], "3": [[-0.06345460110802785, -0.1371783126697449, 0.6258078513731514], [0.003785148404569144, -0.022948755008436697, 0.68025645086763]], "4": [[-0.01882974607821307, 0.2753103240721957, 0.6223372175050685], [0.059990245773222275, 0.35432990572810164, 0.8539973765105167]], "5": [[-0.0667087121231951, 0.2063005720603816, 0.6223688036551662], [-0.025663099155287847, 0.267221333019726, 0.769813950618111]]}, "sizes": {"2": "medium", "3": "medium", "4": "medium", "5": "medium"}, "distances": {"(2, 3)": -1.7859629974080124e-05, "(2, 4)": 0.2857944675773926, "(2, 5)": 0.21995364169495218, "(3, 2)": -1.7859629974080124e-05, "(3, 4)": 0.30757552139047034, "(3, 5)": 0.24358274902237034, "(4, 2)": 0.2857944675773926, "(4, 3)": 0.30757552139047034, "(4, 5)": 0.04666626368865304, "(5, 2)": 0.21995364169495218, "(5, 3)": 0.24358274902237034, "(5, 4)": 0.04666626368865304}, "state": {"2": [[-0.03543946034191937, -0.0810442433343854, 0.647326939571398], [2.7529375188210595e-05, 0.00033148966142441656, 0.7069188715932434, 0.7072945626413888]], "3": [[-0.030077657897928285, -0.08006351639696732, 0.653330100104775], [0.021379982539994426, -0.014265661886807378, 0.701690731554826, 0.7120179102294928]], "4": [[0.02059403632333195, 0.31494302912036715, 0.7386332951545088], [0.5065180519150941, -0.4896723025029112, -0.4887706944184714, 0.5145519483233165]], "5": [[-0.04649069796563118, 0.23686730751893742, 0.6961837520344792], [0.7029053843989572, 0.0022351533185018617, -0.002228318215296832, 0.7112763592799415]]}, "pickable_objects": [3, 4, 5], "scene_graph": {"left": [[4, 2], [5, 2], [5, 3]], "right": [[2, 5], [3, 5], [2, 4]], "front": [], "behind": [], "on": [[2, 3]], "under": [[3, 2]], "leftbehind": [[4, 5]], "leftfront": [], "rightbehind": [], "rightfront": [[5, 4]]}}