{"objects": {"2": "soap_dish", "3": "soap", "4": "bottle-baby_cleansing_water", "5": "tube-shampoo_yellow"}, "semantic_label": {"2": "soap_dish_0", "3": "soap_0", "4": "shampoo_0", "5": "cleanser_0"}, "obj_aabb": {"2": [[-0.3054676073232193, 0.12542304527263662, 0.6229895453996345], [-0.07943776418734613, 0.35145309647672385, 0.6719530816427789]], "3": [[0.05736163472133498, -0.2468441311560601, 0.6197307838599593], [0.17385278497802434, -0.11700957675112508, 0.6747767216999057]], "4": [[0.1281320279008785, 0.24755205655914503, 0.6225618148597478], [0.22080194594262406, 0.33996751154445093, 0.7858544526414581]], "5": [[0.20057899746394875, 0.08590600813229671, 0.6222540867267331], [0.2577985606430333, 0.1692426370892836, 0.8313880027528883]]}, "sizes": {"2": "medium", "3": "medium", "4": "medium", "5": "medium"}, "distances": {"(2, 3)": 0.38885746907747104, "(2, 4)": 0.259303757804645, "(2, 5)": 0.33284289135300016, "(3, 2)": 0.38885746907747104, "(3, 4)": 0.39231932662873814, "(3, 5)": 0.25533944872143416, "(4, 2)": 0.259303757804645, "(4, 3)": 0.39231932662873814, "(4, 5)": 0.11061429375645306, "(5, 2)": 0.33284289135300016, "(5, 3)": 0.25533944872143416, "(5, 4)": 0.11061429375645306}, "state": {"2": [[-0.1926170292315944, 0.23827636390893198, 0.6473365641832238], [-1.3273451885888927e-06, -1.682555549961574e-06, -0.40066646560523167, 0.9162239809865375]], "3": [[0.11540719014714368, -0.1820564283726012, 0.6475554014535155], [0.026697491151503702, 5.096112200487251e-06, 0.875658109158587, 0.4821930316844628]], "4": [[0.17452937531354232, 0.293532495200943, 0.7039771547331611], [0.587178976330947, 0.38985125179883684, 0.3914237702023853, 0.5916285011274992]], "5": [[0.2292132688168039, 0.12769435031030843, 0.7269188059169261], [0.7078101970224798, -0.0021581344172272123, 0.00847397200592336, 0.7063485394939798]]}, "pickable_objects": [2, 3, 4, 5], "scene_graph": {"left": [[4, 5]], "right": [[5, 4]], "front": [[2, 4]], "behind": [[4, 2]], "on": [], "under": [], "leftbehind": [[5, 3]], "leftfront": [], "rightbehind": [], "rightfront": [[3, 5]]}}