{"objects": {"2": "cup-yellow_white_border", "3": "can-redbull", "4": "red_marker", "5": "stapler_2", "6": "glue_1"}, "semantic_label": {"2": "cup_0", "3": "can_drink_0", "4": "marker_0", "5": "stapler_0", "6": "glue_0"}, "obj_aabb": {"2": [[0.20214906223009751, 0.1421019071907061, 0.6227891505477257], [0.30902404199026473, 0.2860135760750137, 0.7621519015090032]], "3": [[-0.10839717437279084, 0.26346341550114977, 0.6213829528914487], [-0.02962104580381828, 0.3360448290293127, 0.7660598934959231]], "4": [[0.1573327814699322, 0.06666198137021362, 0.6207950386628112], [0.30968781207309704, 0.0911370364979752, 0.64771586402758]], "5": [[0.006910835613728655, -0.23888055529633379, 0.62204866455924], [0.12679499042887835, -0.14437691517080886, 0.6510651548883364]], "6": [[0.27108340881405696, -0.10665924969281983, 0.6162642619817502], [0.31195692447053863, -0.01683666815514641, 0.764638999302798]]}, "sizes": {"2": "medium", "3": "medium", "4": "medium", "5": "medium", "6": "medium"}, "distances": {"(2, 3)": 0.26097201941024517, "(2, 4)": 0.06498945523471614, "(2, 5)": 0.33364797168334803, "(2, 6)": 0.18497576048514477, "(3, 2)": 0.26097201941024517, "(3, 4)": 0.2852438566654003, "(3, 5)": 0.45375202036018514, "(3, 6)": 0.4549980278310236, "(4, 2)": 0.06498945523471614, "(4, 3)": 0.2852438566654003, "(4, 5)": 0.22787479005559722, "(4, 6)": 0.10273558720000492, "(5, 2)": 0.33364797168334803, "(5, 3)": 0.45375202036018514, "(5, 4)": 0.22787479005559722, "(5, 6)": 0.17308827173905483, "(6, 2)": 0.18497576048514472, "(6, 3)": 0.4549980278310236, "(6, 4)": 0.1027355872000049, "(6, 5)": 0.17308827173905483}, "state": {"2": [[0.25576730956570143, 0.2140892182063849, 0.6923973040546341], [-0.500633330314939, 0.5006644084205023, 0.4993346789577948, -0.4993658950197119]], "3": [[-0.0690506966978877, 0.2998506570987458, 0.6936686043298179], [0.5609109429297209, 0.44981788872468, 0.43511329529801307, 0.5419586712470491]], "4": [[0.23351264949879616, 0.07891020714302624, 0.6341484453463477], [-0.008604549501094051, 0.0014020524700467324, 0.9999618432729142, 0.0005549549443889311]], "5": [[0.06683451963287375, -0.19159452412250594, 0.6366453366889459], [-0.003297925372885167, -0.0036424694048400796, 0.9604269800570657, -0.2784885492858447]], "6": [[0.2916534535471816, -0.06181787452329664, 0.6904609994912446], [-0.0044276339707860265, 0.05846064382632154, 0.998277255672874, 0.002295645240073873]]}, "pickable_objects": [2, 3, 4, 5, 6], "scene_graph": {"left": [[2, 4], [4, 6]], "right": [[4, 2], [6, 4]], "front": [[3, 2]], "behind": [[2, 3]], "on": [], "under": [], "leftbehind": [[4, 5], [6, 5]], "leftfront": [[3, 4]], "rightbehind": [[4, 3]], "rightfront": [[5, 6], [5, 4]]}}