{"objects": {"2": "square_plate_3", "3": "cutlery-fork_1", "4": "cutlery-knife_1_new", "5": "plastic_peach", "6": "green_bowl", "7": "glass-new_6"}, "semantic_label": {"2": "plate_0", "3": "fork_0", "4": "knife_0", "5": "fruit_0", "6": "bowl_0", "7": "glass_0"}, "obj_aabb": {"2": [[0.04523099308247183, -0.14800236800887867, 0.6229798944523423], [0.2298324601946635, 0.03528737721555211, 0.6552655187325892]], "3": [[0.04753140595699573, -0.27348972659027426, 0.6085989336858022], [0.24999871245209354, -0.2259945057598962, 0.666130177406717]], "4": [[0.05390205524210512, 0.12106575287750922, 0.6228066375435215], [0.2659093755550087, 0.1485763771505852, 0.6331353102326296]], "5": [[-0.17995339277180344, 0.13928703145060178, 0.6079236125599107], [-0.049193991868723044, 0.25717422755730224, 0.713808976356516]], "6": [[-0.12452312442405057, -0.12936440009589875, 0.6221354309705305], [0.012212431531475929, 0.006041761997386652, 0.6835628639914406]], "7": [[-0.10171096837832755, 0.20734659520499202, 0.6227848995944361], [-0.016954542920212742, 0.2922479864292111, 0.7972869597897267]]}, "sizes": {"2": "medium", "3": "medium", "4": "medium", "5": "medium", "6": "small", "7": "medium"}, "distances": {"(2, 3)": 0.09078786964388916, "(2, 4)": 0.09200003556973092, "(2, 5)": 0.20536385864375037, "(2, 6)": 0.04211359154737828, "(2, 7)": 0.21298102101176958, "(3, 2)": 0.09078786964388916, "(3, 4)": 0.359448182326731, "(3, 5)": 0.4277481311381368, "(3, 6)": 0.14486726456665852, "(3, 7)": 0.4623864274895416, "(4, 2)": 0.09200003556973092, "(4, 3)": 0.359448182326731, "(4, 5)": 0.14656015793378663, "(4, 6)": 0.1585751605824361, "(4, 7)": 0.12362672558457172, "(5, 2)": 0.20536385864375037, "(5, 3)": 0.4277481311381368, "(5, 4)": 0.14656015793378663, "(5, 6)": 0.16053143188359068, "(5, 7)": 0.008945432402469146, "(6, 2)": 0.04211359154737827, "(6, 3)": 0.14486726456665852, "(6, 4)": 0.1585751605824361, "(6, 5)": 0.16053143188359068, "(6, 7)": 0.21120133187590684, "(7, 2)": 0.21298102101176958, "(7, 3)": 0.4623864274895416, "(7, 4)": 0.12362672558457172, "(7, 5)": 0.008945432402469143, "(7, 6)": 0.21120133187590684}, "state": {"2": [[0.1375215422771798, -0.05613068054947932, 0.6393458952734213], [1.3318247735299418e-06, 3.8481508015056e-05, 0.7071068798679664, 0.707106681456758]], "3": [[0.14874763943259062, -0.24978182656507159, 0.6371882491417998], [0.02205071125133162, 0.5914017609976755, 0.805506893020221, -0.0302715793950205]], "4": [[0.15997381023564852, 0.13471478773668596, 0.627989857178048], [-0.000263603654728462, 0.7044845539681194, 0.7097192133467833, 0.0002862514216130636]], "5": [[-0.1199936512236427, 0.1899160609216381, 0.6230580678667373], [-0.1366013196845038, 0.04064356034849107, 0.880226091620166, -0.4526479957911422]], "6": [[-0.056133865284532715, -0.06174468274560852, 0.6527313607393419], [0.0014241107144660307, -0.004078769331394675, -2.0117103815393982e-06, 0.999990667729138]], "7": [[-0.059056381549811236, 0.24963357365845726, 0.7098421577417849], [0.7068114218185861, 0.0010066129153337424, -0.0010106528346104408, 0.7074005790908539]]}, "pickable_objects": [2, 3, 4, 5, 6, 7], "scene_graph": {"left": [[2, 3], [4, 2]], "right": [[2, 4], [3, 2]], "front": [[5, 4], [6, 2]], "behind": [[2, 6], [4, 5]], "on": [], "under": [], "leftbehind": [[7, 5], [4, 6]], "leftfront": [[6, 3], [7, 4]], "rightbehind": [[3, 6], [4, 7]], "rightfront": [[5, 7], [6, 4]]}}