{"objects": {"2": "round_plate_3", "3": "cutlery-fork_2_new", "4": "cutlery-knife_1_new", "5": "plastic_lemon", "6": "doraemon_bowl", "7": "glass-new_1"}, "semantic_label": {"2": "plate_0", "3": "fork_0", "4": "knife_0", "5": "fruit_0", "6": "bowl_0", "7": "glass_0"}, "obj_aabb": {"2": [[-0.10634830377638538, -0.0006730404927089845, 0.6199456855952531], [0.0857171119567059, 0.19132162522411533, 0.6586487544570235]], "3": [[-0.09328042359304259, -0.10040713159725177, 0.6177831967074443], [0.09294431873807915, -0.06893353197997008, 0.6492205871535683]], "4": [[-0.2885153084711307, -0.09786721620065156, 0.6786811212411478], [-0.07578668170417922, -0.06453716141649762, 0.6902790574135885]], "5": [[-0.04987109586368311, 0.04847319079164306, 0.6123437816971464], [0.04546394842807013, 0.1495105306534466, 0.7235678688233353]], "6": [[-0.31007742380260184, -0.22571804209149815, 0.6212515682509949], [-0.08817357738142814, 0.000981114535122854, 0.6866913441933686]], "7": [[-0.24258839340460875, 0.32780969918235403, 0.6200522483278872], [-0.14367184252754311, 0.4334248481657196, 0.7619006120579235]]}, "sizes": {"2": "medium", "3": "medium", "4": "medium", "5": "medium", "6": "small", "7": "medium"}, "distances": {"(2, 3)": 0.07938722109249902, "(2, 4)": 0.08909396529909959, "(2, 5)": -3.455486850898349e-05, "(2, 6)": 0.10148500164751181, "(2, 7)": 0.2030364070822412, "(3, 2)": 0.07938722109249902, "(3, 4)": 0.03606997663320142, "(3, 5)": 0.1461043592507073, "(3, 6)": 0.034174118335182996, "(3, 7)": 0.4226911845122066, "(4, 2)": 0.08909396529909959, "(4, 3)": 0.03606997663320142, "(4, 5)": 0.14755960779634994, "(4, 6)": -1.7258415810978128e-05, "(4, 7)": 0.4056319889459603, "(5, 2)": -3.4554868508983056e-05, "(5, 3)": 0.14610435925070733, "(5, 4)": 0.14753593701926646, "(5, 6)": 0.1600693848533158, "(5, 7)": 0.2648218459294657, "(6, 2)": 0.10148500164751181, "(6, 3)": 0.034174118335182996, "(6, 4)": -1.7258415810974658e-05, "(6, 5)": 0.16006938485331576, "(6, 7)": 0.36277266430868094, "(7, 2)": 0.2030364070822412, "(7, 3)": 0.4226911845122066, "(7, 4)": 0.4056319889459603, "(7, 5)": 0.2648218459294657, "(7, 6)": 0.36277266430868094}, "state": {"2": [[-0.010323998348424748, 0.095592323352645, 0.6394708331645539], [0.006982278203938702, -0.005723288300986902, 0.9999592450205705, -7.745782632556851e-06]], "3": [[0.00012417171801982606, -0.08467422244198726, 0.6334566418761595], [0.013085654396013108, 0.7064461705225169, 0.707513354038278, -0.013690422221590766]], "4": [[-0.1822218755667029, -0.08109775902482322, 0.6844990293146334], [0.7033015817533852, 0.011897379856940902, 0.007493018574424817, 0.7107525533744987]], "5": [[-0.0020903670257587394, 0.09538876890173914, 0.6285798345736145], [0.2854736247878963, 0.16009501923142447, 0.0018607243320215346, 0.9449184790619292]], "6": [[-0.1990797317788302, -0.11240726833526997, 0.6539644134041863], [-0.005853743436172472, 0.002069827091763902, 0.9056973848072821, -0.4238793420973044]], "7": [[-0.193183105989857, 0.3804430460847841, 0.6909076923721906], [0.7241611224787767, 0.00013499161511469057, -0.00021671296809538896, 0.6896307733149903]]}, "pickable_objects": [3, 4, 5, 6, 7], "scene_graph": {"left": [[2, 3], [5, 3]], "right": [[3, 2], [3, 5]], "front": [[6, 3]], "behind": [[3, 6]], "on": [[2, 5]], "under": [[5, 2]], "leftbehind": [], "leftfront": [[7, 2], [7, 5]], "rightbehind": [[2, 7], [5, 7]], "rightfront": []}}