{"objects": {"2": "cup-red_heart", "3": "can-hoegaarden", "4": "black_marker", "5": "stapler_2", "6": "glue_2"}, "semantic_label": {"2": "cup_0", "3": "can_drink_0", "4": "marker_0", "5": "stapler_0", "6": "glue_0"}, "obj_aabb": {"2": [[0.1485037137351537, 0.13253450798785738, 0.6227047496367951], [0.25743166253760436, 0.27600190547250003, 0.7189907550710178]], "3": [[0.0523265026135439, 0.15808730418196837, 0.6217216344768554], [0.13170421080556344, 0.23922114705512681, 0.7570102478637132]], "4": [[0.10375822116789978, 0.048288912745889735, 0.6209820971436342], [0.25530645878127833, 0.0737517975339748, 0.6470496020948271]], "5": [[0.08839203080388036, -0.12676888998844132, 0.6218972334358173], [0.1254511816763126, -0.007726846077685125, 0.6511515239298624]], "6": [[0.20496832822927982, -0.12286499802720302, 0.6196419141231274], [0.27150291777984126, -0.05350255757360373, 0.7925162535107172]]}, "sizes": {"2": "medium", "3": "medium", "4": "medium", "5": "medium", "6": "medium"}, "distances": {"(2, 3)": 0.02267453569126389, "(2, 4)": 0.07283707860193696, "(2, 5)": 0.16731738755266876, "(2, 6)": 0.19565980887765516, "(3, 2)": 0.02267453569126389, "(3, 4)": 0.09316932732081736, "(3, 5)": 0.1712477693935266, "(3, 6)": 0.25184837847323627, "(4, 2)": 0.07283707860193694, "(4, 3)": 0.09316932732081736, "(4, 5)": 0.06127913844668055, "(4, 6)": 0.11104201075868751, "(5, 2)": 0.16731738755266876, "(5, 3)": 0.1712477693935266, "(5, 4)": 0.06127913844668055, "(5, 6)": 0.0924071531175382, "(6, 2)": 0.19565980887765516, "(6, 3)": 0.25184837847323627, "(6, 4)": 0.11104201075868751, "(6, 5)": 0.0924071531175382}, "state": {"2": [[0.20295513232957454, 0.20437663874499215, 0.670910642958813], [0.4998907368438568, -0.49904910627082044, -0.5009512051015935, 0.500107119380701]], "3": [[0.09184886631250572, 0.19852791127137978, 0.689424540397693], [0.7018370146515996, 0.002547132522698965, -0.0025405896743154566, 0.7123284792740979]], "4": [[0.1795249751406317, 0.0609337111775071, 0.6340650313165667], [0.043740424525703724, 0.004247629010010427, 0.0010901954640862635, 0.99903330494231]], "5": [[0.10688335135060478, -0.06724502655080258, 0.6366130157768456], [-0.0006550283284259124, 0.0068259091750625155, -0.7081263311835759, 0.706052460505812]], "6": [[0.23806189576690767, -0.08801088878853645, 0.70342154675705], [-0.021007891158741143, 0.034868009488866834, -0.7076666820478091, 0.7053727791336944]]}, "pickable_objects": [2, 3, 4, 5, 6], "scene_graph": {"left": [[2, 4], [3, 4], [4, 5], [4, 6]], "right": [[4, 2], [4, 3], [5, 4], [6, 4]], "front": [[3, 2], [5, 6]], "behind": [[2, 3], [6, 5]], "on": [], "under": [], "leftbehind": [[2, 5]], "leftfront": [], "rightbehind": [], "rightfront": [[5, 2]]}}