{"objects": {"2": "square_plate_2", "3": "cutlery-fork_1", "4": "knife", "5": "plastic_apple", "6": "green_bowl", "7": "glass-new_12"}, "semantic_label": {"2": "plate_0", "3": "fork_0", "4": "knife_0", "5": "fruit_0", "6": "bowl_0", "7": "glass_0"}, "obj_aabb": {"2": [[-0.043441022752015675, -0.2678315818708437, 0.6213274228459557], [0.1420201249344299, -0.08206473588820368, 0.6576050113950277]], "3": [[-0.040250646717474095, -0.40093195258081465, 0.6086009203924603], [0.16221718835729187, -0.35347289994667, 0.666112248354584]], "4": [[0.1478967113316599, 0.1062529433913042, 0.6198821324110158], [0.30349967599034466, 0.29915263557110333, 0.6474481801791088]], "5": [[-0.003527428529642003, -0.376090706840617, 0.620619534781848], [0.11486041952658158, -0.26102441416287275, 0.7055127126964362]], "6": [[-0.22151032186942432, -0.24840828343614202, 0.6221061603316101], [-0.08475877579663742, -0.11299640560443457, 0.6835829882625538]], "7": [[-0.007218537230348043, 0.10539895630697255, 0.6229703714008672], [0.09984312657870073, 0.21324669498348542, 0.8004417961129271]]}, "sizes": {"2": "medium", "3": "medium", "4": "medium", "5": "medium", "6": "small", "7": "medium"}, "distances": {"(2, 3)": 0.09985798302939948, "(2, 4)": 0.258225455331951, "(2, 5)": 0.01520010529626229, "(2, 6)": 0.05046718186140145, "(2, 7)": 0.201236964898182, "(3, 2)": 0.09985798302939948, "(3, 4)": 0.49375002407751506, "(3, 5)": 0.020941106198598104, "(3, 6)": 0.1566833461886193, "(3, 7)": 0.4808601351937673, "(4, 2)": 0.258225455331951, "(4, 3)": 0.49375002407751506, "(4, 5)": 0.4497322660408077, "(4, 6)": 0.4581553706979785, "(4, 7)": 0.11739554177503642, "(5, 2)": 0.01520010529626229, "(5, 3)": 0.020941106198598104, "(5, 4)": 0.4497322660408077, "(5, 6)": 0.14558436314850434, "(5, 7)": 0.3968355288857631, "(6, 2)": 0.05046718186140146, "(6, 3)": 0.1566833461886193, "(6, 4)": 0.4581553706979785, "(6, 5)": 0.14558436314850434, "(6, 7)": 0.28801719417718014, "(7, 2)": 0.201236964898182, "(7, 3)": 0.4808601351937673, "(7, 4)": 0.11739554177503642, "(7, 5)": 0.3968355288857631, "(7, 6)": 0.28801719417718014}, "state": {"2": [[0.04923309618640158, -0.17494985574258884, 0.6394189006063186], [-0.004123158170336393, -0.0032708740527868613, -0.7070744839409017, 0.7071194913940223]], "3": [[0.06096585274345436, -0.3772423229891398, 0.6371803198742703], [0.022059710630153523, 0.5918270510766781, 0.8051945037486664, -0.03026420185195247]], "4": [[0.22574888669686824, 0.20276487608085442, 0.6339622373202919], [-0.002339302361137377, -0.020727170306880018, 0.8955465868794233, 0.44447859656472577]], "5": [[0.05712931400472695, -0.3193534888634964, 0.6273885773225041], [0.0213920512270988, -0.017680029130915393, 0.8776930541589808, -0.4784189580224716]], "6": [[-0.15311303584338193, -0.18078569713339968, 0.6527267855206609], [0.001471162343945283, -0.0042138920060346445, -2.035312301276466e-06, 0.9999900393460811]], "7": [[0.046306287658863896, 0.15937753511571204, 0.7116639855810382], [0.7071555306095915, 2.824013475717875e-05, -2.966800328490391e-05, 0.7070580272159928]]}, "pickable_objects": [2, 3, 4, 5, 6, 7], "scene_graph": {"left": [[2, 5], [2, 3], [4, 2], [7, 2]], "right": [[3, 2], [5, 2], [2, 4], [2, 7]], "front": [[6, 2], [7, 4]], "behind": [[2, 6], [4, 7]], "on": [], "under": [], "leftbehind": [[7, 6]], "leftfront": [[6, 5], [6, 3]], "rightbehind": [[3, 6], [5, 6]], "rightfront": [[6, 7]]}}