{"objects": {"2": "soap_dish", "3": "soap", "4": "bottle-avene_skincare", "5": "tube-signal_pokemon"}, "semantic_label": {"2": "soap_dish_0", "3": "soap_0", "4": "shampoo_0", "5": "cleanser_0"}, "obj_aabb": {"2": [[0.056952992155695714, -0.3147959617885863, 0.6229787508031039], [0.21692265063973282, -0.15483044633446086, 0.6719635427634902]], "3": [[0.10966261398122551, -0.2905341814055359, 0.6248979745778569], [0.17560742566336313, -0.17657687374342385, 0.6813112712075338]], "4": [[0.08895869922307073, -0.10551111943651527, 0.622323843538254], [0.16487433373012975, -0.02964387774845441, 0.8540129979369139]], "5": [[0.10693364357270435, 0.03522361401534116, 0.6227950501498328], [0.14672893845199692, 0.09580217697887441, 0.7899738321854807]]}, "sizes": {"2": "medium", "3": "medium", "4": "medium", "5": "medium"}, "distances": {"(2, 3)": -2.0234715470611626e-05, "(2, 4)": 0.05397943460242766, "(2, 5)": 0.2039424672836578, "(3, 2)": -2.0234715470611626e-05, "(3, 4)": 0.07757659667992718, "(3, 5)": 0.2275962127837608, "(4, 2)": 0.05397943460242766, "(4, 3)": 0.07757659667992718, "(4, 5)": 0.07119819175024052, "(5, 2)": 0.2039424672836578, "(5, 3)": 0.2275962127837608, "(5, 4)": 0.07119819175024052}, "state": {"2": [[0.13716828916509738, -0.2348060793728659, 0.6473364279944311], [-4.883660189430436e-05, -4.5846093833074904e-05, 0.707074042895479, 0.7071395147893832]], "3": [[0.14239363749286923, -0.23356356139584222, 0.6534037204729164], [0.0286387788683391, -0.017657323349347682, 0.7066619556776169, 0.7067509601514191]], "4": [[0.12679419443883, -0.06755840469131044, 0.738634387460864], [0.7044453301846872, -0.0031899832277832467, 0.003182166875140768, 0.7097439500284397]], "5": [[0.1267915288331002, 0.06545714256849437, 0.7062733661683452], [0.7061652644906937, -0.0011009162447914752, 0.0010861656721367977, 0.7080453569188511]]}, "pickable_objects": [3, 4, 5], "scene_graph": {"left": [[4, 2], [4, 3], [5, 4]], "right": [[2, 4], [3, 4], [4, 5]], "front": [], "behind": [], "on": [[2, 3]], "under": [[3, 2]], "leftbehind": [], "leftfront": [], "rightbehind": [], "rightfront": []}}