{"objects": {"2": "cup-red_heart", "3": "can-hoegaarden", "4": "remote-toy"}, "semantic_label": {"2": "cup_0", "3": "can_drink_0", "4": "remote_0"}, "obj_aabb": {"2": [[0.05832726270892201, -0.13384086597526887, 0.6226713624956616], [0.1673015975121916, 0.009628832002660244, 0.719010579657905]], "3": [[0.08074298264150959, -0.24258135748172618, 0.6217224259511284], [0.16011622137852718, -0.16144299458784175, 0.757011072925928]], "4": [[-0.1737866498307497, 0.011187070182341885, 0.619800264366228], [-0.07001848403701212, 0.20016312813030732, 0.6707854747457479]]}, "sizes": {"2": "medium", "3": "medium", "4": "medium"}, "distances": {"(2, 3)": 0.033337142650280725, "(2, 4)": 0.1721581956031414, "(3, 2)": 0.033337142650280725, "(3, 4)": 0.27059867501051216, "(4, 2)": 0.1721581956031414, "(4, 3)": 0.27059867501051216}, "state": {"2": [[0.11280190487997585, -0.06199758576972222, 0.6709038691544642], [0.4997741063918649, -0.49892972940899005, -0.5010747518660826, 0.5002190127678365]], "3": [[0.12026310742971832, -0.2021384852009024, 0.6894253479483017], [0.7018299596317691, 0.0025317231796466878, -0.002542368517602443, 0.7123354789025546]], "4": [[-0.12177495247545196, 0.1053147783664855, 0.645277700004769], [0.5238107469010959, -0.4730154596646834, -0.4648686388355756, 0.5345800454340617]]}, "pickable_objects": [2, 3, 4], "scene_graph": {"left": [[2, 3]], "right": [[3, 2]], "front": [[4, 2]], "behind": [[2, 4]], "on": [], "under": [], "leftbehind": [], "leftfront": [[4, 3]], "rightbehind": [[3, 4]], "rightfront": []}}