{"objects": {"2": "bottle-avene_skincare", "3": "tube-shoe_polish", "4": "soap_dish", "5": "soap"}, "semantic_label": {"2": "shampoo_0", "3": "cleanser_0", "4": "soap_dish_0", "5": "soap_0"}, "obj_aabb": {"2": [[-0.18138153209207877, -0.20726284421442298, 0.6223198441001458], [-0.10548385821817383, -0.1313631206962132, 0.854013602125651]], "3": [[-0.16138118800791942, -0.04006898542912411, 0.6226763527278545], [-0.12018035702991828, 0.021335851496327864, 0.7878358960693987]], "4": [[-0.09521675643443739, -0.16937695407079917, 0.6229352919474508], [0.06483880621682026, -0.009288778316415669, 0.6720055891474289]], "5": [[-0.05083029541389095, -0.14593138539314043, 0.6260549287312391], [0.018279126019404457, -0.03265165168331596, 0.6795312017329012]]}, "sizes": {"2": "medium", "3": "medium", "4": "medium", "5": "medium"}, "distances": {"(2, 3)": 0.09720966832716144, "(2, 4)": 0.03734355291703847, "(2, 5)": 0.06971634008305902, "(3, 2)": 0.09720966832716144, "(3, 4)": 0.05251841211915953, "(3, 5)": 0.08347318081410912, "(4, 2)": 0.03734355291703847, "(4, 3)": 0.05252076812389598, "(4, 5)": -4.314109814299331e-05, "(5, 2)": 0.06971634008305902, "(5, 3)": 0.08347318081410912, "(5, 4)": -4.314109814299331e-05}, "state": {"2": [[-0.1435549830275264, -0.16929382640483748, 0.7386326962528802], [0.7043969173545153, -0.0031589514082915383, 0.003161009608256889, 0.7097922314774323]], "3": [[-0.1410283417170323, -0.009411304223449816, 0.7053962842721235], [0.7083613946056254, -0.0020529531454299152, 0.002056733721588371, 0.7058439557452869]], "4": [[-0.014958517950799947, -0.08932595960583435, 0.6473356922545659], [-0.00023778297766366454, 0.00021976792719389338, 0.7068722593798787, 0.7073411511290001]], "5": [[-0.01650905979473633, -0.08929137922374399, 0.653098480839367], [0.022884171860579082, 0.006849265591312466, 0.7134351383194119, 0.7003140050365099]]}, "pickable_objects": [2, 3, 5], "scene_graph": {"left": [[3, 2]], "right": [[2, 3]], "front": [[2, 4], [2, 5], [3, 4], [3, 5]], "behind": [[4, 2], [5, 2], [4, 3], [5, 3]], "on": [[4, 5]], "under": [[5, 4]], "leftbehind": [], "leftfront": [], "rightbehind": [], "rightfront": []}}