{"objects": {"2": "bottle-baby_cleansing_water", "3": "tube-wasabi", "4": "soap_dish", "5": "soap"}, "semantic_label": {"2": "shampoo_0", "3": "cleanser_0", "4": "soap_dish_0", "5": "soap_0"}, "obj_aabb": {"2": [[0.16038793448252894, -0.246859219375128, 0.6225584688444824], [0.2599686853537232, -0.14693858732919368, 0.7858556367194737]], "3": [[-0.10000265763553154, 0.048677678251142845, 0.6229900000727262], [-0.06970794691742715, 0.0900745149492045, 0.7719748969709976]], "4": [[-0.019202977681132674, -0.1034873474002381, 0.6229692390391691], [0.14084553063509186, 0.05657625154166657, 0.6719741938898686]], "5": [[-0.26597343694407, 0.07959879149908075, 0.6199808474459853], [-0.14109836778934276, 0.1748113939691988, 0.6739302501346064]]}, "sizes": {"2": "medium", "3": "medium", "4": "medium", "5": "medium"}, "distances": {"(2, 3)": 0.35134147822061973, "(2, 4)": 0.11735525701655866, "(2, 5)": 0.44410522057176205, "(3, 2)": 0.35134147822061973, "(3, 4)": 0.08085505707335353, "(3, 5)": 0.06781549224453139, "(4, 2)": 0.11735525701655866, "(4, 3)": 0.08085505707335353, "(4, 5)": 0.17455331864455784, "(5, 2)": 0.44410522057176205, "(5, 3)": 0.06781549224453139, "(5, 4)": 0.17455331864455784}, "state": {"2": [[0.21015736357699746, -0.19713367811492996, 0.7039760854656503], [0.6470367614078228, 0.27946782326438424, 0.28019145277625795, 0.6517161306411505]], "3": [[-0.08492050649823463, 0.06930587860333798, 0.6974733960664367], [0.707106781186555, -4.8802844421339965e-14, -2.6683481474395848e-14, 0.70710678118654]], "4": [[0.06105173002272424, -0.023448581267774406, 0.6473369650862489], [-9.337536853200096e-05, 9.306915881163839e-05, 0.7068851967018273, 0.7073282839693258]], "5": [[-0.20359383387673513, 0.1274285104845566, 0.64726298623545], [0.026571260347949315, -0.007636643385422101, 0.13645779317090675, 0.9902600267022048]]}, "pickable_objects": [2, 3, 4, 5], "scene_graph": {"left": [], "right": [], "front": [[3, 4], [5, 3]], "behind": [[3, 5], [4, 3]], "on": [], "under": [], "leftbehind": [], "leftfront": [[4, 2], [5, 4]], "rightbehind": [[2, 4], [4, 5]], "rightfront": []}}