{"objects": {"2": "square_plate_3", "3": "cutlery-fork_1_new", "4": "cutlery-knife_1_new", "5": "plastic_lemon", "6": "green_bowl", "7": "glass-new_1"}, "semantic_label": {"2": "plate_0", "3": "fork_0", "4": "knife_0", "5": "fruit_0", "6": "bowl_0", "7": "glass_0"}, "obj_aabb": {"2": [[0.04523087652193088, -0.14800245389317118, 0.6229535315784135], [0.22983535099934727, 0.035289083437025685, 0.6552661985826252]], "3": [[0.05082437474650216, -0.26601008334240644, 0.6183172540532139], [0.24670430306955587, -0.23359170457606715, 0.6482693026729213]], "4": [[0.053902054794651766, 0.12106574520151443, 0.6228066300434945], [0.26590937599919706, 0.1485763816054837, 0.6331353172578682]], "5": [[0.09950529474462128, -0.09716168498550243, 0.6110278476787787], [0.1897029632384059, 0.00044906274440365684, 0.7171584039804435]], "6": [[-0.12451752196777598, -0.1293635472597915, 0.6221435981134458], [0.012212263174281382, 0.006041724819315801, 0.6835558176223848]], "7": [[0.08534261103549642, 0.2112274987034858, 0.6200434321254227], [0.18427122154107697, 0.31685374995746063, 0.7619079094411276]]}, "sizes": {"2": "medium", "3": "medium", "4": "medium", "5": "medium", "6": "small", "7": "medium"}, "distances": {"(2, 3)": 0.09164054221178769, "(2, 4)": 0.09199648266477202, "(2, 5)": -9.542279662349239e-06, "(2, 6)": 0.04211229446642554, "(2, 7)": 0.1894118296688032, "(3, 2)": 0.09164054221178769, "(3, 4)": 0.3594786663767016, "(3, 5)": 0.16296668765851208, "(3, 6)": 0.14704758163367104, "(3, 7)": 0.4605091695603984, "(4, 2)": 0.09199648266477202, "(4, 3)": 0.3594786663767016, "(4, 5)": 0.14461818160827328, "(4, 6)": 0.15857180462711365, "(4, 7)": 0.0826569716886038, "(5, 2)": -9.756996229959292e-06, "(5, 3)": 0.16296668765851208, "(5, 4)": 0.14461818160827328, "(5, 6)": 0.10142347814022645, "(5, 7)": 0.2351005312261592, "(6, 2)": 0.04211229446642553, "(6, 3)": 0.14704758163367104, "(6, 4)": 0.15857180462711365, "(6, 5)": 0.10142347814022645, "(6, 7)": 0.26607431600399073, "(7, 2)": 0.1894118296688032, "(7, 3)": 0.4605091695603984, "(7, 4)": 0.0826569716886038, "(7, 5)": 0.2351005312261592, "(7, 6)": 0.26607431600399073}, "state": {"2": [[0.13752294995065822, -0.05612985819036001, 0.6393330423090975], [1.463483739451693e-05, 9.041302666499824e-05, 0.7071069376891014, 0.7071066187522554]], "3": [[0.14874921538044344, -0.24978396714874382, 0.6332311850802441], [0.010164927854527947, 0.7126182564307099, 0.70140571517293, -0.010095423028194134]], "4": [[0.15997381023057128, 0.13471478611391574, 0.6279898568842884], [-0.0002635921994197111, 0.7044843657478989, 0.7097194001782794, 0.0002862630196659236]], "5": [[0.14797363464247584, -0.0538293912635348, 0.625078313842442], [0.2656172041419035, 0.11464424895016077, -0.004049784116427155, 0.9572292287091437]], "6": [[-0.0561311597180069, -0.061744276640253504, 0.6527319202525761], [0.001416792336588828, -0.004030019104025992, -2.0429143655278424e-06, 0.9999908757790357]], "7": [[0.13475392237717182, 0.2638664025203569, 0.6909069228539813], [0.7241900204601601, 0.0001641606088889036, -0.00024754493518659005, 0.6896004104107772]]}, "pickable_objects": [3, 4, 5, 6, 7], "scene_graph": {"left": [[4, 2], [4, 5], [7, 4], [2, 3], [5, 3]], "right": [[3, 2], [3, 5], [4, 7], [2, 4], [5, 4]], "front": [[6, 2], [6, 5]], "behind": [[2, 6], [5, 6]], "on": [[2, 5]], "under": [[5, 2]], "leftbehind": [], "leftfront": [[6, 3]], "rightbehind": [[3, 6]], "rightfront": []}}