{"objects": {"2": "bottle-avene_skincare", "3": "tube-shoe_polish", "4": "soap_dish", "5": "soap"}, "semantic_label": {"2": "shampoo_0", "3": "cleanser_0", "4": "soap_dish_0", "5": "soap_0"}, "obj_aabb": {"2": [[-0.32887684400747075, -0.2366445204023938, 0.6223167352383275], [-0.25294579355575875, -0.16073192292818067, 0.8540249299246315]], "3": [[-0.30852818808961285, -0.04949837966463884, 0.622675667066034], [-0.2673268426650907, 0.011909333190290094, 0.7878362337094011]], "4": [[-0.2263394803718188, -0.18893052955603296, 0.6229747169901991], [-0.06624748243726034, -0.028828832208801933, 0.6719676631087714]], "5": [[0.0497281161103128, 0.03525409029937944, 0.6198886363577071], [0.14423235109843424, 0.16001890326758356, 0.6740635375016705]]}, "sizes": {"2": "medium", "3": "medium", "4": "medium", "5": "medium"}, "distances": {"(2, 3)": 0.1171548543306027, "(2, 4)": 0.05642801302675742, "(2, 5)": 0.4113847829048821, "(3, 2)": 0.1171548543306027, "(3, 4)": 0.07148677472920355, "(3, 5)": 0.3527983938045142, "(4, 2)": 0.05642801302675742, "(4, 3)": 0.07147775416369315, "(4, 5)": 0.19818324667852646, "(5, 2)": 0.4113847829048821, "(5, 3)": 0.3527983938045142, "(5, 4)": 0.19818324667852646}, "state": {"2": [[-0.2910336699896563, -0.1986690328565695, 0.7386367877474573], [0.7043740578920842, -0.0032163373220588523, 0.003200400125199137, 0.7098144822289187]], "3": [[-0.2881750840312496, -0.018839265464503506, 0.7053961096359411], [0.7083675439075839, -0.002049129963490822, 0.0020601074536098405, 0.7058377857284275]], "4": [[-0.14606302363466764, -0.10887276320970234, 0.6473364433716992], [-6.683426636133627e-05, 5.412353366314804e-05, 0.7067908633057262, 0.7074225527585125]], "5": [[0.09720413112708919, 0.09769348726146045, 0.6472833511783087], [0.012216891964632067, -0.024995054476507482, -0.6068084014327138, 0.7943611009818617]]}, "pickable_objects": [2, 3, 4, 5], "scene_graph": {"left": [[3, 2]], "right": [[2, 3]], "front": [[2, 4], [3, 4]], "behind": [[4, 2], [4, 3]], "on": [], "under": [], "leftbehind": [[5, 4]], "leftfront": [], "rightbehind": [], "rightfront": [[4, 5]]}}