{"objects": {"2": "bottle-avene_skincare", "3": "tube-skincare_provencale", "4": "soap_dish", "5": "soap"}, "semantic_label": {"2": "shampoo_0", "3": "cleanser_0", "4": "soap_dish_0", "5": "soap_0"}, "obj_aabb": {"2": [[-0.2687026776474975, -0.07211075383460958, 0.6223178263459279], [-0.19278600654572173, 0.0038083981617227716, 0.8540236002592227]], "3": [[0.2701785514183215, 0.1303551299193918, 0.6223678005265653], [0.3125434624963426, 0.19220651132685795, 0.7698149426303241]], "4": [[-0.15863382937146114, -0.019024411356947407, 0.6229755863556916], [0.0013462916113565343, 0.14096187822431766, 0.6719601570107141]], "5": [[-0.10952372082451786, 0.004324147263526243, 0.62613298917213], [-0.0406087016887994, 0.11704877538148308, 0.6793340515424992]]}, "sizes": {"2": "medium", "3": "medium", "4": "medium", "5": "medium"}, "distances": {"(2, 3)": 0.5026897808616044, "(2, 4)": 0.06558203002215009, "(2, 5)": 0.10162882069783143, "(3, 2)": 0.5026897808616044, "(3, 4)": 0.2858435313258988, "(3, 5)": 0.3239492702494392, "(4, 2)": 0.06558203002215009, "(4, 3)": 0.2858435313258988, "(4, 5)": -1.6751507259053517e-05, "(5, 2)": 0.10162882069783143, "(5, 3)": 0.3239492702494392, "(5, 4)": -1.6751507259053517e-05}, "state": {"2": [[-0.230866668361464, -0.03413198246853618, 0.7386366747472983], [0.7043668583789701, -0.003188130937430193, 0.0031900948128693956, 0.7098218001256025]], "3": [[0.2910538445013059, 0.16138011554729728, 0.6961837545268282], [0.7028278416203454, 0.010356273915927304, 0.005967789982279336, 0.7112595574869925]], "4": [[-0.07841332221222162, 0.060975850806974874, 0.6473331164185646], [4.834177660501865e-05, -2.8631660080434526e-05, 0.7070394371705584, 0.7071741165574718]], "5": [[-0.07529779696478796, 0.060689454527300665, 0.6530403565257396], [0.022929796903613346, 0.011158339813178047, 0.7118845414638469, 0.701833395822243]]}, "pickable_objects": [2, 3, 5], "scene_graph": {"left": [], "right": [], "front": [[2, 4], [2, 5], [4, 3]], "behind": [[3, 4], [4, 2], [5, 2]], "on": [[4, 5]], "under": [[5, 4]], "leftbehind": [], "leftfront": [], "rightbehind": [], "rightfront": []}}