{"objects": {"2": "cup-new_york_big", "3": "can-beer_delta", "4": "red_marker", "5": "stapler_1", "6": "glue_2"}, "semantic_label": {"2": "cup_0", "3": "can_drink_0", "4": "marker_0", "5": "stapler_0", "6": "glue_0"}, "obj_aabb": {"2": [[-0.04900501929668949, -0.11842285895770899, 0.6175489989260567], [0.057476479160966584, 0.01594374696106487, 0.7411986002558881]], "3": [[0.12406607937958189, 0.25250845675858885, 0.622458597569108], [0.23617072053304602, 0.36446878431777957, 0.7567028851338203]], "4": [[-0.1376397505416616, -0.1240637498728589, 0.6207965067726391], [-0.0323415677217402, 0.015773887927356622, 0.647722795388664]], "5": [[-0.11587460559915454, -0.37020034022667553, 0.6217671882363234], [-0.07356976338061073, -0.2864799575954498, 0.682268153173017]], "6": [[0.006897090485268709, -0.38387262922229126, 0.6196421599172823], [0.07343213384569358, -0.3145120506064216, 0.7925158840754503]]}, "sizes": {"2": "medium", "3": "medium", "4": "medium", "5": "medium", "6": "medium"}, "distances": {"(2, 3)": 0.3039867537690936, "(2, 4)": 0.025124728013489396, "(2, 5)": 0.19019636679164756, "(2, 6)": 0.20649352353963327, "(3, 2)": 0.3039867537690936, "(3, 4)": 0.33806467781616384, "(3, 5)": 0.6143777363161931, "(3, 6)": 0.6069467905986949, "(4, 2)": 0.02509783234661278, "(4, 3)": 0.33806467781616384, "(4, 5)": 0.17090344952783804, "(4, 6)": 0.2489146879048122, "(5, 2)": 0.19019636679164756, "(5, 3)": 0.6143777363161931, "(5, 4)": 0.17090344952783804, "(5, 6)": 0.09310837865868209, "(6, 2)": 0.20649352353963327, "(6, 3)": 0.6069467905986949, "(6, 4)": 0.2489146879048122, "(6, 5)": 0.09310837865868209}, "state": {"2": [[0.0042177284793532025, -0.051083972415474806, 0.679295270807884], [0.4936753963813507, -0.48188392074041025, -0.5179158376354704, 0.5058020117258483]], "3": [[0.1802449928438511, 0.3088014824128626, 0.6896106774881916], [-0.27548658702850015, 0.6546873325775076, 0.6489740225823826, -0.27262493455877757]], "4": [[-0.08498270207468304, -0.0541531520336956, 0.63415269608923], [-0.004888235229333383, 0.007255436585967399, 0.4692489979235966, 0.8830225601557359]], "5": [[-0.09451047029567257, -0.328330599008915, 0.6518997345120616], [0.004304765111710396, -0.010585575361611815, 0.7047878437359887, 0.709326095610173]], "6": [[0.039990877674170276, -0.349019481523266, 0.703421483418795], [-0.021012922582626485, 0.03486489587146606, -0.7076668778291832, 0.7053725867539113]]}, "pickable_objects": [2, 3, 4, 5, 6], "scene_graph": {"left": [[2, 6], [4, 5]], "right": [[5, 4], [6, 2]], "front": [[4, 2], [5, 6]], "behind": [[2, 4], [6, 5]], "on": [], "under": [], "leftbehind": [[2, 5]], "leftfront": [[4, 6]], "rightbehind": [[6, 4]], "rightfront": [[5, 2]]}}