{"objects": {"2": "cup-stanford", "3": "can-beer_delta", "4": "small_marker", "5": "glue_2", "6": "stapler_2"}, "semantic_label": {"2": "cup_0", "3": "can_drink_0", "4": "marker_0", "5": "glue_0", "6": "stapler_0"}, "obj_aabb": {"2": [[-0.16386870069111364, -0.31288177969961445, 0.6195466071898477], [-0.0684963426854401, -0.1696703171863747, 0.7385109860958436]], "3": [[-0.21880541519053692, 0.006693468654207446, 0.6224523889914396], [-0.10685913606094782, 0.11864182327224562, 0.7567076436678833]], "4": [[0.1778871923462112, -0.10886246065807131, 0.6222451717911495], [0.33442315176014725, -0.08867178733362738, 0.6433390908749428]], "5": [[-0.1445315762017952, -0.08817826054066205, 0.6205066082561816], [-0.06916818329034691, -0.014974590507537987, 0.7919567374564029]], "6": [[-0.24150856252759456, 0.29810552813017505, 0.6217247260075061], [-0.1590346331439571, 0.4218405826483071, 0.6516475271251063]]}, "sizes": {"2": "medium", "3": "medium", "4": "medium", "5": "medium", "6": "medium"}, "distances": {"(2, 3)": 0.2033037675619423, "(2, 4)": 0.2920311730119218, "(2, 5)": 0.10215304046169298, "(2, 6)": 0.4894478952553762, "(3, 2)": 0.2033037675619423, "(3, 4)": 0.3397143152695921, "(3, 5)": 0.07186711583258308, "(3, 6)": 0.20958672846441312, "(4, 2)": 0.2920311730119218, "(4, 3)": 0.3397143152695921, "(4, 5)": 0.2594554413003361, "(4, 6)": 0.5577600783946758, "(5, 2)": 0.10215304046169298, "(5, 3)": 0.0718671158325831, "(5, 4)": 0.2594554413003361, "(5, 6)": 0.35353974139602495, "(6, 2)": 0.4894478952553762, "(6, 3)": 0.20958672846441312, "(6, 4)": 0.5577600783946758, "(6, 5)": 0.35353974139602495}, "state": {"2": [[-0.11645238347202802, -0.2410476521401384, 0.6790378205610738], [0.4868106691904145, -0.5161297893473389, -0.48475879440411623, 0.5115020275214167]], "3": [[-0.16252653008564993, 0.06252472388897157, 0.6896099734571719], [0.28537988403480447, 0.6504557384834972, 0.644388809894985, 0.2832467400417784]], "4": [[0.2561451446296462, -0.09886534602335652, 0.6326375111008099], [0.0006976712610283735, 0.00354490513979412, -0.0006575462713045564, 0.9999932572448988]], "5": [[-0.10700202137640703, -0.051699023230934824, 0.7035700196642481], [-0.03346612691624497, 0.004746253714452742, -0.07303608251987898, 0.9967563504061829]], "6": [[-0.2003038670652529, 0.35999053096533384, 0.6367754649460453], [-0.004322717619117619, 0.01467040207617682, -0.8393986865623476, 0.5433009648553133]]}, "pickable_objects": [2, 3, 4, 5, 6], "scene_graph": {"left": [[3, 5], [5, 2], [6, 3]], "right": [[2, 5], [3, 6], [5, 3]], "front": [[5, 4]], "behind": [[4, 5]], "on": [], "under": [], "leftbehind": [[4, 2]], "leftfront": [], "rightbehind": [], "rightfront": [[2, 4]]}}