{"objects": {"2": "square_plate_2", "3": "cutlery-fork_1", "4": "knife", "5": "plastic_apple", "6": "green_bowl", "7": "glass-new_12"}, "semantic_label": {"2": "plate_0", "3": "fork_0", "4": "knife_0", "5": "fruit_0", "6": "bowl_0", "7": "glass_0"}, "obj_aabb": {"2": [[-0.04344114141821321, -0.2678315754405086, 0.6213232399991042], [0.1420212398485375, -0.08206490700914895, 0.6576061560693773]], "3": [[-0.040250645861178456, -0.40093225500710905, 0.6086011977965132], [0.16221710048174115, -0.35347292330403246, 0.6661117833209999]], "4": [[-0.0377464784068236, 0.010473992679299915, 0.6200108218038675], [0.1832356781136614, 0.03823870356270249, 0.6472696620751596]], "5": [[-0.0034505420317810023, -0.3760814307827505, 0.6206192130267137], [0.11486339048238867, -0.26110535961493303, 0.7055129245596835]], "6": [[-0.22151032157550166, -0.2484082844063913, 0.6221061595771112], [-0.08475877580521594, -0.11299640556315615, 0.683582989065508]], "7": [[-0.007218537712151037, 0.10539895586377637, 0.6229703714008693], [0.09984312669624501, 0.21324669513559855, 0.800441796112925]]}, "sizes": {"2": "medium", "3": "medium", "4": "medium", "5": "medium", "6": "small", "7": "medium"}, "distances": {"(2, 3)": 0.09985788650400965, "(2, 4)": 0.09887766511671442, "(2, 5)": 0.015258193417326102, "(2, 6)": 0.050467699923724504, "(2, 7)": 0.2012370129255884, "(3, 2)": 0.09985788650400965, "(3, 4)": 0.37510182757004235, "(3, 5)": 0.020889390096144718, "(3, 6)": 0.15668360175148888, "(3, 7)": 0.4808601383065797, "(4, 2)": 0.09887766511671442, "(4, 3)": 0.37510182757004235, "(4, 5)": 0.2954891634300628, "(4, 6)": 0.17051365156455292, "(4, 7)": 0.08070174387862573, "(5, 2)": 0.015258193417326102, "(5, 3)": 0.020889390096144725, "(5, 4)": 0.2954891634300628, "(5, 6)": 0.14566367751288256, "(5, 7)": 0.39688892688202454, "(6, 2)": 0.050467699923724504, "(6, 3)": 0.15668360175148888, "(6, 4)": 0.1705136515645529, "(6, 5)": 0.14566367751288256, "(6, 7)": 0.2880171947167254, "(7, 2)": 0.2012370129255884, "(7, 3)": 0.4808601383065797, "(7, 4)": 0.08070174387862575, "(7, 5)": 0.39688892688202454, "(7, 6)": 0.2880171947167254}, "state": {"2": [[0.04923359268436396, -0.17494993782215087, 0.6394173834506316], [-0.0041333164140853005, -0.0032567328491350752, -0.7070744176497145, 0.7071195636466917]], "3": [[0.06096581006949436, -0.37724248341191424, 0.6371802254180863], [0.022057837267313727, 0.5918215219410732, 0.8051986871473856, -0.030262389174802652]], "4": [[0.07272590587621441, 0.024438405654079558, 0.6339362128194567], [0.007253941788388501, -0.012636666406475969, 0.9998938270562506, 0.00017206239229422795]], "5": [[0.0571715769212499, -0.31938507118528975, 0.6273885235446717], [0.02142240161406237, -0.017644595332594274, 0.8769547263823242, -0.4797709420549952]], "6": [[-0.15311303570131243, -0.18078569759592084, 0.6527267855433885], [0.0014711706816203055, -0.004213889447257531, -2.035349875107129e-06, 0.9999900393445973]], "7": [[0.046306287477038736, 0.15937753497020393, 0.7116639855810382], [0.7071555306097234, 2.823816872424293e-05, -2.966996891164584e-05, 0.7070580272158569]]}, "pickable_objects": [2, 3, 4, 5, 6, 7], "scene_graph": {"left": [[2, 5], [4, 2], [7, 4], [2, 3]], "right": [[2, 4], [3, 2], [4, 7], [5, 2]], "front": [[6, 2]], "behind": [[2, 6]], "on": [], "under": [], "leftbehind": [[4, 6], [7, 6]], "leftfront": [[6, 5], [6, 3]], "rightbehind": [[3, 6], [5, 6]], "rightfront": [[6, 4], [6, 7]]}}