{"objects": {"2": "bottle-avene_skincare", "3": "tube-wipp", "4": "soap_dish", "5": "soap"}, "semantic_label": {"2": "shampoo_0", "3": "cleanser_0", "4": "soap_dish_0", "5": "soap_0"}, "obj_aabb": {"2": [[0.13415867029594236, 0.04700536748106444, 0.6223237882897688], [0.21284116175627493, 0.12585822153761525, 0.8540153139748428]], "3": [[-0.16797700668467191, 0.01707685610159161, 0.6222578438253581], [-0.11234329891956274, 0.1007601487623234, 0.8081311279872179]], "4": [[-0.08097567075734782, -0.10938618865960684, 0.62290900337948], [0.07919054983486842, 0.05078840694422291, 0.6720106241170207]], "5": [[-0.03624782393129339, -0.08615126482766516, 0.6257199620853136], [0.033538612308293775, 0.027225412789090277, 0.6797540153473542]]}, "sizes": {"2": "medium", "3": "medium", "4": "medium", "5": "medium"}, "distances": {"(2, 3)": 0.2544803373583485, "(2, 4)": 0.09474674186252412, "(2, 5)": 0.128314544833674, "(3, 2)": 0.2544803373583485, "(3, 4)": 0.06126979351330816, "(3, 5)": 0.09284670129531844, "(4, 2)": 0.09474674186252413, "(4, 3)": 0.06126790510244538, "(4, 5)": -8.197932243572854e-06, "(5, 2)": 0.128314544833674, "(5, 3)": 0.09284670129531844, "(5, 4)": -8.197932243572854e-06}, "state": {"2": [[0.17362130548956903, 0.08640778484962201, 0.7386355343719095], [0.0170736763439509, 0.704175572573755, 0.7097364560194753, 0.010927742833798758]], "3": [[-0.14032801985597662, 0.05893762511042814, 0.7152642534205733], [0.709569734912342, 0.003101036816053544, -0.003128384100924658, 0.7046214501986235]], "4": [[-0.0006621704866152565, -0.029291523350293554, 0.647324975013119], [-4.466015753784097e-05, 0.00030706513291477676, 0.7075484505476827, 0.7066647676544006]], "5": [[-0.0015850170643665641, -0.029463056991872922, 0.6530447223205064], [0.02614860533538044, 0.010672400603058073, 0.7141030509191585, 0.699470644825308]]}, "pickable_objects": [2, 3, 5], "scene_graph": {"left": [], "right": [], "front": [[3, 4], [3, 5], [4, 2]], "behind": [[2, 4], [4, 3], [5, 3]], "on": [[4, 5]], "under": [[5, 4]], "leftbehind": [[2, 5]], "leftfront": [], "rightbehind": [], "rightfront": [[5, 2]]}}