{"objects": {"2": "blue_cup", "3": "can-redbull", "4": "black_marker", "5": "stapler_1", "6": "glue_1"}, "semantic_label": {"2": "cup_0", "3": "can_drink_0", "4": "marker_0", "5": "stapler_0", "6": "glue_0"}, "obj_aabb": {"2": [[-0.1223841444019069, 0.17944808290155229, 0.6229869111060542], [-0.016909850396169622, 0.3146105567275642, 0.7110197320657823]], "3": [[0.003774934558888037, 0.030205894331864366, 0.6213828776483197], [0.06313342546859202, 0.09776947049820865, 0.7660594285413891]], "4": [[-0.04701756660999114, 0.08858489452727672, 0.6209074474632899], [0.10480627832009941, 0.1595814687804328, 0.6471454947398356]], "5": [[0.02522017443254303, -0.20839250707700852, 0.6226546079904145], [0.06687571332625522, -0.12566352633155903, 0.6816045490295475]], "6": [[0.1628339425417114, 0.024796605213866528, 0.6158515874388532], [0.2239247190240508, 0.12412782516481055, 0.7652346772644213]]}, "sizes": {"2": "medium", "3": "medium", "4": "medium", "5": "medium", "6": "medium"}, "distances": {"(2, 3)": 0.12452330186777344, "(2, 4)": 0.07927663948032428, "(2, 5)": 0.32513704447139585, "(2, 6)": 0.24860759085167639, "(3, 2)": 0.12452330186777344, "(3, 4)": 0.02218438322801547, "(3, 5)": 0.164376404014957, "(3, 6)": 0.11057778295578748, "(4, 2)": 0.07927663948032428, "(4, 3)": 0.02218438322801547, "(4, 5)": 0.23104166068726448, "(4, 6)": 0.09068981568963769, "(5, 2)": 0.32513704447139585, "(5, 3)": 0.164376404014957, "(5, 4)": 0.23104166068726448, "(5, 6)": 0.21261134375409646, "(6, 2)": 0.24860759085167639, "(6, 3)": 0.11057778295578748, "(6, 4)": 0.09068981568963769, "(6, 5)": 0.21261134375409646}, "state": {"2": [[-0.07003074517971715, 0.2615231625288461, 0.6628055044337646], [-9.400276129556367e-06, -1.3032218006110817e-06, -0.7032843262020371, 0.7109086836074541]], "3": [[0.03353940215256346, 0.06404920880319463, 0.6936683331821966], [0.7190051252287266, -0.00014321282996140118, 0.00022718790257294055, 0.6950047178045381]], "4": [[0.028914202783195612, 0.12399810485001415, 0.634074930293141], [0.04664569306893731, 0.011667692557868467, 0.1570669373516319, 0.98641675850498]], "5": [[0.04625875249993138, -0.16701970998922958, 0.6520099383403792], [0.0015020194457685272, -0.0025519247523637413, 0.7057936314525678, 0.7084113080821337]], "6": [[0.1932698363229976, 0.07456531880707709, 0.6905541764738725], [0.06616592365752103, -0.0021793994766954477, -0.1381542717715344, 0.9881956880880148]]}, "pickable_objects": [2, 3, 4, 5, 6], "scene_graph": {"left": [[2, 4], [4, 3], [3, 5]], "right": [[3, 4], [4, 2], [5, 3]], "front": [[3, 6], [4, 6]], "behind": [[6, 4], [6, 3]], "on": [], "under": [], "leftbehind": [[6, 5]], "leftfront": [[2, 3], [2, 6]], "rightbehind": [[3, 2], [6, 2]], "rightfront": [[5, 6]]}}