{"objects": {"2": "bottle-avene_skincare", "3": "tube-skincare_provencale", "4": "soap_dish", "5": "soap"}, "semantic_label": {"2": "shampoo_0", "3": "cleanser_0", "4": "soap_dish_0", "5": "soap_0"}, "obj_aabb": {"2": [[-0.2687031765957606, -0.07211072982549714, 0.6223180190059479], [-0.19278594590393452, 0.0038064479938975243, 0.854023347626919]], "3": [[0.2701777487960686, 0.1303546236065371, 0.6223685740418173], [0.3125406192408391, 0.19220526563277263, 0.7698142075073454]], "4": [[-0.15823515517619285, -0.019307549782389022, 0.6229876894717972], [0.0017436130246610837, 0.14067320195640226, 0.6719540514272508]], "5": [[0.23170115597246413, -0.028546391547588493, 0.6203369527434236], [0.35481835259438055, 0.05981833650111672, 0.6735380582659555]]}, "sizes": {"2": "medium", "3": "medium", "4": "medium", "5": "medium"}, "distances": {"(2, 3)": 0.5026894189706735, "(2, 4)": 0.06577668417760087, "(2, 5)": 0.43563574024664364, "(3, 2)": 0.5026894189706735, "(3, 4)": 0.2855368044490069, "(3, 5)": 0.09231994436708536, "(4, 2)": 0.06577668417760087, "(4, 3)": 0.2855368044490069, "(4, 5)": 0.24174177071134043, "(5, 2)": 0.43563574024664364, "(5, 3)": 0.09231994436708536, "(5, 4)": 0.24174177071134043}, "state": {"2": [[-0.23086688846879586, -0.03413294925062238, 0.7386366446632024], [0.7043697736346132, -0.0031892645884329315, 0.0031904373459802817, 0.7098189006294846]], "3": [[0.2910520172383673, 0.16137923157762574, 0.6961837679075669], [0.7028316485209926, 0.010356145011187238, 0.005983798872889142, 0.7112556630697714]], "4": [[-0.07801532252890059, 0.06068993098027396, 0.6473361177397039], [8.095540114459923e-06, 1.594156035260423e-06, 0.7070408957896518, 0.7071726603969413]], "5": [[0.2933128448779261, 0.015861396301172323, 0.6472443520818301], [0.02307757188902632, -0.0108899281970269, -0.10185057683945041, 0.9944723702230452]]}, "pickable_objects": [2, 3, 4, 5], "scene_graph": {"left": [[3, 5]], "right": [[5, 3]], "front": [[2, 4], [4, 5], [4, 3]], "behind": [[3, 4], [4, 2], [5, 4]], "on": [], "under": [], "leftbehind": [], "leftfront": [], "rightbehind": [], "rightfront": []}}