{"objects": {"2": "bottle-avene_skincare", "3": "tube-signal", "4": "soap_dish", "5": "soap"}, "semantic_label": {"2": "shampoo_0", "3": "cleanser_0", "4": "soap_dish_0", "5": "soap_0"}, "obj_aabb": {"2": [[-0.2931830483529456, -0.3803056435124032, 0.622326555721465], [-0.2034367828004716, -0.2897761572561894, 0.8540116353231415]], "3": [[0.25036321567826003, -0.10111869444663585, 0.6229297834122285], [0.3034597754731553, -0.04204982527831516, 0.7746146296532606]], "4": [[-0.06362433451849528, -0.11401121048932522, 0.622989010647976], [0.09667309809521121, 0.04628844864524836, 0.6719534522415852]], "5": [[0.09206090807697738, -0.1273754644889091, 0.6198678631211547], [0.22101852030390506, -0.004339397707316332, 0.6740124289008638]]}, "sizes": {"2": "medium", "3": "medium", "4": "medium", "5": "medium"}, "distances": {"(2, 3)": 0.5382024236864953, "(2, 4)": 0.28735963391062824, "(2, 5)": 0.4122062328382463, "(3, 2)": 0.5382024236864953, "(3, 4)": 0.1692201054767977, "(3, 5)": 0.0530935621184396, "(4, 2)": 0.28735963391062824, "(4, 3)": 0.1692201054767977, "(4, 5)": 0.012633913830088477, "(5, 2)": 0.4122062328382463, "(5, 3)": 0.0530935621184396, "(5, 4)": 0.012633913830088477}, "state": {"2": [[-0.24819474303164835, -0.33508608607379914, 0.738635084560285], [0.07985222451773367, 0.6998594462454657, 0.7059087265812308, 0.07425124562608271]], "3": [[0.2767729558776366, -0.07135567816629056, 0.6989305075231547], [-0.18150263350495446, 0.6829176764064068, 0.6839479324833614, -0.18137107524127385]], "4": [[0.01675481539640175, -0.03385373190657463, 0.6473364829757322], [-3.850802346206544e-06, 1.970672495513167e-07, 0.7078783757481685, 0.7063343437305504]], "5": [[0.15638610867873842, -0.06602861417104168, 0.6472481898975831], [0.0198858085296428, 0.020980766369877717, 0.9369947714808959, 0.3481453148889393]]}, "pickable_objects": [2, 3, 4, 5], "scene_graph": {"left": [], "right": [], "front": [[4, 5], [5, 3]], "behind": [[3, 5], [5, 4]], "on": [], "under": [], "leftbehind": [[4, 2]], "leftfront": [], "rightbehind": [], "rightfront": [[2, 4]]}}