{"objects": {"2": "cup-red_heart", "3": "can-hoegaarden", "4": "black_marker", "5": "glue_2", "6": "stapler_1"}, "semantic_label": {"2": "cup_0", "3": "can_drink_0", "4": "marker_0", "5": "glue_0", "6": "stapler_0"}, "obj_aabb": {"2": [[0.14973108161502108, -0.17255098378201103, 0.6227064400130661], [0.25865959410120304, -0.029082647518413357, 0.7189935946036955]], "3": [[0.010717648220068043, -0.13017197295631258, 0.6217226539453647], [0.0900896599151197, -0.04903291871473575, 0.7570109849255787]], "4": [[0.11868638728339392, 0.1587735763892705, 0.6209465142875689], [0.24366671179383076, 0.2833953189626183, 0.6471083209949792]], "5": [[0.17953403724280925, 0.14696992172981446, 0.6196420751367365], [0.24606704999754148, 0.21632719988491386, 0.7925158883436317]], "6": [[-0.03094033967676591, 0.24025484692199187, 0.6217935072803387], [0.02517956988140614, 0.3299701567081826, 0.6822144169089261]]}, "sizes": {"2": "medium", "3": "medium", "4": "medium", "5": "medium", "6": "medium"}, "distances": {"(2, 3)": 0.06482923801988956, "(2, 4)": 0.20913123283675922, "(2, 5)": 0.18493670303870877, "(2, 6)": 0.3293540370549004, "(3, 2)": 0.06482923801988956, "(3, 4)": 0.23112915662701103, "(3, 5)": 0.24905960086077367, "(3, 6)": 0.30182600046477465, "(4, 2)": 0.20913123283675922, "(4, 3)": 0.23112915662701103, "(4, 5)": 0.009492716751612318, "(4, 6)": 0.12879100913788744, "(5, 2)": 0.18493670303870877, "(5, 3)": 0.24905960086077367, "(5, 4)": 0.009492716751612318, "(5, 6)": 0.17741805784670106, "(6, 2)": 0.3293540370549004, "(6, 3)": 0.30182600046477465, "(6, 4)": 0.12879100913788744, "(6, 5)": 0.17741805784670106}, "state": {"2": [[0.20420789325499225, -0.10092524727870585, 0.670912908661188], [0.49904767932591615, 0.4998912811561988, 0.5001051942934462, 0.5009540052980378]], "3": [[0.050237156920905156, -0.08972875179480677, 0.6894254175656187], [0.701832680895907, 0.0025252730154728792, -0.002551384968290809, 0.712332788419433]], "4": [[0.18112053139307274, 0.22115128587527694, 0.634076150369877], [-0.021543687868555744, 0.04122153723998585, 0.9230780751848148, -0.3817898918170728]], "5": [[0.2126267878727989, 0.1818214066205387, 0.7034214437342013], [-0.02101611237664214, 0.03486557056805671, -0.7076507287761608, 0.705388659585696]], "6": [[-0.0026757898559863803, 0.28516223555274156, 0.6518835857246863], [0.009803998986353436, -0.006278871233217093, 0.7694570347650674, 0.6385924592652673]]}, "pickable_objects": [2, 3, 4, 5, 6], "scene_graph": {"left": [[5, 2], [4, 2]], "right": [[2, 5], [2, 4]], "front": [[3, 2], [6, 4]], "behind": [[2, 3], [4, 6]], "on": [], "under": [], "leftbehind": [[4, 3], [5, 3]], "leftfront": [[4, 5], [6, 5]], "rightbehind": [[5, 4], [5, 6]], "rightfront": [[3, 4], [3, 5]]}}