{"objects": {"2": "bottle-avene_skincare", "3": "tube-signal", "4": "soap_dish", "5": "soap"}, "semantic_label": {"2": "shampoo_0", "3": "cleanser_0", "4": "soap_dish_0", "5": "soap_0"}, "obj_aabb": {"2": [[-0.1546689243160827, -0.15537541808869976, 0.6223187266113701], [-0.07876687561878312, -0.07947177466665498, 0.8540150779946516]], "3": [[-0.1309067026910675, 0.023889783976684235, 0.6229297054073871], [-0.09755182821215079, 0.07286425116303788, 0.7746149259682987]], "4": [[-0.06401848914651294, -0.11473449544072012, 0.6229366041280677], [0.09606048101467433, 0.04537629067201781, 0.6720043969426748]], "5": [[-0.01968099051099917, -0.09136684695436012, 0.6259707278799391], [0.04963001515558334, 0.022031903393079928, 0.679610394588879]]}, "sizes": {"2": "medium", "3": "medium", "4": "medium", "5": "medium"}, "distances": {"(2, 3)": 0.10951536454949617, "(2, 4)": 0.04261807221818327, "(2, 5)": 0.07500741514107846, "(3, 2)": 0.10951536454949612, "(3, 4)": 0.061029150806518065, "(3, 5)": 0.09221433428137922, "(4, 2)": 0.04261807221818327, "(4, 3)": 0.06102915080651804, "(4, 5)": -4.178780194953385e-05, "(5, 2)": 0.07500741514107846, "(5, 3)": 0.09221433428137923, "(5, 4)": -4.178780194953385e-05}, "state": {"2": [[-0.1168401961190061, -0.11740443148505064, 0.7386328729065811], [0.7043904696376394, -0.0031664905609440335, 0.0031661245287484823, 0.7097985737352969]], "3": [[-0.114222318438093, 0.048109807784817556, 0.6989305961765883], [0.7066516222753357, 0.00024782406566108454, -0.00022793444970786614, 0.7075615671902731]], "4": [[0.01625145415166651, -0.03467222736734708, 0.6473357524401977], [-0.0002322324591738119, 0.0002139869072448941, 0.7068204950574436, 0.7073928809681639]], "5": [[0.01474141316601239, -0.03466788070280787, 0.6530962636221374], [0.023587070155953304, 0.007021370360573694, 0.7138941061744908, 0.6998210883140366]]}, "pickable_objects": [2, 3, 5], "scene_graph": {"left": [[3, 2]], "right": [[2, 3]], "front": [[2, 4], [2, 5], [3, 4], [3, 5]], "behind": [[4, 2], [5, 2], [4, 3], [5, 3]], "on": [[4, 5]], "under": [[5, 4]], "leftbehind": [], "leftfront": [], "rightbehind": [], "rightfront": []}}