{"objects": {"2": "square_plate_3", "3": "cutlery-fork_1_new", "4": "cutlery-knife_1_new", "5": "plastic_lemon", "6": "green_bowl", "7": "glass-new_1"}, "semantic_label": {"2": "plate_0", "3": "fork_0", "4": "knife_0", "5": "fruit_0", "6": "bowl_0", "7": "glass_0"}, "obj_aabb": {"2": [[0.04523091956065131, -0.14800228405547128, 0.6229762263841905], [0.22983352787793046, 0.03528605160756097, 0.6552602796287363]], "3": [[-0.29098034633884706, -0.08991341670739023, 0.6183118201016757], [-0.1764782417039667, 0.10015754512775038, 0.6482757684707801]], "4": [[0.05390205474669592, 0.12106574398748252, 0.6228066287891254], [0.2659093760475705, 0.1485763821854534, 0.6331353188633995]], "5": [[0.09950499391955972, -0.09716645288325938, 0.6110374109413552], [0.1896996840044093, 0.0004471280807849115, 0.7171677797559315]], "6": [[-0.12452096361229885, -0.1293642670840719, 0.6221382753273439], [0.012212363335634038, 0.006041753109798466, 0.6835602813610218]], "7": [[0.08534284719866855, 0.21123812523743393, 0.6200515192349634], [0.18425961592607795, 0.3168538833730171, 0.7618999048848991]]}, "sizes": {"2": "medium", "3": "medium", "4": "medium", "5": "medium", "6": "small", "7": "medium"}, "distances": {"(2, 3)": 0.23607336183531433, "(2, 4)": 0.09200131665047849, "(2, 5)": -9.822000887794655e-06, "(2, 6)": 0.04211299211371099, "(2, 7)": 0.18941710461264682, "(3, 2)": 0.23607336183531433, "(3, 4)": 0.3062489732844378, "(3, 5)": 0.3009430332972704, "(3, 6)": 0.0762080795450663, "(3, 7)": 0.39166005224739164, "(4, 2)": 0.09200131665047849, "(4, 3)": 0.30624897328443784, "(4, 5)": 0.14462347035909953, "(4, 6)": 0.15857400582812636, "(4, 7)": 0.08265753690521963, "(5, 2)": -9.82754353271928e-06, "(5, 3)": 0.3009430332972704, "(5, 4)": 0.14462347035909953, "(5, 6)": 0.10142420419515599, "(5, 7)": 0.23510920652711592, "(6, 2)": 0.04211299211371099, "(6, 3)": 0.0762080795450663, "(6, 4)": 0.15857400582812636, "(6, 5)": 0.10142420419515599, "(6, 7)": 0.2660784388614452, "(7, 2)": 0.18941710461264682, "(7, 3)": 0.39166005224739164, "(7, 4)": 0.08265753690521963, "(7, 5)": 0.23510920652711592, "(7, 6)": 0.2660784388614452}, "state": {"2": [[0.13752204719004524, -0.056131311188203234, 0.6393414520150561], [2.9295066390135285e-05, 3.536225001067885e-05, 0.7071068955431711, 0.7071066653388366]], "3": [[-0.23372067569221194, 0.005143049808962208, 0.6332316964374927], [0.3870299521302147, 0.5985629868389462, 0.5996542672122652, 0.3637924226185097]], "4": [[0.15997381023040608, 0.13471478579465596, 0.6279898570486749], [-0.00026359090697659606, 0.7044843283901446, 0.7097194372604546, 0.00028626425604599294]], "5": [[0.14797341056578928, -0.05382959853468199, 0.6250874777156588], [0.2656557597940386, 0.11462539225338864, -0.004039400275222584, 0.9572208313573338]], "6": [[-0.05613282341297762, -0.06174462095599623, 0.6527314909864107], [0.0014229529546415888, -0.004059933423494171, -2.02846157850577e-06, 0.9999907460278675]], "7": [[0.13474824289347745, 0.2638717770393346, 0.6909069739169065], [0.7241616378001922, 0.00013307924877192567, -0.00021772456201168565, 0.6896302322436801]]}, "pickable_objects": [3, 4, 5, 6, 7], "scene_graph": {"left": [[4, 2], [4, 5], [7, 4]], "right": [[4, 7], [2, 4], [5, 4]], "front": [[3, 6], [6, 2], [6, 5]], "behind": [[2, 6], [5, 6], [6, 3]], "on": [[2, 5]], "under": [[5, 2]], "leftbehind": [], "leftfront": [], "rightbehind": [], "rightfront": []}}