{"objects": {"2": "cup-yellow_white_border", "3": "can-redbull", "4": "black_marker", "5": "stapler_1", "6": "glue_1"}, "semantic_label": {"2": "cup_0", "3": "can_drink_0", "4": "marker_0", "5": "stapler_0", "6": "glue_0"}, "obj_aabb": {"2": [[-0.21149829696393369, 0.0791210198906511, 0.6227887392007914], [-0.03489580447781375, 0.2393057776419407, 0.7621515091735287]], "3": [[-0.036964189148055285, -0.08390536493901424, 0.6213769733182934], [0.022399634154832048, -0.01632258336676263, 0.7660626513550717]], "4": [[0.003924255853210101, -0.19934548234494792, 0.620993141476486], [0.155521524018046, -0.17353701756268747, 0.6470614769630127]], "5": [[-0.23879269270753906, -0.2868151434297225, 0.6218045447182498], [-0.16530898642710307, -0.193816547591302, 0.6820998062584361]], "6": [[0.11955862773525985, -0.3761235297894568, 0.6162511359872815], [0.16062385561535278, -0.28623974079100806, 0.7646772073894679]]}, "sizes": {"2": "medium", "3": "medium", "4": "medium", "5": "medium", "6": "medium"}, "distances": {"(2, 3)": 0.16224331828549243, "(2, 4)": 0.3204000011396277, "(2, 5)": 0.3113492827980654, "(2, 6)": 0.4807069100281504, "(3, 2)": 0.16224331828549243, "(3, 4)": 0.10151785990617103, "(3, 5)": 0.20216816167223614, "(3, 6)": 0.25976035745184367, "(4, 2)": 0.3204000011396277, "(4, 3)": 0.10151785990617103, "(4, 5)": 0.17773294643658677, "(4, 6)": 0.10828863156253454, "(5, 2)": 0.3113492827980654, "(5, 3)": 0.20216816167223614, "(5, 4)": 0.17773294643658677, "(5, 6)": 0.309147284369744, "(6, 2)": 0.4807069100281504, "(6, 3)": 0.25976035745184367, "(6, 4)": 0.10828863156253454, "(6, 5)": 0.309147284369744}, "state": {"2": [[-0.12308762672113709, 0.15906611629455591, 0.6923969138624522], [-0.1636788055269379, 0.6888630785236605, 0.6870469123111802, -0.16322820819899245]], "3": [[-0.007197055084315285, -0.05005243926401822, 0.6936670027688683], [0.7190496984610593, -0.00014594505709937023, 0.0002445587387956033, 0.6949585959135431]], "4": [[0.07971570126656284, -0.18652796644232322, 0.6340763890528293], [0.04431644196109738, 0.004217259896176007, 0.002154303448379071, 0.9990063196334291]], "5": [[-0.2018558009979716, -0.24039723750591827, 0.6518331866412269], [0.003987568219719721, -0.009932982468438406, 0.5327552898572732, 0.8462016522603035]], "6": [[0.14022446598520363, -0.33125164976619237, 0.6904736912356508], [-0.004908418044605944, 0.05857882592322304, 0.9982670589286264, 0.002703265385862135]]}, "pickable_objects": [2, 3, 4, 5, 6], "scene_graph": {"left": [[2, 3], [3, 4], [4, 6]], "right": [[3, 2], [4, 3], [6, 4]], "front": [[5, 4]], "behind": [[4, 5]], "on": [], "under": [], "leftbehind": [[3, 5]], "leftfront": [[3, 6]], "rightbehind": [[6, 3]], "rightfront": [[5, 3]]}}