{"objects": {"2": "round_plate_2", "3": "cutlery-fork_2_new", "4": "cutlery-knife_2_new", "5": "plastic_peach", "6": "doraemon_bowl", "7": "glass-new_1"}, "semantic_label": {"2": "plate_0", "3": "fork_0", "4": "knife_0", "5": "fruit_0", "6": "bowl_0", "7": "glass_0"}, "obj_aabb": {"2": [[-0.0670833828811958, -0.016559952351420368, 0.6197587863637236], [0.1253765498247606, 0.17545249769693982, 0.6589949717640285]], "3": [[-0.054722832178545504, -0.10060237980399125, 0.6177891480370843], [0.1315009565862866, -0.06914086037183112, 0.649213036538546]], "4": [[-0.11732712781291664, -0.4235658602627289, 0.6228535824521461], [0.09321063032443887, -0.33133583514624376, 0.6339908101151114]], "5": [[-0.02264216141912629, 0.0339211874184239, 0.6156897338662994], [0.08530162294966154, 0.1328699879143491, 0.7319903046912402]], "6": [[-0.20424676437832118, -0.015671116358255466, 0.6212760500774845], [-0.06630763553995152, 0.1653684102305877, 0.686651329806905]], "7": [[-0.007422795995615107, -0.29021147157875377, 0.6200541623342635], [0.11113723217281568, -0.16636401014519858, 0.7619005108258647]]}, "sizes": {"2": "medium", "3": "medium", "4": "medium", "5": "medium", "6": "small", "7": "medium"}, "distances": {"(2, 3)": 0.06443843253836348, "(2, 4)": 0.34364284310626164, "(2, 5)": -1.757714070947311e-05, "(2, 6)": 0.010482631622459554, "(2, 7)": 0.1790137225706334, "(3, 2)": 0.06443843253836348, "(3, 4)": 0.24810844510794888, "(3, 5)": 0.12696265513762212, "(3, 6)": 0.09058996207267982, "(3, 7)": 0.10602270563779169, "(4, 2)": 0.34364284310626164, "(4, 3)": 0.24810844510794888, "(4, 5)": 0.4054336300495788, "(4, 6)": 0.32920108732892145, "(4, 7)": 0.11774576606192208, "(5, 2)": -1.7577140709472677e-05, "(5, 3)": 0.12696265513762212, "(5, 4)": 0.4054336300495788, "(5, 6)": 0.06447789130834873, "(5, 7)": 0.23229292428188103, "(6, 2)": 0.010482631622459554, "(6, 3)": 0.09058996207267982, "(6, 4)": 0.32920108732892145, "(6, 5)": 0.06447789130834873, "(6, 7)": 0.22999765186984827, "(7, 2)": 0.1790137225706334, "(7, 3)": 0.10602270563779169, "(7, 4)": 0.11774576606192208, "(7, 5)": 0.23229292428188103, "(7, 6)": 0.22999765186984827}, "state": {"2": [[0.029142544142286807, 0.0796063132903787, 0.6396886765170462], [0.00954263254593057, -0.0050900159343625715, -0.7070706805449272, 0.707060169020724]], "3": [[0.03868128741046624, -0.08487552861792781, 0.6334558506273745], [0.013084736006761329, 0.7065476563796241, 0.7074123448952182, -0.013673815778447201]], "4": [[-0.011815811181829592, -0.3773623058204521, 0.628367811435892], [0.6959210879218679, -0.11328916546290135, -0.11347878361080675, 0.6999871213419393]], "5": [[0.034932615530408946, 0.0848154679256214, 0.6349430635542499], [0.11209745580247954, 0.1834244307008049, -0.010536363337681594, 0.9765647053177342]], "6": [[-0.13533719887708018, 0.07484912123065716, 0.65395661293108], [-0.0002760495991157537, 0.006033844194062219, 0.7070910391025168, 0.707096725308344]], "7": [[0.05176923088054132, -0.2284471732613777, 0.6909085802512157], [0.720245659201592, -0.07546158548221522, -0.07213714199725586, 0.6858191979394003]]}, "pickable_objects": [3, 4, 5, 6, 7], "scene_graph": {"left": [[3, 7], [7, 4], [2, 3]], "right": [[3, 2], [4, 7], [7, 3]], "front": [[6, 2], [6, 5]], "behind": [[2, 6], [5, 6]], "on": [[2, 5]], "under": [[5, 2]], "leftbehind": [], "leftfront": [[6, 3]], "rightbehind": [[3, 6]], "rightfront": []}}