{"objects": {"2": "bottle-avene_skincare", "3": "tube-skincare_hydralist", "4": "soap_dish", "5": "soap"}, "semantic_label": {"2": "shampoo_0", "3": "cleanser_0", "4": "soap_dish_0", "5": "soap_0"}, "obj_aabb": {"2": [[0.0830165227956684, -0.0070557894421823045, 0.6223256509003089], [0.19012054652860894, 0.09771711351365756, 0.8540128225176692]], "3": [[-0.23780358478173122, -0.06438982094574941, 0.6225166129474984], [-0.19387505840824484, 0.004291784726332088, 0.7688280452007767]], "4": [[-0.17720168337318887, -0.18362343180224816, 0.6229708549074255], [-0.01721730156046128, -0.023634175476918595, 0.6719671415589761]], "5": [[-0.13261692697344934, -0.16030302048942563, 0.6256884325284499], [-0.06317572988503967, -0.047124275284385564, 0.6797949963674143]]}, "sizes": {"2": "medium", "3": "medium", "4": "medium", "5": "medium"}, "distances": {"(2, 3)": 0.30446320606225147, "(2, 4)": 0.16283805402930457, "(2, 5)": 0.19664993273045073, "(3, 2)": 0.30446320606225147, "(3, 4)": 0.040378366764825105, "(3, 5)": 0.07243709421394187, "(4, 2)": 0.16283805402930457, "(4, 3)": 0.040378366764825105, "(4, 5)": -1.2115989899846163e-05, "(5, 2)": 0.19664993273045073, "(5, 3)": 0.07243709421394187, "(5, 4)": -1.2115989899846163e-05}, "state": {"2": [[0.13666373840431015, 0.04540968183437002, 0.7386352242239412], [-0.2870612450400559, 0.6432461958061553, 0.6456174560870621, -0.2949716487607458]], "3": [[-0.21568103879207048, -0.03001943234529293, 0.6957416202644522], [0.7041457927971819, 0.0007170211852066959, -0.0006994658310366954, 0.7100547155777499]], "4": [[-0.09697905531844309, -0.10362162835278926, 0.6473342297614816], [-1.9293113981281085e-05, 7.424034094584253e-05, 0.7071781408235495, 0.7070354101864316]], "5": [[-0.09812649007838423, -0.10371304747793213, 0.653049634224031], [0.026520938965734826, 0.010843382491741594, 0.712894066106905, 0.7006861718073772]]}, "pickable_objects": [2, 3, 5], "scene_graph": {"left": [], "right": [], "front": [[3, 4], [3, 5]], "behind": [[4, 3], [5, 3]], "on": [[4, 5]], "under": [[5, 4]], "leftbehind": [[2, 4], [2, 5]], "leftfront": [], "rightbehind": [], "rightfront": [[4, 2], [5, 2]]}}