{"objects": {"2": "round_plate_3", "3": "cutlery-fork_2_new", "4": "cutlery-knife_3_new", "5": "plastic_apple", "6": "green_bowl", "7": "glass-new_12"}, "semantic_label": {"2": "plate_0", "3": "fork_0", "4": "knife_0", "5": "fruit_0", "6": "bowl_0", "7": "glass_0"}, "obj_aabb": {"2": [[0.10166223482531037, -0.29822193289864585, 0.6200053027127721], [0.29383136922341735, -0.10611899699763237, 0.6585896164146929]], "3": [[-0.3169920062447352, 0.12338248914722687, 0.6177875945485749], [-0.19458965216654434, 0.2992361178546326, 0.6492155496631167]], "4": [[-0.35794298333844693, -0.3702968838869458, 0.6213681847980755], [-0.14014347540271888, -0.2835592196688428, 0.6346181686995108]], "5": [[-0.32948850846357325, -0.4465709059890287, 0.6217186780920864], [-0.214312019489722, -0.32963660616066415, 0.7039381786815296]], "6": [[-0.07834887762750184, -0.2755666478974864, 0.6221062766678115], [0.05840198539522981, -0.14015546497700626, 0.6835799911105934]], "7": [[-0.06647334013162379, 0.07210591625407886, 0.6229678030484701], [0.04058535365750997, 0.179964988735829, 0.8004442141338838]]}, "sizes": {"2": "medium", "3": "medium", "4": "medium", "5": "medium", "6": "small", "7": "medium"}, "distances": {"(2, 3)": 0.5023878302878976, "(2, 4)": 0.2628778769092376, "(2, 5)": 0.3710408015110101, "(2, 6)": 0.05303244206850304, "(2, 7)": 0.2539860237260092, "(3, 2)": 0.5023878302878976, "(3, 4)": 0.44386299070583823, "(3, 5)": 0.48299494418530026, "(3, 6)": 0.3829027710759179, "(3, 7)": 0.19363095884087655, "(4, 2)": 0.2628778769092376, "(4, 3)": 0.44386299070583823, "(4, 5)": 0.015797029391246255, "(4, 6)": 0.10323194588457957, "(4, 7)": 0.391884968068606, "(5, 2)": 0.3710408015110101, "(5, 3)": 0.48299494418530026, "(5, 4)": 0.015797029391246255, "(5, 6)": 0.21251548999330155, "(5, 7)": 0.49366531450173406, "(6, 2)": 0.05303244206850304, "(6, 3)": 0.3829027710759179, "(6, 4)": 0.10323194588457957, "(6, 5)": 0.21251548999330155, "(6, 7)": 0.23005601051713814, "(7, 2)": 0.2539860237260092, "(7, 3)": 0.19363095884087655, "(7, 4)": 0.391884968068606, "(7, 5)": 0.49366531450173406, "(7, 6)": 0.23005601051713814}, "state": {"2": [[0.19773821419424592, -0.20190233671884408, 0.6394709134036861], [0.006970211481524124, -0.005424281833925763, 0.9999609372576164, -0.00034245781998554117]], "3": [[-0.2559443249243869, 0.21106060754292771, 0.6334563278728879], [0.6211231377413555, 0.3369631370352035, 0.36070388487527966, 0.608731960289263]], "4": [[-0.2488629872739306, -0.32687288657752667, 0.6280787171139882], [0.7018868290895475, 0.1046995485169376, 0.09619926159268166, 0.6979531400889265]], "5": [[-0.2708944548630359, -0.3857605335583151, 0.6272031801137694], [-0.01489575281524888, -0.0011802510435635345, -0.2911074382373379, 0.9565736683384274]], "6": [[-0.009951934490110946, -0.20794441039291253, 0.652725345813798], [0.001465461393365723, -0.004208095737841154, -2.0086877635526845e-06, 0.9999900721252841]], "7": [[-0.012949999481059318, 0.12609016463845735, 0.7116639137792592], [0.7071779367386901, 2.1851623395963124e-05, -2.3864867900967115e-05, 0.7070356177329286]]}, "pickable_objects": [2, 3, 4, 5, 6, 7], "scene_graph": {"left": [[4, 5], [7, 6]], "right": [[5, 4], [6, 7]], "front": [[3, 7], [4, 6], [6, 2]], "behind": [[2, 6], [6, 4], [7, 3]], "on": [], "under": [], "leftbehind": [[6, 5]], "leftfront": [[7, 2]], "rightbehind": [[2, 7]], "rightfront": [[5, 6]]}}