{"objects": {"2": "cup-red_heart", "3": "can-hoegaarden", "4": "red_marker", "5": "glue_2", "6": "stapler_1"}, "semantic_label": {"2": "cup_0", "3": "can_drink_0", "4": "marker_0", "5": "glue_0", "6": "stapler_0"}, "obj_aabb": {"2": [[0.17620293119661004, -0.22053315604659912, 0.6227064400130661], [0.285131443682792, -0.0770648197830016, 0.7189935946036955]], "3": [[0.02619014560362877, -0.17735419233377137, 0.6217226539453646], [0.10556215729868045, -0.09621513809219451, 0.7570109849255788]], "4": [[0.16053157626805636, 0.014166801579816151, 0.6207950855111107], [0.3128865892819977, 0.038641838996803686, 0.6477157639657535]], "5": [[0.2066058514897455, 0.11918655986524256, 0.6196420751367365], [0.27313886424447764, 0.1885438380203422, 0.7925158883436317]], "6": [[0.024582075032318573, -0.3869975424647543, 0.6220658599717537], [0.11130059067178957, -0.33789717671751046, 0.6819503738891404]]}, "sizes": {"2": "medium", "3": "medium", "4": "medium", "5": "medium", "6": "medium"}, "distances": {"(2, 3)": 0.07579452080793254, "(2, 4)": 0.1025436027986747, "(2, 5)": 0.20512396176028738, "(2, 6)": 0.18023442632384912, "(3, 2)": 0.07579452080793254, "(3, 4)": 0.14696943622525357, "(3, 5)": 0.2716579467407064, "(3, 6)": 0.16930269720436067, "(4, 2)": 0.1025436027986747, "(4, 3)": 0.14696943622525357, "(4, 5)": 0.08798457614537458, "(4, 6)": 0.37002952090378755, "(5, 2)": 0.20512396176028738, "(5, 3)": 0.2716579467407064, "(5, 4)": 0.08798457614537458, "(5, 6)": 0.4884132643918653, "(6, 2)": 0.18023442632384912, "(6, 3)": 0.16930269720436067, "(6, 4)": 0.37002952090378755, "(6, 5)": 0.4884132643918653}, "state": {"2": [[0.2306797428365812, -0.148907419543294, 0.670912908661188], [0.49904767932591587, 0.4998912811561986, 0.5001051942934464, 0.5009540052980377]], "3": [[0.06570965430446589, -0.13691097117226553, 0.6894254175656187], [0.701832680895907, 0.002525273015472884, -0.002551384968290926, 0.712332788419433]], "4": [[0.23671143541424083, 0.02641501859423998, 0.6341484187473457], [-0.008604137146242379, 0.0014015993981065535, 0.9999618474510573, 0.0005549642910190887]], "5": [[0.2396986021197351, 0.1540380447559669, 0.7034214437342013], [-0.021016112376641416, 0.03486557056805726, -0.7076507287761605, 0.7053886595856962]], "6": [[0.06793172313463522, -0.3626583112759118, 0.6518888270054412], [-0.0017082751467796134, -0.00823155837769532, -0.04734512066261831, 0.9988432123171983]]}, "pickable_objects": [2, 3, 4, 5, 6], "scene_graph": {"left": [[3, 6], [4, 2], [5, 4]], "right": [[2, 4], [4, 5], [6, 3]], "front": [[3, 2]], "behind": [[2, 3]], "on": [], "under": [], "leftbehind": [[2, 6], [4, 3], [5, 3]], "leftfront": [], "rightbehind": [], "rightfront": [[3, 4], [6, 2], [3, 5]]}}