{"objects": {"2": "soap_dish", "3": "soap", "4": "bottle-avene_skincare", "5": "tube-signal_pokemon"}, "semantic_label": {"2": "soap_dish_0", "3": "soap_0", "4": "shampoo_0", "5": "cleanser_0"}, "obj_aabb": {"2": [[-0.0003483271731401505, -0.1921045276622652, 0.6229501667145891], [0.15961515605603924, -0.032124866949096886, 0.6719891412488119]], "3": [[0.051515725207852484, -0.16785827369408948, 0.6254765905060989], [0.11872432802433812, -0.0543146324255813, 0.6803477188208996]], "4": [[0.03401838965494344, -0.014313056432609394, 0.6223198116712794], [0.10991590928952452, 0.06158664538755, 0.8540135148854802]], "5": [[0.05197602981011745, 0.10082222852139311, 0.6227950870771931], [0.09177132356623452, 0.16140073887816758, 0.7899738574152312]]}, "sizes": {"2": "medium", "3": "medium", "4": "medium", "5": "medium"}, "distances": {"(2, 3)": -1.5145796196184766e-05, "(2, 4)": 0.02248110574680754, "(2, 5)": 0.14694712934196782, "(3, 2)": -1.5145796196191705e-05, "(3, 4)": 0.0462009501907493, "(3, 5)": 0.1708832707180222, "(4, 2)": 0.02248110574680754, "(4, 3)": 0.04620095019074929, "(4, 5)": 0.04557954848207834, "(5, 2)": 0.14694712934196782, "(5, 3)": 0.1708832707180222, "(5, 4)": 0.04557954848207834}, "state": {"2": [[0.07986387685376889, -0.11210761722333173, 0.6473349236807048], [-0.00016860312593008577, 0.00010101250184934531, 0.7070835416542132, 0.7071299926401051]], "3": [[0.08488227889913597, -0.11108999569190108, 0.6532142354582829], [0.025358940670861915, -0.005757388215040172, 0.7094900484563071, 0.7042355058859643]], "4": [[0.07184486144182957, 0.023655949725168702, 0.7386326364098971], [0.7043972685158668, -0.003158032097778944, 0.0031620938278143335, 0.709791882246676]], "5": [[0.0718339145333396, 0.1310557307887663, 0.7062733972293272], [0.7061653540824929, -0.0011008543053802576, 0.001086289735519703, 0.7080452674709126]]}, "pickable_objects": [3, 4, 5], "scene_graph": {"left": [[4, 2], [4, 3], [5, 4]], "right": [[2, 4], [3, 4], [4, 5]], "front": [], "behind": [], "on": [[2, 3]], "under": [[3, 2]], "leftbehind": [], "leftfront": [], "rightbehind": [], "rightfront": []}}