{"objects": {"2": "soap_dish", "3": "soap", "4": "bottle-avene_skincare", "5": "tube-signal_pokemon"}, "semantic_label": {"2": "soap_dish_0", "3": "soap_0", "4": "shampoo_0", "5": "cleanser_0"}, "obj_aabb": {"2": [[0.056962725536999104, -0.31479518053412703, 0.6229886651525065], [0.21692235269209226, -0.15483388481913307, 0.6719532617771262]], "3": [[0.10958852376059258, -0.2905533503434294, 0.6248969773099129], [0.17570276519442612, -0.1766992078192715, 0.6812468063409436]], "4": [[0.032634514805770315, -0.42575715098017136, 0.6223596058267172], [0.13447709117194168, -0.32195894965566824, 0.8539676816182079]], "5": [[-0.029743719912290943, -0.33471039982980283, 0.6227973500117256], [0.03960770575300049, -0.27966269067858657, 0.789972846687909]]}, "sizes": {"2": "medium", "3": "medium", "4": "medium", "5": "medium"}, "distances": {"(2, 3)": -1.0134607690103718e-05, "(2, 4)": 0.03534523961118707, "(2, 5)": 0.053191675130587375, "(3, 2)": -1.0134607690098513e-05, "(3, 4)": 0.0620135389845201, "(3, 5)": 0.09239003409655289, "(4, 2)": 0.03534523961118707, "(4, 3)": 0.06201353898452011, "(4, 5)": 0.04291624833438691, "(5, 2)": 0.053191675130587375, "(5, 3)": 0.09239003409655289, "(5, 4)": 0.04291624833438691}, "state": {"2": [[0.13717299019750243, -0.2348074015420483, 0.6473362164784005], [-3.869737835495912e-06, -4.193168191875247e-06, 0.707082964123287, 0.707130597424598]], "3": [[0.14240521136162473, -0.23363357512599428, 0.6533717718318591], [0.02888231232035378, -0.01566102374372179, 0.7066441805122378, 0.7068058761205341]], "4": [[0.08360177870685419, -0.3739726347651033, 0.7386297004604343], [0.3513587075480941, 0.6107618704587251, 0.618004991836481, 0.3486930258681459]], "5": [[0.004889764692051857, -0.30713263807064245, 0.7062740223951034], [-0.4220124734006183, 0.5662106960721206, 0.5663975380133334, -0.42485850454033736]]}, "pickable_objects": [3, 4, 5], "scene_graph": {"left": [[2, 4], [3, 4]], "right": [[4, 2], [4, 3]], "front": [[5, 2], [5, 3]], "behind": [[2, 5], [3, 5]], "on": [[2, 3]], "under": [[3, 2]], "leftbehind": [], "leftfront": [[5, 4]], "rightbehind": [[4, 5]], "rightfront": []}}