{"objects": {"2": "square_plate_1", "3": "cutlery-fork_1", "4": "cutlery-knife_1_new", "5": "plastic_plum", "6": "yellow_bowl", "7": "glass-new_6"}, "semantic_label": {"2": "plate_0", "3": "fork_0", "4": "knife_0", "5": "fruit_0", "6": "bowl_0", "7": "glass_0"}, "obj_aabb": {"2": [[0.045151631478472384, -0.14818474495720466, 0.6213748786801774], [0.22991251947676228, 0.036204304524477676, 0.6570199111568669]], "3": [[0.04753147033657504, -0.27349218040489864, 0.6085987943115333], [0.24999873829460437, -0.22599455734541174, 0.6661316584182321]], "4": [[0.0539020455045925, 0.12106567307450544, 0.6228066300323781], [0.2659093852367982, 0.1485764524612837, 0.6331353172913091]], "5": [[0.09692580534302825, -0.11149789471270163, 0.6086167060675359], [0.20022049014997678, -0.0005014079339099864, 0.7291746068382384]], "6": [[-0.07854903112472293, -0.44202099072442547, 0.6229723327284902], [0.11342475062533246, -0.2500812534303799, 0.6827335755638504]], "7": [[-0.10171393217839296, 0.20734261917333086, 0.6226658055586113], [-0.016712410880674627, 0.29254360970385573, 0.7974306535831431]]}, "sizes": {"2": "medium", "3": "medium", "4": "medium", "5": "medium", "6": "small", "7": "medium"}, "distances": {"(2, 3)": 0.0907861795533636, "(2, 4)": 0.09234463343103469, "(2, 5)": -2.9835815656590204e-05, "(2, 6)": 0.14478992479410288, "(2, 7)": 0.21321400505032143, "(3, 2)": 0.0907861795533636, "(3, 4)": 0.35944902783557503, "(3, 5)": 0.15571882545889487, "(3, 6)": 0.027629881859305185, "(3, 7)": 0.4623899255047482, "(4, 2)": 0.09234463343103469, "(4, 3)": 0.35944902783557503, "(4, 5)": 0.14844327663455434, "(4, 6)": 0.40829417122230294, "(4, 7)": 0.12362692003509129, "(5, 2)": -2.983581565658977e-05, "(5, 3)": 0.15571882545889487, "(5, 4)": 0.14844327663455434, "(5, 6)": 0.21843869647187353, "(5, 7)": 0.29322382340499525, "(6, 2)": 0.14478992479410288, "(6, 3)": 0.027629881859305185, "(6, 4)": 0.40829417122230294, "(6, 5)": 0.21843869647187353, "(6, 7)": 0.4965544161137284, "(7, 2)": 0.21321400505032143, "(7, 3)": 0.4623899255047482, "(7, 4)": 0.12362692003509129, "(7, 5)": 0.29322382340499525, "(7, 6)": 0.4965544161137284}, "state": {"2": [[0.1375221376610447, -0.05613062785886683, 0.6390619064406161], [0.003992548342310825, 0.0040311945161465084, 0.7070955335587924, 0.7070952661768526]], "3": [[0.14874768418097242, -0.24978306651278923, 0.6371889171244626], [0.022050731658425506, 0.5913726429835693, 0.8055282417688948, -0.03027233186705264]], "4": [[0.15997381013271414, 0.13471478543226065, 0.6279898568945698], [-0.0002633544652412951, 0.7044843630755497, 0.7097194028227575, 0.00028650195706864535]], "5": [[0.14423747323004937, -0.049916219122921365, 0.6293579012779982], [0.3803497579497463, 0.1761214386457921, 0.0005890113061688065, 0.9079179222499064]], "6": [[0.017469597008428026, -0.3460850324397815, 0.6528373034660776], [-8.274517423680147e-05, -5.6428502382465925e-05, 0.3727512918843157, 0.9279312821365783]], "7": [[-0.05893707113343118, 0.2497790634539137, 0.7098543498006442], [0.7062031722376233, 0.0015025250480965766, -0.0015107891081713684, 0.7080060306637708]]}, "pickable_objects": [3, 4, 5, 6, 7], "scene_graph": {"left": [[2, 3], [4, 2], [4, 5], [5, 3], [2, 6], [5, 6]], "right": [[3, 2], [3, 5], [5, 4], [6, 2], [6, 5], [2, 4]], "front": [], "behind": [], "on": [[2, 5]], "under": [[5, 2]], "leftbehind": [[3, 6]], "leftfront": [[7, 4], [7, 2], [7, 5]], "rightbehind": [[4, 7], [2, 7], [5, 7]], "rightfront": [[6, 3]]}}