{"objects": {"2": "cup-red_heart", "3": "can-hoegaarden", "4": "black_marker", "5": "stapler_2", "6": "glue_2"}, "semantic_label": {"2": "cup_0", "3": "can_drink_0", "4": "marker_0", "5": "stapler_0", "6": "glue_0"}, "obj_aabb": {"2": [[0.14850370273108182, 0.13253446250389828, 0.6227071663896604], [0.2574316822040016, 0.2760019113121339, 0.7189932346057442]], "3": [[0.09739426599747966, 0.29490534489010933, 0.6217222479489741], [0.19607806009287995, 0.3959115279773786, 0.7570111462191869]], "4": [[-0.2344153241211416, 0.20339599809496176, 0.620081028783613], [-0.19516276684777398, 0.3562351147788646, 0.6479665966664067]], "5": [[-0.049599322136304864, -0.15690356345000872, 0.6217668406253697], [0.07271376630258505, -0.06996526321928981, 0.6514008235908587]], "6": [[0.20496832029553458, -0.12286130233879894, 0.6196424007780212], [0.271503808349099, -0.05350254755029365, 0.7925155220754272]]}, "sizes": {"2": "medium", "3": "medium", "4": "medium", "5": "medium", "6": "medium"}, "distances": {"(2, 3)": 0.04986875505593669, "(2, 4)": 0.3657049262424794, "(2, 5)": 0.2552618227614758, "(2, 6)": 0.1956592780754747, "(3, 2)": 0.04986875505593668, "(3, 4)": 0.3105890494518234, "(3, 5)": 0.3945317514315303, "(3, 6)": 0.3746949331241977, "(4, 2)": 0.3657049262424794, "(4, 3)": 0.3105890494518234, "(4, 5)": 0.3712684135686959, "(4, 6)": 0.5097031926967724, "(5, 2)": 0.2552618227614758, "(5, 3)": 0.3945317514315303, "(5, 4)": 0.3712684135686959, "(5, 6)": 0.14827295322499298, "(6, 2)": 0.1956592780754747, "(6, 3)": 0.37469493312419777, "(6, 4)": 0.5097031926967724, "(6, 5)": 0.14827295322499298}, "state": {"2": [[0.20295513668304643, 0.20437661890167766, 0.6709130911435315], [0.4998907670450249, -0.4990490282984943, -0.5009513579616812, 0.500107013881842]], "3": [[0.1466145928135672, 0.34523845117435165, 0.6894252967977103], [0.6935250753000531, 0.1077174930217442, 0.10425981486819301, 0.7046628999960309]], "4": [[-0.21469953174064643, 0.27980044135617155, 0.6340655150074396], [0.06010405265720197, 0.06154523673748399, 0.6742435931493181, 0.7334816042588963]], "5": [[0.011571829192123451, -0.11346899461281637, 0.6366728198184607], [-0.01070290508270063, 0.002114867125225017, 0.23353121847105326, 0.9722880978183671]], "6": [[0.23806232272902458, -0.0880090965536315, 0.7034214213622707], [-0.021017851553945522, 0.0348618447923373, -0.7076670714325565, 0.705372396471396]]}, "pickable_objects": [2, 3, 4, 5, 6], "scene_graph": {"left": [[2, 6], [3, 2]], "right": [[2, 3], [6, 2]], "front": [[5, 6]], "behind": [[6, 5]], "on": [], "under": [], "leftbehind": [[2, 5]], "leftfront": [], "rightbehind": [], "rightfront": [[5, 2]]}}