{"objects": {"2": "square_plate_2", "3": "cutlery-fork_2_new", "4": "cutlery-knife_2_new", "5": "plastic_lemon", "6": "green_bowl", "7": "glass-new_8"}, "semantic_label": {"2": "plate_0", "3": "fork_0", "4": "knife_0", "5": "fruit_0", "6": "bowl_0", "7": "glass_0"}, "obj_aabb": {"2": [[0.13681469603980312, -0.11808790065699255, 0.62133684760914], [0.32227774533585846, 0.06767650416618538, 0.6575956241043256]], "3": [[0.14802617629749287, -0.24692752340067187, 0.6177757300783603], [0.3342488395929114, -0.2154472874304238, 0.6492282215341129]], "4": [[-0.16202656210311808, 0.237040216296306, 0.6229202951714355], [-0.09699353041150008, 0.4514302884505166, 0.6339014491919756]], "5": [[0.18929894679662645, -0.05770380750013241, 0.6142298242274884], [0.27630624159017, 0.03420262701618169, 0.7132812339001737]], "6": [[-0.353992832181253, -0.4114676304269378, 0.6221104214403633], [-0.17052865824479443, -0.22714727924357925, 0.6835762318318658]], "7": [[0.1921615714617074, 0.2808007872055834, 0.6219688653388925], [0.26118179616170756, 0.3480561966891465, 0.8329653643244]]}, "sizes": {"2": "medium", "3": "medium", "4": "medium", "5": "medium", "6": "small", "7": "medium"}, "distances": {"(2, 3)": 0.10427525989122081, "(2, 4)": 0.31413842116273205, "(2, 5)": -1.7126111686590218e-05, "(2, 6)": 0.39703905186536875, "(2, 7)": 0.22429510271173939, "(3, 2)": 0.10427525989122081, "(3, 4)": 0.5287293262911112, "(3, 5)": 0.17980430813380574, "(3, 6)": 0.35619765510491125, "(3, 7)": 0.5074465578622913, "(4, 2)": 0.31413842116273205, "(4, 3)": 0.5287293262911112, "(4, 5)": 0.39150810491847365, "(4, 6)": 0.5190592083446425, "(4, 7)": 0.304816591513008, "(5, 2)": -1.7126111686590652e-05, "(5, 3)": 0.17980430813380574, "(5, 4)": 0.39150810491847365, "(5, 6)": 0.4756014590902344, "(5, 7)": 0.2700432414106697, "(6, 2)": 0.39703905186536875, "(6, 3)": 0.35619765510491125, "(6, 4)": 0.5190592083446425, "(6, 5)": 0.4756014590902344, "(6, 7)": 0.7067570803800833, "(7, 2)": 0.22429510271173939, "(7, 3)": 0.5074465578622913, "(7, 4)": 0.304816591513008, "(7, 5)": 0.27004324141066965, "(7, 6)": 0.7067570803800833}, "state": {"2": [[0.22948976503029658, -0.02520738993598382, 0.639418920055464], [-0.004087195527247646, -0.003223510658926116, -0.707072114827702, 0.707122286627168]], "3": [[0.24142973244115776, -0.23119128803530742, 0.6334567273251186], [0.013098301916195855, 0.706246898234621, 0.7077124599282864, -0.01366847771856315]], "4": [[-0.12931432091714076, 0.34406662991427633, 0.6283576612237184], [0.5447304124501794, -0.45191241423634176, -0.45083768971778776, 0.5438651718402885]], "5": [[0.23822204849532555, -0.021990152053912203, 0.6259501773534394], [0.21048278066793458, 0.07908392820522854, -0.02249287478112536, 0.9741338726920469]], "6": [[-0.2623444401751854, -0.31928729526475935, 0.6527255412052967], [-0.0028530991071164997, -0.00340178466701019, -0.8572110277940664, 0.5149461539955458]], "7": [[0.22653300465757611, 0.31443919229127193, 0.7276128647443993], [0.709719582151253, 0.005865646197832314, -0.0058623244915136825, 0.7044354775685913]]}, "pickable_objects": [3, 4, 5, 6, 7], "scene_graph": {"left": [[2, 3], [5, 3], [7, 2], [7, 5]], "right": [[3, 2], [3, 5], [2, 7], [5, 7]], "front": [], "behind": [], "on": [[2, 5]], "under": [[5, 2]], "leftbehind": [], "leftfront": [], "rightbehind": [], "rightfront": []}}