{"objects": {"2": "bottle-avene_skincare", "3": "tube-shoe_polish", "4": "soap_dish", "5": "soap"}, "semantic_label": {"2": "shampoo_0", "3": "cleanser_0", "4": "soap_dish_0", "5": "soap_0"}, "obj_aabb": {"2": [[0.20353493884807536, 0.31454668029234334, 0.6223246894713703], [0.28501867940573644, 0.3957314479097349, 0.854014109095008]], "3": [[-0.16138104870845782, -0.04006900404302614, 0.6226770878433984], [-0.12018049216888653, 0.0213360111614068, 0.7878366309209438]], "4": [[-0.09435716130775552, -0.16805736349361003, 0.62297245354704], [0.0655935827050305, -0.008097900546418596, 0.671968787880246]], "5": [[0.10810007202361614, -0.07730838683083827, 0.6199122431064173], [0.2367436967340102, 0.04372581742427752, 0.6739507748686916]]}, "sizes": {"2": "medium", "3": "medium", "4": "medium", "5": "medium"}, "distances": {"(2, 3)": 0.4754948617119524, "(2, 4)": 0.39899198724443546, "(2, 5)": 0.29062661519713484, "(3, 2)": 0.4754948617119524, "(3, 4)": 0.05256700118701276, "(3, 5)": 0.24142283172611198, "(4, 2)": 0.39899198724443546, "(4, 3)": 0.05256700118701277, "(4, 5)": 0.06640510188503053, "(5, 2)": 0.29062661519713484, "(5, 3)": 0.24142283172611198, "(5, 4)": 0.06640510188503053}, "state": {"2": [[0.244305277184437, 0.35525947799589486, 0.7386353845928468], [-0.47636193449868025, 0.5188847075104882, 0.518623414509598, -0.48463153177938806]], "3": [[-0.14102833984176996, -0.009411232565873624, 0.7053970192549086], [0.7083613873560263, -0.002054572689502547, 0.0020551230214456567, 0.705843962999951]], "4": [[-0.014151345413492566, -0.08807050936437652, 0.6473358609741635], [-4.704767256145441e-05, 7.434797674168472e-05, 0.7071055408441338, 0.7071080160530072]], "5": [[0.17255513169932638, -0.01697867219905076, 0.6472396005514497], [0.001844890513319717, 0.02874452244876398, 0.9489356445959464, -0.31415201928916875]]}, "pickable_objects": [2, 3, 4, 5], "scene_graph": {"left": [[2, 5]], "right": [[5, 2]], "front": [[3, 4], [4, 5]], "behind": [[4, 3], [5, 4]], "on": [], "under": [], "leftbehind": [], "leftfront": [], "rightbehind": [], "rightfront": []}}