{"objects": {"2": "square_plate_1", "3": "fork", "4": "cutlery-knife_1_new", "5": "plastic_peach", "6": "yellow_bowl", "7": "glass-new_8"}, "semantic_label": {"2": "plate_0", "3": "fork_0", "4": "knife_0", "5": "fruit_0", "6": "bowl_0", "7": "glass_0"}, "obj_aabb": {"2": [[-0.1107366006068084, -0.04396255843376461, 0.6213711062739442], [0.07402594613019531, 0.1404283619982912, 0.6570339339256168]], "3": [[-0.11141002754279215, -0.13219238632325656, 0.6147517794163391], [0.09340920521708003, -0.09796633270391918, 0.6474006558691241]], "4": [[-0.10560646487382809, 0.19451813593128325, 0.6228066250078504], [0.10640087480883216, 0.2220289155158206, 0.6331353140896933]], "5": [[-0.07035283558838525, 0.0020368706264991057, 0.61129302404757], [0.03759845684473356, 0.1012756792928017, 0.7278068975177532]], "6": [[-0.24892767484113346, -0.024197810637998113, 0.6229729329550481], [-0.11265918042935888, 0.11106288915280321, 0.6827258356774654]], "7": [[-0.21750835575467858, 0.2710298281165185, 0.6219709044399381], [-0.14850620893391525, 0.33828657124461364, 0.8329624317607779]]}, "sizes": {"2": "medium", "3": "medium", "4": "medium", "5": "medium", "6": "small", "7": "medium"}, "distances": {"(2, 3)": 0.06129633157367628, "(2, 4)": 0.06270188144129578, "(2, 5)": -2.178317442757356e-05, "(2, 6)": 0.012272139120122509, "(2, 7)": 0.17103952448203336, "(3, 2)": 0.06129633157367628, "(3, 4)": 0.2972776360913632, "(3, 5)": 0.12269397438769608, "(3, 6)": 0.10646708647614786, "(3, 7)": 0.3898833392569584, "(4, 2)": 0.06270188144129578, "(4, 3)": 0.2972776360913632, "(4, 5)": 0.11400881767300099, "(4, 6)": 0.11515673328185227, "(4, 7)": 0.10231823507905026, "(5, 2)": -2.178317442757356e-05, "(5, 3)": 0.12269397438769608, "(5, 4)": 0.11400881767300099, "(5, 6)": 0.060899778427710174, "(5, 7)": 0.23845172265771386, "(6, 2)": 0.012272139120122507, "(6, 3)": 0.10646708647614787, "(6, 4)": 0.11515673328185227, "(6, 5)": 0.060899778427710174, "(6, 7)": 0.17087234096473283, "(7, 2)": 0.17103952448203336, "(7, 3)": 0.3898833392569584, "(7, 4)": 0.10231823507905026, "(7, 5)": 0.23845172265771386, "(7, 6)": 0.17087234096473283}, "state": {"2": [[-0.0183652720138407, 0.04809251505244481, 0.6390670104637862], [0.004065350843138031, 0.003994855455964229, 0.7070958110383448, 0.7070947801139771]], "3": [[-0.008952212494533832, -0.11433415980909432, 0.6312175783836022], [-0.025416089171947282, 0.005892800830340042, 0.9996595902887887, 2.921007859195395e-05]], "4": [[0.0004652997297221866, 0.2081672483868741, 0.6279898527748966], [-0.00026335534953008256, 0.7044843409102557, 0.7097194248244316, 0.0002865014494691542]], "5": [[-0.012701945276639856, 0.05325454736025135, 0.6306666981959007], [0.11458329659731206, 0.18247628966581955, -0.010842557508289476, 0.9764504651017213]], "6": [[-0.1807939682170692, 0.04338609794627609, 0.65283373112459], [-7.073225495256835e-05, -1.7795909258335665e-05, -3.656749232089902e-08, 0.9999999973401261]], "7": [[-0.18314597576151678, 0.3046689037212378, 0.7276124041691641], [0.7097272911990452, 0.005812829078047806, -0.00584330548543721, 0.7044283064488387]]}, "pickable_objects": [3, 4, 5, 6, 7], "scene_graph": {"left": [[4, 2], [4, 5], [6, 3], [7, 6], [2, 3], [5, 3]], "right": [[3, 2], [3, 6], [3, 5], [2, 4], [5, 4], [6, 7]], "front": [[6, 2], [6, 5]], "behind": [[2, 6], [5, 6]], "on": [[2, 5]], "under": [[5, 2]], "leftbehind": [], "leftfront": [[7, 4], [7, 2]], "rightbehind": [[4, 7], [2, 7]], "rightfront": []}}