{"objects": {"2": "cup-teal_pattern_ikea", "3": "can-beer_delta", "4": "red_marker", "5": "stapler_2", "6": "glue_2"}, "semantic_label": {"2": "cup_0", "3": "can_drink_0", "4": "marker_0", "5": "stapler_0", "6": "glue_0"}, "obj_aabb": {"2": [[0.1828826985673238, -0.012151772631816354, 0.6222141283217267], [0.31539875244998655, 0.14375100257803822, 0.7276130776337862]], "3": [[0.05022542244528896, -0.044302873289744214, 0.6224523378659687], [0.1284969375298942, 0.03597760247686128, 0.7567097874572778]], "4": [[0.09356202138823633, -0.141544412461062, 0.6207949909602248], [0.24591706983305656, -0.11706933988265043, 0.6477159655283875]], "5": [[0.08441109988522427, -0.3081842835364923, 0.6219238077570641], [0.1214700144839645, -0.18914706778270707, 0.6511566477765454]], "6": [[0.19041452181087004, -0.30263940157394487, 0.6196420376397471], [0.25694933929563163, -0.233277896938038, 0.7925160678588954]]}, "sizes": {"2": "medium", "3": "medium", "4": "medium", "5": "medium", "6": "medium"}, "distances": {"(2, 3)": 0.08481804542279377, "(2, 4)": 0.12290710420396492, "(2, 5)": 0.2308608274649798, "(2, 6)": 0.24142786930615961, "(3, 2)": 0.08481804542279377, "(3, 4)": 0.07961507459803376, "(3, 5)": 0.15019678005003698, "(3, 6)": 0.22673063769076027, "(4, 2)": 0.12290710420396492, "(4, 3)": 0.07961507459803376, "(4, 5)": 0.05280141339050575, "(4, 6)": 0.09919063961404456, "(5, 2)": 0.2308608274649798, "(5, 3)": 0.15019678005003698, "(5, 4)": 0.05280141339050575, "(5, 6)": 0.08182204416771789, "(6, 2)": 0.24142786930615961, "(6, 3)": 0.22672954668372286, "(6, 4)": 0.09919063961404456, "(6, 5)": 0.08182204416771789}, "state": {"2": [[0.24920459502278242, 0.06580962911062183, 0.6750554185274974], [0.548656518278462, -0.44109095845266816, -0.444361878463636, 0.5540372842057935]], "3": [[0.08904906703582492, -0.004291047241310107, 0.6896110691624124], [0.7102732622162494, 0.0002898970322505266, -0.0002814445948572719, 0.7039259405145812]], "4": [[0.16974189842750267, -0.12929617806045973, 0.6341484722376766], [-0.008604969021595946, 0.0014025080639059415, 0.9999618390298753, 0.0005549443734893366]], "5": [[0.10290230215492946, -0.24866281824362546, 0.6366288642880842], [-0.0007182020604485989, 0.0067614721091938945, -0.70812636979908, 0.7060529803604639]], "6": [[0.2235081996693796, -0.26778577563280764, 0.7034215149267272], [-0.021010419776421523, 0.03486644480478161, -0.707666779553061, 0.7053726833415744]]}, "pickable_objects": [2, 3, 4, 5, 6], "scene_graph": {"left": [[2, 4], [3, 4], [4, 5], [4, 6]], "right": [[4, 3], [5, 4], [6, 4], [4, 2]], "front": [[3, 2], [5, 6]], "behind": [[2, 3], [6, 5]], "on": [], "under": [], "leftbehind": [[2, 5]], "leftfront": [[3, 6]], "rightbehind": [[6, 3]], "rightfront": [[5, 2]]}}