{"objects": {"2": "bottle-baby_cleansing_water", "3": "tube-shoe_polish", "4": "soap_dish", "5": "soap"}, "semantic_label": {"2": "shampoo_0", "3": "cleanser_0", "4": "soap_dish_0", "5": "soap_0"}, "obj_aabb": {"2": [[-0.29364487583486243, -0.0034653333490372307, 0.6225597291009473], [-0.22338268891551982, 0.06765978397800249, 0.7858549990667352]], "3": [[-0.2766659749807491, 0.15039711857452948, 0.6226763490874667], [-0.23546519755375916, 0.2118020307025848, 0.7878359071551337]], "4": [[-0.21821973113676157, 0.027651292430647012, 0.6229684984777294], [-0.05819919589129009, 0.18767695469942136, 0.6719692362937574]], "5": [[-0.17285654086624203, 0.05073989497587372, 0.6258034831263639], [-0.10377481937976897, 0.1639495341117147, 0.679649695727311]]}, "sizes": {"2": "medium", "3": "medium", "4": "medium", "5": "medium"}, "distances": {"(2, 3)": 0.09345444415935024, "(2, 4)": 0.0318412744493928, "(2, 5)": 0.065189410202581, "(3, 2)": 0.09345444415935024, "(3, 4)": 0.042526886894341004, "(3, 5)": 0.0748985453067694, "(4, 2)": 0.03184133553912995, "(4, 3)": 0.042526886894341004, "(4, 5)": -5.724721816470924e-05, "(5, 2)": 0.06518908060382893, "(5, 3)": 0.0748985453067694, "(5, 4)": -5.724721816470924e-05}, "state": {"2": [[-0.2586988105326998, 0.03195121129231847, 0.7039763915185612], [0.7048089376330963, 0.0005815366765719987, -0.0005824823115342621, 0.7093967042226492]], "3": [[-0.25631315550787437, 0.1810548375753429, 0.7053962879815863], [0.708361477543784, -0.002053282037011598, 0.0020564133448582067, 0.7058438724881152]], "4": [[-0.1379789994423091, 0.10767115229209921, 0.6473341372342994], [-8.407703742153878e-05, 2.1114666808311232e-05, 0.7069566843350137, 0.7072568408713107]], "5": [[-0.13854787200729654, 0.10734501196259788, 0.6530329816169302], [0.024702500502998888, 0.007974244757118614, 0.7127352031210155, 0.7009527288779877]]}, "pickable_objects": [2, 3, 5], "scene_graph": {"left": [[3, 2]], "right": [[2, 3]], "front": [[2, 5], [3, 4], [3, 5]], "behind": [[5, 2], [4, 3], [5, 3]], "on": [[4, 5]], "under": [[5, 4]], "leftbehind": [[4, 2]], "leftfront": [], "rightbehind": [], "rightfront": [[2, 4]]}}