{"objects": {"2": "blue_cup", "3": "can-redbull", "4": "black_marker", "5": "stapler_1", "6": "glue_1"}, "semantic_label": {"2": "cup_0", "3": "can_drink_0", "4": "marker_0", "5": "stapler_0", "6": "glue_0"}, "obj_aabb": {"2": [[0.07796000100467253, 0.01661816158522743, 0.6229849655333927], [0.181994278452684, 0.15066583218692137, 0.711015446888308]], "3": [[0.003771394569963879, 0.030211798223121353, 0.6213819304480949], [0.06313295066383351, 0.09776920563311896, 0.7660579428251747]], "4": [[0.03404624108568448, -0.06833216820852522, 0.6209820971459371], [0.18559447869888235, -0.04286928342527943, 0.6470496020925615]], "5": [[0.024745721014997696, -0.20930154923576708, 0.6217609058475181], [0.06660748476787108, -0.125818001653035, 0.6822951592238194]], "6": [[0.1425254065468356, -0.2274854943452496, 0.6162700887335663], [0.18338960372748608, -0.13768534966282978, 0.7646322793871875]]}, "sizes": {"2": "medium", "3": "medium", "4": "medium", "5": "medium", "6": "medium"}, "distances": {"(2, 3)": 0.018935788396711804, "(2, 4)": 0.06703907243028069, "(2, 5)": 0.15992347709743537, "(2, 6)": 0.17472917398997975, "(3, 2)": 0.01893085590915987, "(3, 4)": 0.08361347508348387, "(3, 5)": 0.16468630741163673, "(3, 6)": 0.2208585300875429, "(4, 2)": 0.06703907243028069, "(4, 3)": 0.08361347508348387, "(4, 5)": 0.06265184467221079, "(4, 6)": 0.09030034110400806, "(5, 2)": 0.15992347709743537, "(5, 3)": 0.16468630741163673, "(5, 4)": 0.06265184467221079, "(5, 6)": 0.08132938146028969, "(6, 2)": 0.17472917398997975, "(6, 3)": 0.2208585300875429, "(6, 4)": 0.09030034110400806, "(6, 5)": 0.08132938146028969}, "state": {"2": [[0.13020455687139026, 0.06914477596715238, 0.6628026742098077], [-2.510449315024012e-06, 8.399635041544088e-07, 0.7071069594781171, 0.7071066028899777]], "3": [[0.0335373971642898, 0.06405202501412456, 0.6936671167637735], [0.718992138848215, -0.00015834867048255646, 0.00023163532979261862, 0.6950181476373417]], "4": [[0.10981299505832552, -0.055687369779318055, 0.6340650313166019], [0.04374042443012229, 0.004247629008013982, 0.0010901954616980834, 0.999033304946506]], "5": [[0.0458883522250694, -0.16754898391148298, 0.6519102666292678], [0.004053846116059197, -0.01085949212385208, 0.7068654737881056, 0.7072530238385668]], "6": [[0.16309079190476525, -0.18265534070737022, 0.6904605316738718], [-0.0043935062391823815, 0.058373209245744455, 0.9982825139432107, 0.0022995435421682034]]}, "pickable_objects": [2, 3, 4, 5, 6], "scene_graph": {"left": [[2, 4], [3, 4], [4, 5], [4, 6]], "right": [[4, 2], [4, 3], [5, 4], [6, 4]], "front": [[3, 2], [5, 6]], "behind": [[2, 3], [6, 5]], "on": [], "under": [], "leftbehind": [[2, 5]], "leftfront": [], "rightbehind": [], "rightfront": [[5, 2]]}}