{"objects": {"2": "soap_dish", "3": "soap", "4": "bottle-baby_cleansing_water", "5": "tube-signal"}, "semantic_label": {"2": "soap_dish_0", "3": "soap_0", "4": "shampoo_0", "5": "cleanser_0"}, "obj_aabb": {"2": [[-0.08419827664536957, -0.2376237013322881, 0.6229862832624001], [0.07584322391913866, -0.07757934704113739, 0.6719550896035306]], "3": [[-0.21557880683730327, 0.2308250917773727, 0.6192842720661331], [-0.08593713358445379, 0.35207145257005973, 0.6755123304547967]], "4": [[-0.048998399546786184, -0.02980591821325227, 0.6225574403941706], [0.021277094659521212, 0.04131819243074162, 0.7858575766490311]], "5": [[-0.03071721190652526, 0.11049474141308017, 0.6229296910957524], [0.0026375803723680726, 0.15946935160388698, 0.7746149118918458]]}, "sizes": {"2": "medium", "3": "medium", "4": "medium", "5": "medium"}, "distances": {"(2, 3)": 0.3526546291892058, "(2, 4)": 0.052158040564148175, "(2, 5)": 0.1980629921959, "(3, 2)": 0.3526546291892058, "(3, 4)": 0.2477255924932305, "(3, 5)": 0.1621131931980624, "(4, 2)": 0.05215387304751149, "(4, 3)": 0.2477255924932305, "(4, 5)": 0.07700942222344342, "(5, 2)": 0.1980629921959, "(5, 3)": 0.1621131931980624, "(5, 4)": 0.07700454746532524}, "state": {"2": [[-0.003947083151380965, -0.15759424761005833, 0.6473359337607758], [-4.693042969660396e-06, 1.3497108567670572e-05, 0.7073114862997061, 0.7069020166503305]], "3": [[-0.1506063620571758, 0.29126063238296956, 0.6476976265190013], [0.02735088747849776, 0.017853954234984454, 0.9473228779674542, -0.31861031080580804]], "4": [[-0.014045696197205276, 0.0056101220554465, 0.7039765491028156], [0.7048111193904588, 0.0006131842267083124, -0.0006045165391432585, 0.7093944914844112]], "5": [[-0.014032868558494477, 0.13471483683664284, 0.6989305821650919], [0.7066513893427702, 0.00024794354689507624, -0.0002271371875941962, 0.707561800037727]]}, "pickable_objects": [2, 3, 4, 5], "scene_graph": {"left": [[4, 2], [5, 4]], "right": [[2, 4], [4, 5]], "front": [], "behind": [], "on": [], "under": [], "leftbehind": [], "leftfront": [[3, 5], [3, 4]], "rightbehind": [[4, 3], [5, 3]], "rightfront": []}}