{"objects": {"2": "mug", "3": "can-redbull", "4": "remote_controller_1"}, "semantic_label": {"2": "cup_0", "3": "can_drink_0", "4": "remote_0"}, "obj_aabb": {"2": [[0.21216893068484977, 0.11157800918357767, 0.6229879759123164], [0.31510755075502606, 0.2376358458666057, 0.7108985213291744]], "3": [[-0.09187791225738329, 0.20477896946101087, 0.621381116773213], [-0.029505839529541954, 0.2749664442665917, 0.7660607912234475]], "4": [[-0.02860788520714999, -0.14411023741569334, 0.6214513568611987], [0.16781989986899587, -0.07677942170868143, 0.6591289115977822]]}, "sizes": {"2": "medium", "3": "medium", "4": "medium"}, "distances": {"(2, 3)": 0.2581473710570181, "(2, 4)": 0.22523678071671072, "(3, 2)": 0.2581476824991848, "(3, 4)": 0.2936919445899924, "(4, 2)": 0.22523678071671072, "(4, 3)": 0.2936919445899923}, "state": {"2": [[0.26267107283726, 0.174600934647556, 0.6669387724311739], [-1.1926874934193864e-05, 5.633732692928263e-06, -0.6979111457269583, 0.7161843565005418]], "3": [[-0.060603930047935656, 0.23993027655075227, 0.6936681381677723], [0.7188204854646602, -0.0165833981661837, -0.015640268455120728, 0.6948219070986924]], "4": [[0.06961077672414984, -0.11043904066774785, 0.6403650400672258], [-0.0041933676934662175, 0.014586576770253669, 0.999884791976174, -0.0002240988088763528]]}, "pickable_objects": [2, 3, 4], "scene_graph": {"left": [[3, 4]], "right": [[4, 3]], "front": [[3, 2]], "behind": [[2, 3]], "on": [], "under": [], "leftbehind": [[2, 4]], "leftfront": [], "rightbehind": [], "rightfront": [[4, 2]]}}