{"objects": {"2": "soap_dish", "3": "soap", "4": "bottle-baby_cleansing_water", "5": "tube-signal"}, "semantic_label": {"2": "soap_dish_0", "3": "soap_0", "4": "shampoo_0", "5": "cleanser_0"}, "obj_aabb": {"2": [[-0.08429524608355711, -0.2376155735466071, 0.6229866136011218], [0.07581381297541283, -0.07750355097822284, 0.671954883730823]], "3": [[0.11549281203428799, 0.19957103313464383, 0.6192834555134478], [0.23920181918159986, 0.2836748097257404, 0.6755124610990154]], "4": [[-0.04899860075672815, -0.029806347271282518, 0.6225574408354505], [0.021277386592038698, 0.041318269488185524, 0.7858575761196674]], "5": [[-0.030717254023146484, 0.11049471961656909, 0.6229296899040822], [0.002637454814613721, 0.15946947589274874, 0.7746149101439579]]}, "sizes": {"2": "medium", "3": "medium", "4": "medium", "5": "medium"}, "distances": {"(2, 3)": 0.3219640271147646, "(2, 4)": 0.05211848615175632, "(2, 5)": 0.1980211261337215, "(3, 2)": 0.3219640271147646, "(3, 4)": 0.2271952444073437, "(3, 5)": 0.1518134504866894, "(4, 2)": 0.052115048289512744, "(4, 3)": 0.2271952444073437, "(4, 5)": 0.07700966762982864, "(5, 2)": 0.1980211261337215, "(5, 3)": 0.1518134504866894, "(5, 4)": 0.07700479309613936}, "state": {"2": [[-0.0040102760678488785, -0.15755218800355067, 0.6473359966430565], [-5.4901855901439964e-06, 1.2310459750958909e-05, 0.7074611805449207, 0.7067522039868696]], "3": [[0.17738294340457686, 0.24186148795419093, 0.647697300931784], [0.0053832707506748225, -0.03220835161534252, -0.08928743692056851, 0.9954704395864313]], "4": [[-0.014045649781624382, 0.005609944723440292, 0.7039765490560079], [0.7048111153815265, 0.0006157114407423096, -0.0006019594380740281, 0.7093944954529214]], "5": [[-0.01403295218659197, 0.13471488819726654, 0.6989305808793471], [0.706651154719739, 0.0002480771118916044, -0.00022630399510843206, 0.7075620345789532]]}, "pickable_objects": [2, 3, 4, 5], "scene_graph": {"left": [[4, 2], [5, 4]], "right": [[2, 4], [4, 5]], "front": [], "behind": [], "on": [], "under": [], "leftbehind": [[3, 5], [3, 4]], "leftfront": [], "rightbehind": [], "rightfront": [[4, 3], [5, 3]]}}