{"objects": {"2": "soap_dish", "3": "soap", "4": "bottle-baby_cleansing_water", "5": "tube-shampoo_yellow"}, "semantic_label": {"2": "soap_dish_0", "3": "soap_0", "4": "shampoo_0", "5": "cleanser_0"}, "obj_aabb": {"2": [[-0.3052507553848752, 0.1255704071062766, 0.6229843170419233], [-0.07922034090846897, 0.35160228688373013, 0.6719574764355883]], "3": [[0.057362378435752065, -0.24684746466820606, 0.6197228667827621], [0.17385718490032911, -0.11700955387199587, 0.6747853525689222]], "4": [[0.06435855332323737, 0.08464465873178154, 0.6225605055943807], [0.13461502594914454, 0.15577320330231115, 0.7858537607477166]], "5": [[0.07104736321491795, 0.20492659617409023, 0.6222541563134649], [0.12754325766462649, 0.2877692987850795, 0.8313885408417425]]}, "sizes": {"2": "medium", "3": "medium", "4": "medium", "5": "medium"}, "distances": {"(2, 3)": 0.38885368730811487, "(2, 4)": 0.20294239756640392, "(2, 5)": 0.18938137155163082, "(3, 2)": 0.38885368730811487, "(3, 4)": 0.2149140364200263, "(3, 5)": 0.3479468481554507, "(4, 2)": 0.20294239756640392, "(4, 3)": 0.2149140364200263, "(4, 5)": 0.06258003750818796, "(5, 2)": 0.18938137155163082, "(5, 3)": 0.3479468481554507, "(5, 4)": 0.06258003750818796}, "state": {"2": [[-0.1923998934247326, 0.23842465071621827, 0.6473361367741121], [2.4506254124676918e-05, 8.25050061734047e-07, -0.40067771886543035, 0.9162190595068179]], "3": [[0.11540979327819356, -0.18205810273072254, 0.6475557709306115], [0.02676333627235708, -4.923974023412529e-07, 0.8756530482229401, 0.48219857213517714]], "4": [[0.09930176788714812, 0.12006291804463472, 0.7039761548085982], [0.7048046443308249, 0.0005596713531865584, -0.0005754583921097749, 0.709400993053516]], "5": [[0.09932086052396986, 0.24646775315707115, 0.7269191107264616], [0.7077970849624272, -0.0052835206691214, 0.005350691952628717, 0.7063757789050086]]}, "pickable_objects": [2, 3, 4, 5], "scene_graph": {"left": [[4, 3], [5, 4]], "right": [[3, 4], [4, 5]], "front": [[2, 5], [2, 4]], "behind": [[4, 2], [5, 2]], "on": [], "under": [], "leftbehind": [], "leftfront": [], "rightbehind": [], "rightfront": []}}