{"objects": {"2": "plate", "3": "cutlery-fork_1_new", "4": "cutlery-knife_3_new", "5": "plastic_lemon", "6": "doraemon_bowl", "7": "glass-new_8"}, "semantic_label": {"2": "plate_0", "3": "fork_0", "4": "knife_0", "5": "fruit_0", "6": "bowl_0", "7": "glass_0"}, "obj_aabb": {"2": [[0.04418914395509861, -0.2864359017570933, 0.6229708579663822], [0.2590745295200675, -0.07027901393398638, 0.6519346453346864]], "3": [[0.07488033052563155, -0.39505214051998533, 0.6183155405859085], [0.2707604285309262, -0.3626323461821061, 0.6482694370346443]], "4": [[0.1146027221904394, 0.16814681532585185, 0.6209689375680436], [0.20129052702655917, 0.3859150781651356, 0.6348944347021237]], "5": [[0.12359316113906757, -0.22206647185513037, 0.608061852873224], [0.2137095672128809, -0.12094894083062233, 0.7157334527091377]], "6": [[-0.023252694800563523, -0.022937012861901585, 0.6212736962800359], [0.20033349086017735, 0.18242716626541064, 0.6866536738431007]], "7": [[-0.1682755459997372, -0.33702716439393837, 0.6219731050461603], [-0.08778999357338339, -0.2558796782767176, 0.8329603852853569]]}, "sizes": {"2": "medium", "3": "medium", "4": "medium", "5": "medium", "6": "small", "7": "medium"}, "distances": {"(2, 3)": 0.08436634648910964, "(2, 4)": 0.2471774753308296, "(2, 5)": -3.665241593580129e-05, "(2, 6)": 0.1038417344298002, "(2, 7)": 0.1700192219017266, "(3, 2)": 0.08436634648910964, "(3, 4)": 0.5427603333019546, "(3, 5)": 0.1676599920832275, "(3, 6)": 0.3910354523715329, "(3, 7)": 0.1921196199042289, "(4, 2)": 0.2471774753308296, "(4, 3)": 0.5427603333019546, "(4, 5)": 0.3132565657386304, "(4, 6)": 0.08182555510039125, "(4, 7)": 0.5346844161741792, "(5, 2)": -3.6652415935801725e-05, "(5, 3)": 0.1676599920832275, "(5, 4)": 0.3132565657386304, "(5, 6)": 0.16716609618587122, "(5, 7)": 0.2568010632312901, "(6, 2)": 0.1038417344298002, "(6, 3)": 0.3910354523715329, "(6, 4)": 0.08182555510039125, "(6, 5)": 0.16716609618587122, "(6, 7)": 0.3407519108573791, "(7, 2)": 0.1700192219017266, "(7, 3)": 0.1921196199042289, "(7, 4)": 0.5346844161741792, "(7, 5)": 0.2568010632312901, "(7, 6)": 0.3407519108573791}, "state": {"2": [[0.16118359213780992, -0.17837069044467257, 0.62911275829211], [-2.6209886394740812e-05, 6.249164828381213e-05, 3.992686710486746e-07, 0.9999999977038382]], "3": [[0.17280525653851678, -0.3788253249922324, 0.6332303930931326], [0.010156906156441093, 0.7126650444863786, 0.7013583006842916, -0.010094834609851385]], "4": [[0.15788890377031306, 0.27721052141740976, 0.6280169434448011], [0.4152964714363188, 0.5607795668413997, 0.5704782758196058, 0.433139302123006]], "5": [[0.17156804451119342, -0.17556543909971953, 0.622674043705915], [0.27892983985469927, 0.12791819790158881, 0.01496285626310211, 0.9516360606958374]], "6": [[0.08856821300027477, 0.07979824044104802, 0.6539566052707367], [0.004990240212819948, 0.0034158383242054485, -0.2348519009829815, 0.9720123528823289]], "7": [[-0.12799254518643916, -0.2963202516964397, 0.7276124752966215], [-0.4492663935084732, 0.5494478457237314, 0.5526194291591447, -0.4368964854622449]]}, "pickable_objects": [3, 4, 5, 6, 7], "scene_graph": {"left": [[2, 3], [4, 6], [6, 2], [6, 5], [5, 3]], "right": [[3, 2], [3, 5], [5, 6], [6, 4], [2, 6]], "front": [[7, 2]], "behind": [[2, 7]], "on": [[2, 5]], "under": [[5, 2]], "leftbehind": [[5, 7]], "leftfront": [[7, 3]], "rightbehind": [[3, 7]], "rightfront": [[7, 5]]}}