{"objects": {"2": "bottle-baby_cleansing_water", "3": "tube-signal", "4": "soap_dish", "5": "soap"}, "semantic_label": {"2": "shampoo_0", "3": "cleanser_0", "4": "soap_dish_0", "5": "soap_0"}, "obj_aabb": {"2": [[-0.12575775103063758, -0.06817724108766787, 0.6225559803912774], [-0.055477042034015885, 0.002947411187653244, 0.7858589096694687]], "3": [[-0.10440577363805507, 0.13648339640441803, 0.6229296863600031], [-0.07105089392944446, 0.1854578539694801, 0.7746149078450131]], "4": [[-0.01455728187895114, -0.015027747198566074, 0.6229695882536497], [0.14545610043398366, 0.14498957490512027, 0.671964342209278]], "5": [[0.036357810205495195, 0.009275773392652877, 0.62625256732821], [0.10497551684565273, 0.12179440369493821, 0.6791878430317209]]}, "sizes": {"2": "medium", "3": "medium", "4": "medium", "5": "medium"}, "distances": {"(2, 3)": 0.14112036609577247, "(2, 4)": 0.0738234749431451, "(2, 5)": 0.11179461687520274, "(3, 2)": 0.14112036609577247, "(3, 4)": 0.08734495450214777, "(3, 5)": 0.12409318886069559, "(4, 2)": 0.0738234749431451, "(4, 3)": 0.08734495450214777, "(4, 5)": -3.742803542401696e-05, "(5, 2)": 0.11179461687520274, "(5, 3)": 0.12409318886069559, "(5, 4)": -3.742803542401696e-05}, "state": {"2": [[-0.09080244903872083, -0.03276093029852677, 0.7039764928112332], [0.704809064001158, 0.0006233921051786161, -0.0006186133027101917, 0.7093965125384227]], "3": [[-0.08772138679388639, 0.16070341539560545, 0.6989305775816557], [0.7066516342769759, 0.00024780400161185823, -0.00022800942267744504, 0.7075615551869386]], "4": [[0.06567984994414201, 0.0649879883678888, 0.6473321974479523], [7.08519065327941e-05, -1.2537288274442187e-05, 0.7069717942781799, 0.7072417386706716]], "5": [[0.07043462940247795, 0.06553904674484237, 0.6530266914473608], [0.021865701222729107, 0.011167422591743616, 0.7111546730358596, 0.702606725559865]]}, "pickable_objects": [2, 3, 5], "scene_graph": {"left": [[3, 2]], "right": [[2, 3]], "front": [[2, 4], [2, 5], [3, 4]], "behind": [[4, 2], [5, 2], [4, 3]], "on": [[4, 5]], "under": [[5, 4]], "leftbehind": [], "leftfront": [[3, 5]], "rightbehind": [[5, 3]], "rightfront": []}}