{"objects": {"2": "cup-new_york", "3": "can-redbull", "4": "remote-led_2"}, "semantic_label": {"2": "cup_0", "3": "can_drink_0", "4": "remote_0"}, "obj_aabb": {"2": [[-0.10311216772257313, -0.06973230309307432, 0.6185109937948261], [0.005664649684557349, 0.07319434009471151, 0.7300841379090928]], "3": [[0.01852565139658528, -0.18054736870807636, 0.6213821868650427], [0.07788506421358785, -0.1129815698131064, 0.7660601619514276]], "4": [[0.01586023136206937, -0.07011588329719524, 0.6217197459974466], [0.12493899735745376, -0.01356975040451737, 0.6396670106514857]]}, "sizes": {"2": "medium", "3": "medium", "4": "medium"}, "distances": {"(2, 3)": 0.09472919930122649, "(2, 4)": 0.031841323278036404, "(3, 2)": 0.09472919930122649, "(3, 4)": 0.05217605570372178, "(4, 2)": 0.031841323278036404, "(4, 3)": 0.052172579372255674}, "state": {"2": [[-0.04861449506183345, 0.0017741568592898951, 0.6745100879488126], [-0.4597384707081775, 0.5247054654318498, 0.5568057706438752, -0.4508791932153583]], "3": [[0.04829058050403677, -0.14670294220592836, 0.6936683561757132], [0.7190110244955552, -0.00014677749532910782, 0.00022892812865979448, 0.6949986134533874]], "4": [[0.07062623137434955, -0.04208099934979806, 0.6307527305138011], [0.7139054016496451, -0.0030538948691470457, 0.003046840332655671, 0.7002288682892004]]}, "pickable_objects": [2, 3, 4], "scene_graph": {"left": [[4, 3]], "right": [[3, 4]], "front": [[2, 4]], "behind": [[4, 2]], "on": [], "under": [], "leftbehind": [], "leftfront": [[2, 3]], "rightbehind": [[3, 2]], "rightfront": []}}