{"objects": {"2": "blue_cup", "3": "can-hoegaarden", "4": "red_marker", "5": "glue_1", "6": "stapler_2"}, "semantic_label": {"2": "cup_0", "3": "can_drink_0", "4": "marker_0", "5": "glue_0", "6": "stapler_0"}, "obj_aabb": {"2": [[0.10567461732635951, -0.40821371347542945, 0.6229850904207699], [0.20970971158110124, -0.27416275333030093, 0.7110217058617136]], "3": [[-0.04340743279837398, -0.35539877154388827, 0.6217226539453649], [0.03596457889667768, -0.2742597173023114, 0.7570109849255788]], "4": [[-0.23395865187221737, -0.10512086073024275, 0.6203056307157473], [-0.07960439963302741, -0.05097957085171832, 0.6483220329552513]], "5": [[0.1481761878356968, -0.07237749463548598, 0.6162291066499119], [0.18917508992313486, 0.017609612707622353, 0.7646969305493494]], "6": [[0.16872231621806952, 0.03946873834089876, 0.62192182472213], [0.20579833370606762, 0.15851073786762582, 0.6511589078555021]]}, "sizes": {"2": "medium", "3": "medium", "4": "medium", "5": "medium", "6": "medium"}, "distances": {"(2, 3)": 0.0742985311781359, "(2, 4)": 0.30144013900982775, "(2, 5)": 0.21129166985690453, "(2, 6)": 0.3206863496718408, "(3, 2)": 0.0742985311781359, "(3, 4)": 0.21853566883260178, "(3, 5)": 0.26043719028512885, "(3, 6)": 0.36327007913125087, "(4, 2)": 0.30144013900982775, "(4, 3)": 0.21853566883260178, "(4, 5)": 0.23606947529379146, "(4, 6)": 0.27731876193065846, "(5, 2)": 0.21129166985690453, "(5, 3)": 0.26043719028512885, "(5, 4)": 0.23606947529379146, "(5, 6)": 0.04153829557762084, "(6, 2)": 0.3206863496718408, "(6, 3)": 0.36327007913125087, "(6, 4)": 0.27731876193065846, "(6, 5)": 0.04153829557762084}, "state": {"2": [[0.15746471244486437, -0.3266908530220577, 0.6628064188100504], [1.0710736136016609e-05, 1.948474613882069e-05, -0.7071067807173592, 0.7071067813061598]], "3": [[-0.0038879240975368675, -0.31495555038238243, 0.6894254175656188], [0.7018326808959071, 0.002525273015472912, -0.0025513849682906897, 0.712332788419433]], "4": [[-0.15678275025791147, -0.07805582664704527, 0.6342064200592806], [0.025781105136816147, 0.01082313877075151, 0.09625998405634129, 0.9949634213148474]], "5": [[0.1688088954183041, -0.027453890504482742, 0.6904725643836289], [-0.004778427652437485, 0.05903866214162627, 0.9982411739440954, 0.0024822659832779777]], "6": [[0.18722207779074093, 0.09899259935998607, 0.6366290060774347], [-0.0007441323707812666, 0.006795033293480385, -0.7081701332604311, 0.7060087365942851]]}, "pickable_objects": [2, 3, 4, 5, 6], "scene_graph": {"left": [[5, 2], [6, 5]], "right": [[2, 5], [5, 6]], "front": [[3, 2], [4, 5]], "behind": [[2, 3], [5, 4]], "on": [], "under": [], "leftbehind": [[6, 4], [5, 3]], "leftfront": [[4, 3]], "rightbehind": [[3, 4]], "rightfront": [[3, 5], [4, 6]]}}