{"objects": {"2": "square_plate_3", "3": "cutlery-fork_1_new", "4": "cutlery-knife_1_new", "5": "plastic_lemon", "6": "green_bowl", "7": "glass-new_1"}, "semantic_label": {"2": "plate_0", "3": "fork_0", "4": "knife_0", "5": "fruit_0", "6": "bowl_0", "7": "glass_0"}, "obj_aabb": {"2": [[0.04523085841596479, -0.14800261427195072, 0.6229535980692663], [0.22983456122052648, 0.03529032010081541, 0.6552697344745867]], "3": [[-0.291000137267176, -0.08989807364280286, 0.6182809567430273], [-0.176461112631928, 0.10015582905147541, 0.6483051207763376]], "4": [[0.053902054656345164, 0.12106574114846219, 0.6228066251353196], [0.26590937613786486, 0.14857638340890694, 0.6331353225636208]], "5": [[0.0995044639896136, -0.09716078409405629, 0.6110277242552244], [0.18970819566337344, 0.0004493568925038119, 0.7171622525791439]], "6": [[-0.1913377846878487, -0.13480874067050236, 0.6220846749637888], [-0.023032517245055534, 0.03470538921572897, 0.6836030543107575]], "7": [[0.08534288463284717, 0.2112385591737193, 0.6200530619619145], [0.18425743414787832, 0.31685433745767705, 0.7618992692859117]]}, "sizes": {"2": "medium", "3": "medium", "4": "medium", "5": "medium", "6": "small", "7": "medium"}, "distances": {"(2, 3)": 0.2360788018695181, "(2, 4)": 0.09199487191524357, "(2, 5)": -9.920353322618192e-06, "(2, 6)": 0.09198642881495366, "(2, 7)": 0.18941807195970367, "(3, 2)": 0.2360788018695181, "(3, 4)": 0.3062514992593545, "(3, 5)": 0.3009498815302946, "(3, 6)": 0.02967895899004829, "(3, 7)": 0.3916636953970424, "(4, 2)": 0.09199487191524357, "(4, 3)": 0.3062514992593545, "(4, 5)": 0.1446178848969553, "(4, 6)": 0.1794961823835761, "(4, 7)": 0.08265781467673583, "(5, 2)": -9.9263788428945e-06, "(5, 3)": 0.3009498815302946, "(5, 4)": 0.1446178848969553, "(5, 6)": 0.15274531241130399, "(5, 7)": 0.23510745453064594, "(6, 2)": 0.09198642881495366, "(6, 3)": 0.02967895899004829, "(6, 4)": 0.1794961823835761, "(6, 5)": 0.15274531241130399, "(6, 7)": 0.28469914181335065, "(7, 2)": 0.18941807195970367, "(7, 3)": 0.3916636953970424, "(7, 4)": 0.08265781467673583, "(7, 5)": 0.23510745453064594, "(7, 6)": 0.28469914181335065}, "state": {"2": [[0.13752254086539503, -0.05612931042341085, 0.6393348334839586], [-9.076687542780453e-06, 9.71661451838363e-05, 0.7071066092565238, 0.7071069463822964]], "3": [[-0.23372210670301719, 0.0051498175019881, 0.6332309116470651], [0.38735593059688217, 0.59908625491505, 0.5991325956863363, 0.36344349628165906]], "4": [[0.15997381022967946, 0.13471478498134573, 0.6279898570432955], [-0.0002635885494411651, 0.7044842329405823, 0.7097195320058607, 0.00028626662058150386]], "5": [[0.14797267446830586, -0.05382918875582517, 0.6250799589739405], [0.2656126263367077, 0.11468213296875006, -0.004063113123445166, 0.9572259044865014]], "6": [[-0.10727119183337928, -0.05004873667179272, 0.6527260809632875], [-0.002607265906841624, -0.003794214134117118, -0.8009896337266426, 0.598660515456009]], "7": [[0.13474717116963209, 0.2638722210676837, 0.6909074270901001], [0.7241604409685529, 0.00012483733637395846, -0.00021258606635996552, 0.6896314921456494]]}, "pickable_objects": [3, 4, 5, 6, 7], "scene_graph": {"left": [[4, 2], [4, 5], [7, 4]], "right": [[4, 7], [5, 4], [2, 4]], "front": [[3, 6], [6, 2], [6, 5]], "behind": [[2, 6], [6, 3], [5, 6]], "on": [[2, 5]], "under": [[5, 2]], "leftbehind": [], "leftfront": [], "rightbehind": [], "rightfront": []}}