{"objects": {"2": "round_plate_3", "3": "cutlery-fork_2_new", "4": "cutlery-knife_3_new", "5": "plastic_apple", "6": "green_bowl", "7": "glass-new_12"}, "semantic_label": {"2": "plate_0", "3": "fork_0", "4": "knife_0", "5": "fruit_0", "6": "bowl_0", "7": "glass_0"}, "obj_aabb": {"2": [[0.10166220328536998, -0.2982230443773366, 0.6199986759543016], [0.2938319336927153, -0.10611892776634821, 0.6585938523976899]], "3": [[-0.3662019009998857, -0.3280638991885986, 0.6177876491789505], [-0.17739231138784617, -0.2669253405602072, 0.6492155057842657]], "4": [[-0.3579429806520718, -0.3702967537888222, 0.6213682196402215], [-0.1401434936437383, -0.2835592737920183, 0.6346180568048894]], "5": [[-0.32949026132667253, -0.4465725339442916, 0.6217186816318028], [-0.21431204412356625, -0.32963670712047527, 0.7039381776824878]], "6": [[-0.07834887783127051, -0.27556664718482055, 0.6221062772169439], [0.058401985401305444, -0.14015546500746762, 0.6835799904871052]], "7": [[-0.06647334059388951, 0.07210591576099593, 0.6229678030485126], [0.04058535504609849, 0.17996499008133557, 0.8004442141338506]]}, "sizes": {"2": "medium", "3": "medium", "4": "medium", "5": "medium", "6": "small", "7": "medium"}, "distances": {"(2, 3)": 0.295011324927623, "(2, 4)": 0.2628781250740264, "(2, 5)": 0.3710427034013555, "(2, 6)": 0.05303273904930647, "(2, 7)": 0.25398722539929725, "(3, 2)": 0.295011324927623, "(3, 4)": 0.008140580347030552, "(3, 5)": 0.04980390351776838, "(3, 6)": 0.12980795291630687, "(3, 7)": 0.39561781059085466, "(4, 2)": 0.2628781250740264, "(4, 3)": 0.008140580347030552, "(4, 5)": 0.015798094580138117, "(4, 6)": 0.10323199960944669, "(4, 7)": 0.39188495350808883, "(5, 2)": 0.3710427034013555, "(5, 3)": 0.04980390351776838, "(5, 4)": 0.015798094580138117, "(5, 6)": 0.21251664136637963, "(5, 7)": 0.49366630389164645, "(6, 2)": 0.05303273904930645, "(6, 3)": 0.12980795291630684, "(6, 4)": 0.10323199960944669, "(6, 5)": 0.21251664136637963, "(6, 7)": 0.23005601013685215, "(7, 2)": 0.25398722539929725, "(7, 3)": 0.39561781059085466, "(7, 4)": 0.39188495350808883, "(7, 5)": 0.49366630389164645, "(7, 6)": 0.23005601013685215}, "state": {"2": [[0.1977384844511701, -0.2019028639521076, 0.6394697276475636], [0.006981006090499792, -0.005441900581873511, 0.9999607662344482, -0.0003424380774743057]], "3": [[-0.2715081068899916, -0.2974511455139777, 0.6334563332757693], [-0.04435866326721754, 0.7052459422655326, 0.7039914547544476, -0.07110908200689398]], "4": [[-0.24886299529676317, -0.3268728474654535, 0.6280786783798006], [0.7018820565405641, 0.10469914837853928, 0.09619956542993247, 0.6979579576495201]], "5": [[-0.2708951847163038, -0.38576146682622525, 0.6272031813446745], [-0.014895796294281297, -0.001179689493200234, -0.29114052619367453, 0.9565635983002537]], "6": [[-0.009951934588539393, -0.2079444100532534, 0.6527253457777178], [0.0014654552676879702, -0.004208097513320668, -2.008660505809619e-06, 0.9999900721267897]], "7": [[-0.012949999016958294, 0.12609016506477233, 0.7116639137792639], [0.7071779367390051, 2.18455507775031e-05, -2.3870938540974e-05, 0.7070356177325963]]}, "pickable_objects": [2, 3, 4, 5, 6, 7], "scene_graph": {"left": [[3, 5], [4, 5], [7, 6]], "right": [[5, 4], [5, 3], [6, 7]], "front": [[6, 2], [4, 6], [3, 6]], "behind": [[2, 6], [6, 4], [6, 3]], "on": [], "under": [], "leftbehind": [[6, 5]], "leftfront": [[3, 4], [7, 2]], "rightbehind": [[2, 7], [4, 3]], "rightfront": [[5, 6]]}}