{"objects": {"2": "plate", "3": "cutlery-fork_1", "4": "cutlery-knife_1", "5": "plastic_apple", "6": "green_bowl", "7": "glass-small_3"}, "semantic_label": {"2": "plate_0", "3": "fork_0", "4": "knife_0", "5": "fruit_0", "6": "bowl_0", "7": "glass_0"}, "obj_aabb": {"2": [[-0.04335127985952823, -0.4250758371028756, 0.6229841353995753], [0.19871189394607408, -0.18411076586018665, 0.6519207901475608]], "3": [[-0.10951881575087696, -0.1453283238482122, 0.609150512045847], [0.09318361081307186, -0.1026423953511004, 0.66311728619772]], "4": [[-0.10484513284537647, 0.18712970511199237, 0.6229899995484113], [0.10824000723668331, 0.21596587031381523, 0.6352289054813279]], "5": [[0.1484615901318337, -0.09123831950290201, 0.6215231560951331], [0.2661045704747244, 0.025310992485705154, 0.7041525768100259]], "6": [[-0.26166444023390456, -0.0299641708827824, 0.6221501588019073], [-0.12453571425629165, 0.10583498290914649, 0.6835501913148715]], "7": [[0.04806361004846192, 0.20244003062688748, 0.6215327527706155], [0.14102371661563717, 0.2925168462801165, 0.7538049482494774]]}, "sizes": {"2": "medium", "3": "medium", "4": "medium", "5": "medium", "6": "small", "7": "medium"}, "distances": {"(2, 3)": 0.06717282404036978, "(2, 4)": 0.38819516802828546, "(2, 5)": 0.15642414733226698, "(2, 6)": 0.2653949878653233, "(2, 7)": 0.4164520913776066, "(3, 2)": 0.06717282404036978, "(3, 4)": 0.2996272804513365, "(3, 5)": 0.11061295350796567, "(3, 6)": 0.11123472877362489, "(3, 7)": 0.32764595166991634, "(4, 2)": 0.38819516802828546, "(4, 3)": 0.2996272804513365, "(4, 5)": 0.21182503911563358, "(4, 6)": 0.12028910095032541, "(4, 7)": 0.006548523232315138, "(5, 2)": 0.15642414733226698, "(5, 3)": 0.11061295350796567, "(5, 4)": 0.21182503911563358, "(5, 6)": 0.3008979385214282, "(5, 7)": 0.2359405244643568, "(6, 2)": 0.2653949878653233, "(6, 3)": 0.11123472877362489, "(6, 4)": 0.12028910095032541, "(6, 5)": 0.3008979385214282, "(6, 7)": 0.26310784977723656, "(7, 2)": 0.4164520913776066, "(7, 3)": 0.32764595166991634, "(7, 4)": 0.006548523232315138, "(7, 5)": 0.2359405244643568, "(7, 6)": 0.26310784977723656}, "state": {"2": [[0.07892511884788592, -0.29512222438708346, 0.6291133478452241], [-1.7778207764333368e-05, 6.3288675343399955e-06, 0.6599365957219625, 0.7513212956324262]], "3": [[-0.008184381982333046, -0.12405150897235213, 0.6359656522192791], [0.021619817174570656, 0.6511353536382245, 0.7580283529283673, -0.030795306533127353]], "4": [[0.0014147658930295359, 0.2016069327509661, 0.6291501849535247], [-4.0001138442113995e-10, 0.7071067924437663, 0.7071067699293286, -3.9902710614429224e-10]], "5": [[0.2033293755019702, -0.03132924782485181, 0.6273786284183595], [-0.005008690601888759, 0.020275563856307185, 0.2955528684509728, 0.95509806641997]], "6": [[-0.19307885149650714, 0.03785196421910604, 0.6527323973131017], [0.0013544970221689373, -0.004043174253641687, -0.0014797596299049513, 0.9999898141437288]], "7": [[0.09440459047275677, 0.24749974506540795, 0.6876320353969878], [0.6482535102476338, -0.2992794150848436, -0.284181603860408, 0.6398750145031613]]}, "pickable_objects": [2, 3, 4, 5, 6, 7], "scene_graph": {"left": [[3, 2], [5, 2], [7, 5]], "right": [[2, 3], [2, 5], [5, 7]], "front": [], "behind": [], "on": [], "under": [], "leftbehind": [[4, 6], [5, 3], [7, 4]], "leftfront": [[6, 3], [6, 2], [4, 5]], "rightbehind": [[2, 6], [3, 6], [5, 4]], "rightfront": [[3, 5], [4, 7], [6, 4]]}}