{"objects": {"2": "round_plate_3", "3": "cutlery-fork_2_new", "4": "cutlery-knife_1_new", "5": "plastic_lemon", "6": "doraemon_bowl", "7": "glass-new_1"}, "semantic_label": {"2": "plate_0", "3": "fork_0", "4": "knife_0", "5": "fruit_0", "6": "bowl_0", "7": "glass_0"}, "obj_aabb": {"2": [[-0.10634878995027293, -0.0006753499217736492, 0.6199291333534703], [0.08572121168459772, 0.1913221590438129, 0.658674315837153]], "3": [[-0.09328044675596231, -0.10040741429586805, 0.6177831817787984], [0.09294434173830413, -0.06893343459314635, 0.6492207105296506]], "4": [[-0.3170027734987706, 0.1382203924083686, 0.6222651530240895], [-0.10995836121153997, 0.24250838862842994, 0.633685412404015]], "5": [[-0.04986919248433224, 0.0484061835154589, 0.6123487061652461], [0.04547458478115777, 0.14949125976636163, 0.723601685862444]], "6": [[-0.31005369943008676, -0.22574058138889186, 0.6212785582020233], [-0.08817410263094598, 0.000981759700228832, 0.6866485868258791]], "7": [[-0.242588375023647, 0.32781123738052614, 0.6200532722162554], [-0.1436738466121264, 0.4334249389348615, 0.7618990000814768]]}, "sizes": {"2": "medium", "3": "medium", "4": "medium", "5": "medium", "6": "small", "7": "medium"}, "distances": {"(2, 3)": 0.07938634366450129, "(2, 4)": 0.0738834013559592, "(2, 5)": -1.0616493992262211e-05, "(2, 6)": 0.10148352199244763, "(2, 7)": 0.2030369254020256, "(3, 2)": 0.07938634366450129, "(3, 4)": 0.28318520449617496, "(3, 5)": 0.14606841093331624, "(3, 6)": 0.03415152440851363, "(3, 7)": 0.4226926085636263, "(4, 2)": 0.0738834013559592, "(4, 3)": 0.2831852044961749, "(4, 5)": 0.14308935799240682, "(4, 6)": 0.20349135763460252, "(4, 7)": 0.12570424055581844, "(5, 2)": -1.0616493992261344e-05, "(5, 3)": 0.14606841093331624, "(5, 4)": 0.14308935799240682, "(5, 6)": 0.16004345208927725, "(5, 7)": 0.2648635283074684, "(6, 2)": 0.10148352199244763, "(6, 3)": 0.03415152440851363, "(6, 4)": 0.20349135763460252, "(6, 5)": 0.16004345208927725, "(6, 7)": 0.362793002087531, "(7, 2)": 0.2030369254020256, "(7, 3)": 0.4226926085636263, "(7, 4)": 0.12570424055581844, "(7, 5)": 0.2648635283074684, "(7, 6)": 0.362793002087531}, "state": {"2": [[-0.010322167770668498, 0.09559142106427107, 0.6394753612423036], [0.007050734565510906, -0.005764999729724283, 0.9999585250711914, -7.592787697115309e-06]], "3": [[0.00012417163707589422, -0.08467431451208603, 0.6334566960521193], [0.01308516719778573, 0.7064448419003678, 0.7075146786971638, -0.013690989000783136]], "4": [[-0.21337794938793703, 0.19029092876629272, 0.6279942897901942], [-0.13503331801523863, 0.690709596743664, 0.697975999913261, -0.1323471176002114]], "5": [[-0.0020894187650274663, 0.09539862880893042, 0.6285943766893314], [0.2861084581385925, 0.16016010216354895, 0.001955412243393228, 0.944715231283733]], "6": [[-0.199068134903553, -0.11241821259904841, 0.6539564968761937], [-0.0057506981522802755, 0.001816209515087606, 0.9056980961171014, -0.4238803953282297]], "7": [[-0.19318409807095255, 0.3804438598176518, 0.6909073996370519], [0.724156926902804, 0.00012911966519293158, -0.0002117248878646675, 0.6896351816137072]]}, "pickable_objects": [3, 4, 5, 6, 7], "scene_graph": {"left": [[7, 4], [2, 3], [5, 3]], "right": [[3, 2], [3, 5], [4, 7]], "front": [[4, 2], [4, 5], [6, 3]], "behind": [[2, 4], [3, 6], [5, 4]], "on": [[2, 5]], "under": [[5, 2]], "leftbehind": [[2, 6], [5, 6]], "leftfront": [[7, 2], [7, 5]], "rightbehind": [[2, 7], [5, 7]], "rightfront": [[6, 2], [6, 5]]}}