{"objects": {"2": "bottle-baby_cleansing_water", "3": "tube-wasabi", "4": "soap_dish", "5": "soap"}, "semantic_label": {"2": "shampoo_0", "3": "cleanser_0", "4": "soap_dish_0", "5": "soap_0"}, "obj_aabb": {"2": [[0.16038742046503757, -0.24685921679026174, 0.6225584784393536], [0.25996871026326496, -0.14693866081032175, 0.7858556063744424]], "3": [[-0.10000265763553152, 0.04867767825114286, 0.6229900000727262], [-0.06970794691742717, 0.09007451494920449, 0.7719748969709976]], "4": [[-0.01920612217254407, -0.1034873923633825, 0.6229624916402053], [0.14084565808432203, 0.05657807001051893, 0.6719772491594297]], "5": [[0.026302970812606193, -0.08002882184796077, 0.625754137741496], [0.09609765893358688, 0.03338249356579055, 0.6797177506085464]]}, "sizes": {"2": "medium", "3": "medium", "4": "medium", "5": "medium"}, "distances": {"(2, 3)": 0.35134144759945496, "(2, 4)": 0.11735732892599632, "(2, 5)": 0.14314870216181133, "(3, 2)": 0.35134144759945496, "(3, 4)": 0.08085285184282066, "(3, 5)": 0.11308328908725705, "(4, 2)": 0.11735732892599632, "(4, 3)": 0.08085285184282066, "(4, 5)": -2.003816213244549e-05, "(5, 2)": 0.14314870216181133, "(5, 3)": 0.11308328908725705, "(5, 4)": -2.003816213244549e-05}, "state": {"2": [[0.2101571196201084, -0.19713371343626646, 0.7039760749075371], [0.6470365551248499, 0.2794664456846402, 0.2801923589210832, 0.6517165365945536]], "3": [[-0.08492050649823463, 0.06930587860333798, 0.6974733960664367], [0.707106781186555, -4.8522496170611886e-14, -2.633614848150628e-14, 0.70710678118654]], "4": [[0.06105022761318643, -0.023447698247980445, 0.6473351292811853], [-0.00011504683178747104, 8.290991186012563e-05, 0.7068828343173031, 0.7073306429370279]], "5": [[0.06096953967473479, -0.023323434547165848, 0.6530434048528975], [0.025743360266212375, 0.010244794765763624, 0.7143032667423983, 0.6992876137209565]]}, "pickable_objects": [2, 3, 5], "scene_graph": {"left": [], "right": [], "front": [[3, 4]], "behind": [[4, 3]], "on": [[4, 5]], "under": [[5, 4]], "leftbehind": [], "leftfront": [[3, 5], [4, 2], [5, 2]], "rightbehind": [[2, 4], [2, 5], [5, 3]], "rightfront": []}}