{"objects": {"2": "cup-red_heart", "3": "can-hoegaarden", "4": "black_marker", "5": "glue_2", "6": "stapler_1"}, "semantic_label": {"2": "cup_0", "3": "can_drink_0", "4": "marker_0", "5": "glue_0", "6": "stapler_0"}, "obj_aabb": {"2": [[0.14973099134940415, -0.17255101059452263, 0.6227062817230095], [0.2586596446323746, -0.029082438776538072, 0.7189937243780679]], "3": [[-0.332324018470561, -0.34075287742239224, 0.6217226513564779], [-0.22386361084194722, -0.2300902050168896, 0.7570109861234026]], "4": [[0.11867625583775814, 0.15877259438695834, 0.6209371937780661], [0.24366705767733599, 0.2834056674277872, 0.6471172457689784]], "5": [[0.17953403517616404, 0.14697087756251268, 0.6196422010149198], [0.2460672802815774, 0.21632720254059182, 0.7925156991556448]], "6": [[-0.030940326883604874, 0.24025623123133036, 0.62179481815272], [0.02517903417930325, 0.329970124920406, 0.6822133933002004]]}, "sizes": {"2": "medium", "3": "medium", "4": "medium", "5": "medium", "6": "medium"}, "distances": {"(2, 3)": 0.43295219447900196, "(2, 4)": 0.20913783800690652, "(2, 5)": 0.18493688660939653, "(2, 6)": 0.32935477736144503, "(3, 2)": 0.43295219447900196, "(3, 4)": 0.5732499585899675, "(3, 5)": 0.6115660143037517, "(3, 6)": 0.5565291341033669, "(4, 2)": 0.20913783800690652, "(4, 3)": 0.5732499585899675, "(4, 5)": 0.00949954931048936, "(4, 6)": 0.12878353764074804, "(5, 2)": 0.18493688660939653, "(5, 3)": 0.6115660143037517, "(5, 4)": 0.009499549310489365, "(5, 6)": 0.1774184495144091, "(6, 2)": 0.32935477736144503, "(6, 3)": 0.5565291341033669, "(6, 4)": 0.12878353764074804, "(6, 5)": 0.1774184495144091}, "state": {"2": [[0.20420787328535306, -0.10092515621697273, 0.6709128945911186], [0.4990473217016214, 0.49989141962906414, 0.5001047100504337, 0.5009547068039671]], "3": [[-0.27816961309708377, -0.28561629514351333, 0.6894254168761443], [0.6747132544953588, 0.19322910458852388, 0.19119819963742637, 0.6861980660156406]], "4": [[0.18111561224521627, 0.2211559943433667, 0.6340758875238452], [-0.021694646716892294, 0.04156405778861249, 0.9230614980780473, -0.38178428748428783]], "5": [[0.21262689827063683, 0.18182187018594692, 0.7034214113022275], [-0.021018688298129324, 0.034863975955357174, -0.7076508299328986, 0.7053885601695636]], "6": [[-0.0026760501415023087, 0.2851629088001222, 0.651883730098356], [0.009792282800288793, -0.006272350590816715, 0.7694571548663377, 0.6385925583974698]]}, "pickable_objects": [2, 3, 4, 5, 6], "scene_graph": {"left": [[5, 2], [4, 2]], "right": [[2, 5], [2, 4]], "front": [[6, 4]], "behind": [[4, 6]], "on": [], "under": [], "leftbehind": [], "leftfront": [[4, 5], [6, 5]], "rightbehind": [[5, 4], [5, 6]], "rightfront": []}}