{"objects": {"2": "cup-stanford", "3": "can-beer_delta", "4": "small_marker", "5": "glue_2", "6": "stapler_2"}, "semantic_label": {"2": "cup_0", "3": "can_drink_0", "4": "marker_0", "5": "glue_0", "6": "stapler_0"}, "obj_aabb": {"2": [[0.2033984920072705, -0.3159439969183429, 0.6221036501306972], [0.2980228108479837, -0.17806264900156088, 0.7343388873196665]], "3": [[0.0714288635282146, -0.27699885360374826, 0.6224676477841302], [0.1496938958858215, -0.1967503473337339, 0.7567028148569737]], "4": [[0.17788804046799522, -0.10885454171453543, 0.6222413566625594], [0.33442246573467316, -0.08867546328634535, 0.6433320205222656]], "5": [[-0.14315890294979394, -0.08657736309818154, 0.6204823641887431], [-0.0698203417932322, -0.01546353352172141, 0.7919730711521982]], "6": [[0.2584831095462643, 0.064557713430439, 0.6219218930376927], [0.2955590778303425, 0.18359975253096286, 0.6511587632029531]]}, "sizes": {"2": "medium", "3": "medium", "4": "medium", "5": "medium", "6": "medium"}, "distances": {"(2, 3)": 0.0585768470760667, "(2, 4)": 0.07467392011618773, "(2, 5)": 0.3215335548736179, "(2, 6)": 0.24859582316975193, "(3, 2)": 0.05858514225436106, "(3, 4)": 0.11237371241928865, "(3, 5)": 0.21729004052931064, "(3, 6)": 0.30450180412022465, "(4, 2)": 0.0746739201161877, "(4, 3)": 0.11237371241928865, "(4, 5)": 0.25900602401617034, "(4, 6)": 0.15821488220622332, "(5, 2)": 0.3215335548736179, "(5, 3)": 0.21729004052931064, "(5, 4)": 0.25900602401617034, "(5, 6)": 0.3584804501635969, "(6, 2)": 0.24859582316975193, "(6, 3)": 0.30450180412022465, "(6, 4)": 0.15821488220622332, "(6, 5)": 0.3584804501635969}, "state": {"2": [[0.2509810674997554, -0.247229915991402, 0.678245813187304], [0.4987913574481313, 0.5028205985790475, 0.49716716417890366, 0.5012019934537036]], "3": [[0.11024926249636346, -0.23700299860747903, 0.689615252127774], [0.7101905311403686, 0.0002644028569714867, -0.00027090092429560167, 0.7040094219414821]], "4": [[0.25614523405677636, -0.09886323552443119, 0.6326320748030181], [0.0006641391363102642, 0.003538793160930965, -0.0006246322685930976, 0.9999933228260581]], "5": [[-0.1066381852911438, -0.05114949872439079, 0.7035661673633066], [-0.033708313053883575, 0.004323511679275292, -0.05414575915594346, 0.9979545548987925]], "6": [[0.2769828459780131, 0.12408159427257338, 0.6366289676752158], [-0.0007419470822523258, 0.0067928919997979394, -0.7081705076621942, 0.7060083839518311]]}, "pickable_objects": [2, 3, 4, 5, 6], "scene_graph": {"left": [[4, 2], [6, 4]], "right": [[2, 4], [4, 6]], "front": [[3, 2], [5, 4]], "behind": [[2, 3], [4, 5]], "on": [], "under": [], "leftbehind": [[4, 3]], "leftfront": [[5, 3]], "rightbehind": [[3, 5]], "rightfront": [[3, 4]]}}