{"objects": {"2": "cup-red_heart", "3": "can-beer_delta", "4": "black_marker", "5": "stapler_1", "6": "glue_1"}, "semantic_label": {"2": "cup_0", "3": "can_drink_0", "4": "marker_0", "5": "stapler_0", "6": "glue_0"}, "obj_aabb": {"2": [[0.1209478077270901, 0.1294391054002199, 0.6226830941213791], [0.22990613282271968, 0.27290949967048506, 0.7190052947821085]], "3": [[0.01508294584241477, 0.12465449393711431, 0.6224581418346724], [0.10633081030000013, 0.21770424194820692, 0.7567034019317542]], "4": [[0.22151610101649447, -0.3796900840903029, 0.6209502220624845], [0.3169802047638396, -0.23506705331722114, 0.6471048386103486]], "5": [[0.056088960051681985, -0.42239172170626155, 0.6218086868316827], [0.14268393450833392, -0.3327240814049261, 0.6821164155203906]], "6": [[0.1916247139957864, -0.12895753956765926, 0.6162030636343474], [0.2328834252174954, -0.03889349967180122, 0.7647691748033976]]}, "sizes": {"2": "medium", "3": "medium", "4": "medium", "5": "medium", "6": "medium"}, "distances": {"(2, 3)": 0.025782302564887172, "(2, 4)": 0.37976146831887053, "(2, 5)": 0.47893908769295335, "(2, 6)": 0.18988020354782334, "(3, 2)": 0.025782302564887172, "(3, 4)": 0.41127154692666407, "(3, 5)": 0.4733399360507734, "(3, 6)": 0.2305874225115513, "(4, 2)": 0.37976146831887053, "(4, 3)": 0.41127154692666407, "(4, 5)": 0.1468906386123761, "(4, 6)": 0.11957089268725081, "(5, 2)": 0.47893908769295335, "(5, 3)": 0.4733399360507734, "(5, 4)": 0.1468906386123761, "(5, 6)": 0.24472600458746813, "(6, 2)": 0.18988020354782334, "(6, 3)": 0.2305874225115513, "(6, 4)": 0.11957089268725081, "(6, 5)": 0.24472600458746813}, "state": {"2": [[0.1754144345285086, 0.2012827332743747, 0.6709070912577351], [0.4998178414584508, -0.49896950668229373, -0.501034893556087, 0.5001755613784868]], "3": [[0.06037674617554476, 0.17110922685031177, 0.6896107325693653], [0.7073869315922515, -0.06394215772664172, -0.06383276440762858, 0.7010281789385079]], "4": [[0.2693277562336719, -0.30734298677907795, 0.6340762898554404], [0.01983617187715241, 0.041899701197242734, 0.8609624784690196, 0.506551628161755]], "5": [[0.09923767173801226, -0.377707639982877, 0.6518431054239703], [-0.005261382845716208, -0.00989056365225706, -0.4052988893631909, 0.9141155861717682]], "6": [[0.21238730663874028, -0.08399546852617884, 0.6904959380342744], [-0.0056490300111833635, 0.05932561692596988, 0.9982194407642223, 0.0025510226672963605]]}, "pickable_objects": [2, 3, 4, 5, 6], "scene_graph": {"left": [[2, 6], [6, 4]], "right": [[4, 6], [6, 2]], "front": [[3, 2], [5, 4]], "behind": [[2, 3], [4, 5]], "on": [], "under": [], "leftbehind": [[6, 5]], "leftfront": [[3, 6]], "rightbehind": [[6, 3]], "rightfront": [[5, 6]]}}