{"objects": {"2": "cup-red_heart", "3": "can-hoegaarden", "4": "red_marker", "5": "glue_2", "6": "stapler_1"}, "semantic_label": {"2": "cup_0", "3": "can_drink_0", "4": "marker_0", "5": "glue_0", "6": "stapler_0"}, "obj_aabb": {"2": [[0.17620284093099314, -0.22053318285911072, 0.6227062817230096], [0.2851314942139635, -0.07706461104112633, 0.7189937243780677]], "3": [[0.026190349557458317, -0.17735492741417494, 0.6217226529176588], [0.10556137284214188, -0.09621487715355384, 0.7570109861879392]], "4": [[0.16053159031326147, 0.014166812599024197, 0.620795147707352], [0.31288658438148703, 0.0386417791577254, 0.6477156380173862]], "5": [[-0.3034070046859332, 0.2971661470829936, 0.6205096121252781], [-0.21095137819513698, 0.3883863596573811, 0.7919546836408261]], "6": [[0.02458211905298048, -0.38699754957245713, 0.6220658271282113], [0.11130059028017715, -0.3378969351496478, 0.6819504900942037]]}, "sizes": {"2": "medium", "3": "medium", "4": "medium", "5": "medium", "6": "medium"}, "distances": {"(2, 3)": 0.07579479798869454, "(2, 4)": 0.10254347063431635, "(2, 5)": 0.5999341485989717, "(2, 6)": 0.18023433089059548, "(3, 2)": 0.07579479798869454, "(3, 4)": 0.14696976438198048, "(3, 5)": 0.5137628747284975, "(3, 6)": 0.16930242214417468, "(4, 2)": 0.10254347063431635, "(4, 3)": 0.14696976438198048, "(4, 5)": 0.4927868480341204, "(4, 6)": 0.37002943450333536, "(5, 2)": 0.5999341485989717, "(5, 3)": 0.5137628747284975, "(5, 4)": 0.4927868480341204, "(5, 6)": 0.7186508183502697, "(6, 2)": 0.18023433089059548, "(6, 3)": 0.16930242214417468, "(6, 4)": 0.37002943450333536, "(6, 5)": 0.7186508183502697}, "state": {"2": [[0.230679722866942, -0.1489073284815609, 0.6709128945911186], [0.49904732170162164, 0.4998914196290646, 0.5001047100504343, 0.5009547068039666]], "3": [[0.06570936242628117, -0.13691120609583607, 0.6894254176889522], [0.7018327068572217, 0.002520764174725678, -0.0025560017631217594, 0.712332762259625]], "4": [[0.2367114399007897, 0.0264149944824473, 0.6341483868992046], [-0.008603739089390751, 0.0014002070364597104, 0.9999618528400783, 0.0005549401536889767]], "5": [[-0.2569855343329347, 0.3428009240307768, 0.7035704823760239], [-0.013651394644063843, -0.030900742226937315, 0.9391638873333894, 0.3418040027309993]], "6": [[0.06793174484789802, -0.36265819456149495, 0.6518888696062597], [-0.001710454211636759, -0.008231263815589729, -0.04734511746183989, 0.9988432111672545]]}, "pickable_objects": [2, 3, 4, 5, 6], "scene_graph": {"left": [[3, 6], [4, 2]], "right": [[2, 4], [6, 3]], "front": [[3, 2]], "behind": [[2, 3]], "on": [], "under": [], "leftbehind": [[2, 6], [4, 3]], "leftfront": [], "rightbehind": [], "rightfront": [[3, 4], [6, 2]]}}