{"objects": {"2": "square_plate_1", "3": "cutlery-fork_1", "4": "cutlery-knife_1_new", "5": "plastic_plum", "6": "yellow_bowl", "7": "glass-new_6"}, "semantic_label": {"2": "plate_0", "3": "fork_0", "4": "knife_0", "5": "fruit_0", "6": "bowl_0", "7": "glass_0"}, "obj_aabb": {"2": [[0.045151592700966026, -0.14818701378351828, 0.6213748765402618], [0.2299139201057443, 0.03620295561778529, 0.6570315156999493]], "3": [[0.047531444477313375, -0.2734923894421263, 0.6085987834449109], [0.2499987380664495, -0.22599443593320676, 0.6661317035931058]], "4": [[0.053902045757572056, 0.12106567906476672, 0.6228066332382824], [0.2659093849805386, 0.14857644949673984, 0.6331353069156935]], "5": [[0.09692780890306946, -0.11144245860330784, 0.6086714226510086], [0.20010994657185305, -0.00046379617568172854, 0.7291779824129638]], "6": [[-0.12426486808874912, -0.1293281861914267, 0.622973102461006], [0.012003626328041493, 0.005932513605342242, 0.6827260051842202]], "7": [[-0.1017138763202294, 0.2073427142453835, 0.6226651839954825], [-0.01670854176120644, 0.29254241711082646, 0.7974312480604105]]}, "sizes": {"2": "medium", "3": "medium", "4": "medium", "5": "medium", "6": "small", "7": "medium"}, "distances": {"(2, 3)": 0.09078283367223752, "(2, 4)": 0.09235134560937416, "(2, 5)": -1.6124458228192976e-05, "(2, 6)": 0.042532295688021145, "(2, 7)": 0.21321873957366788, "(3, 2)": 0.09078283367223752, "(3, 4)": 0.35944908104147993, "(3, 5)": 0.15575880966731945, "(3, 6)": 0.1446952406063387, "(3, 7)": 0.46239015745554707, "(4, 2)": 0.09235134560937416, "(4, 3)": 0.35944908104147993, "(4, 5)": 0.14839614932706593, "(4, 6)": 0.15869183641387655, "(4, 7)": 0.12362686568147932, "(5, 2)": -1.6124458228192976e-05, "(5, 3)": 0.15575880966731945, "(5, 4)": 0.14839614932706593, "(5, 6)": 0.10182689037848752, "(5, 7)": 0.29315243227777826, "(6, 2)": 0.042532295688021145, "(6, 3)": 0.1446952406063387, "(6, 4)": 0.15869183641387655, "(6, 5)": 0.10182689037848752, "(6, 7)": 0.2112167443543585, "(7, 2)": 0.21321873957366788, "(7, 3)": 0.46239015745554707, "(7, 4)": 0.12362686568147932, "(7, 5)": 0.29315243227777826, "(7, 6)": 0.2112167443543585}, "state": {"2": [[0.13752281256550747, -0.056132419423723455, 0.6390676901564], [0.0040534795917459, 0.004001827435895378, 0.7070957687720448, 0.7070948511091306]], "3": [[0.1487476711966586, -0.24978310942886672, 0.637188934070882], [0.02205037309289552, 0.5913705775128694, 0.8055297570737713, -0.03027262075259699]], "4": [[0.15997381013305464, 0.13471478695587202, 0.6279898533630895], [-0.00026336138045506105, 0.7044845411414888, 0.7097192260702777, 0.00028649547154124263]], "5": [[0.14424320743817237, -0.049921344335532455, 0.62937250231758], [0.3797517507733274, 0.17544681592764638, 0.0008193573009487461, 0.9082986024535414]], "6": [[-0.05613116146217874, -0.06174427760416883, 0.6528339006309468], [-7.073226025053672e-05, -1.779590692317354e-05, -3.658706740322715e-08, 0.9999999973401259]], "7": [[-0.058935112899309125, 0.24977851613550528, 0.7098543289786627], [0.7062057610020942, 0.0015103347470488014, -0.001518529231654916, 0.7080034153062947]]}, "pickable_objects": [3, 4, 5, 6, 7], "scene_graph": {"left": [[4, 2], [4, 5], [7, 6], [2, 3], [5, 3]], "right": [[3, 2], [3, 5], [2, 4], [5, 4], [6, 7]], "front": [[6, 2], [6, 5]], "behind": [[2, 6], [5, 6]], "on": [[2, 5]], "under": [[5, 2]], "leftbehind": [], "leftfront": [[6, 3], [7, 4], [7, 2]], "rightbehind": [[3, 6], [4, 7], [2, 7]], "rightfront": []}}