{"objects": {"2": "mug", "3": "can-coke_small", "4": "red_marker", "5": "glue_1", "6": "stapler_2"}, "semantic_label": {"2": "cup_0", "3": "can_drink_0", "4": "marker_0", "5": "glue_0", "6": "stapler_0"}, "obj_aabb": {"2": [[-0.11845776377886372, 0.14800144755482136, 0.6229878110884419], [0.01815360665465149, 0.29857519146380007, 0.710898297964828]], "3": [[-0.04202218036817128, -0.18550208608470367, 0.6222914229225677], [0.02316341661959045, -0.12035044807307557, 0.7277090191498642]], "4": [[0.07821811463154797, -0.008593263680743986, 0.6207950855115775], [0.23057312764542204, 0.01588177373570751, 0.6477157639649621]], "5": [[0.17670930980809504, 0.1672535274297899, 0.6162093609642564], [0.2732279965539063, 0.24981597236965783, 0.7646272179940007]], "6": [[0.15925097365873095, 0.19281005347248897, 0.6219218576235165], [0.1963269060549235, 0.31185205547021705, 0.6511588341982247]]}, "sizes": {"2": "medium", "3": "medium", "4": "medium", "5": "medium", "6": "medium"}, "distances": {"(2, 3)": 0.28940814544244, "(2, 4)": 0.19997677235159642, "(2, 5)": 0.20424043192329677, "(2, 6)": 0.1735955866347718, "(3, 2)": 0.28940814544244, "(3, 4)": 0.14348306692142354, "(3, 5)": 0.3703417350640147, "(3, 6)": 0.3597946418244083, "(4, 2)": 0.19997677235159633, "(4, 3)": 0.14348306692142354, "(4, 5)": 0.16993518378271114, "(4, 6)": 0.18176363867141335, "(5, 2)": 0.20424043192329677, "(5, 3)": 0.3703417350640147, "(5, 4)": 0.16993518378271114, "(5, 6)": 0.0029861830951481323, "(6, 2)": 0.1735955866347718, "(6, 3)": 0.3597946418244083, "(6, 4)": 0.1817603769963113, "(6, 5)": 0.002986183095148133}, "state": {"2": [[-0.05105166039169166, 0.2236435689249416, 0.6669385769478917], [-1.051075681542138e-05, 7.01986724668526e-06, -0.8212669341879684, 0.5705441461006682]], "3": [[-0.009255151660314914, -0.15271197707106476, 0.6749570091251631], [0.7092296888364623, -0.0031207424541488593, 0.0031823659843270586, 0.7049633905290483]], "4": [[0.15439797377769843, 0.0036549533334148906, 0.6341484187471838], [-0.008604137144385116, 0.0014015993837699088, 0.9999618474510932, 0.000554964291409758]], "5": [[0.2249542744345592, 0.2086845864579566, 0.6904274340315859], [0.05403499123649889, -0.026027933713464894, -0.4771080433066957, 0.8767956896567952]], "6": [[0.17775069240784433, 0.25233391572432, 0.6366289855797723], [-0.0007430064826601798, 0.006793943450319555, -0.7081701464606406, 0.7060087350278857]]}, "pickable_objects": [2, 3, 4, 5, 6], "scene_graph": {"left": [[5, 4], [2, 3], [6, 4]], "right": [[3, 2], [4, 5], [4, 6]], "front": [[2, 6], [6, 5]], "behind": [[5, 6], [6, 2]], "on": [], "under": [], "leftbehind": [[4, 3]], "leftfront": [[2, 4]], "rightbehind": [[4, 2]], "rightfront": [[3, 4]]}}