{"objects": {"2": "cup-plastic_green_flowers", "3": "can-monster_blue", "4": "black_marker", "5": "glue_1", "6": "stapler_1"}, "semantic_label": {"2": "cup_0", "3": "can_drink_0", "4": "marker_0", "5": "glue_0", "6": "stapler_0"}, "obj_aabb": {"2": [[-0.07784387322597482, -0.2428341582000545, 0.6138520668865298], [0.0712734278800518, -0.06849014994355113, 0.7335770785311263]], "3": [[-0.28592285862493566, -0.05701750410677475, 0.6227612930948478], [-0.20064616161195659, 0.028376527270643524, 0.798092347882589]], "4": [[0.056085108953766866, -0.052294694271407066, 0.6209951041209487], [0.20766886475879828, -0.026580798125770373, 0.6470570965441387]], "5": [[0.11603550875591466, 0.039285222953136974, 0.6160927076453686], [0.15759961877840195, 0.12984340866357036, 0.7649476714556649]], "6": [[-0.08652553128466285, 0.2241751919493025, 0.621809048519524], [-0.022491400328864167, 0.3160796238097262, 0.6821097440611739]]}, "sizes": {"2": "medium", "3": "medium", "4": "medium", "5": "medium", "6": "medium"}, "distances": {"(2, 3)": 0.19352079871894567, "(2, 4)": 0.06455340732586054, "(2, 5)": 0.1740779594473243, "(2, 6)": 0.3224389055295917, "(3, 2)": 0.19352079871894567, "(3, 4)": 0.2682994003430796, "(3, 5)": 0.33707755911194576, "(3, 6)": 0.26611906539576974, "(4, 2)": 0.06455340732586054, "(4, 3)": 0.2682994003430796, "(4, 5)": 0.07477645016482994, "(4, 6)": 0.28332841173137896, "(5, 2)": 0.1740779594473243, "(5, 3)": 0.33707755911194576, "(5, 4)": 0.07477645016482994, "(5, 6)": 0.2088303255527501, "(6, 2)": 0.3224389055295917, "(6, 3)": 0.26611906539576974, "(6, 4)": 0.28332841173137896, "(6, 5)": 0.2088303255527501}, "state": {"2": [[-0.0034239568402926086, -0.15590877443906753, 0.6734868342625999], [0.5691476689437093, 0.42405324394324745, 0.37282783722770896, 0.5977032549896809]], "3": [[-0.24332128558310304, -0.014418006107790142, 0.7103997738813089], [0.44726751549049043, 0.5474931759991022, 0.5494374393300546, 0.44533301256903546]], "4": [[0.13186974993634373, -0.03952443793781953, 0.6340752167829014], [0.04410731073570251, 0.004212610430536796, 0.00187091414766428, 0.9990161654013797]], "5": [[0.13695077389357774, 0.08449439276054566, 0.6905305430512031], [-0.0066655976762339175, 0.06120648073177668, 0.9980993604394476, 0.002646358708669968]], "6": [[-0.05430364601754878, 0.27007618127127325, 0.6518400324149838], [0.0057504462658262, -0.009463505636187964, 0.5945109645753044, 0.8040112483221605]]}, "pickable_objects": [2, 3, 4, 5, 6], "scene_graph": {"left": [[4, 2], [5, 4]], "right": [[2, 4], [4, 5]], "front": [[3, 4]], "behind": [[4, 3]], "on": [], "under": [], "leftbehind": [[5, 2], [6, 3]], "leftfront": [[3, 2], [6, 5], [6, 4]], "rightbehind": [[2, 3], [5, 6], [4, 6]], "rightfront": [[2, 5], [3, 6]]}}