{"objects": {"2": "round_plate_3", "3": "cutlery-fork_1", "4": "cutlery-knife_1", "5": "plastic_plum", "6": "doraemon_bowl", "7": "glass-new_4"}, "semantic_label": {"2": "plate_0", "3": "fork_0", "4": "knife_0", "5": "fruit_0", "6": "bowl_0", "7": "glass_0"}, "obj_aabb": {"2": [[0.07663356972463628, -0.2383383207831417, 0.6200034110747739], [0.268696437389242, -0.046362146560732884, 0.6585889619905472]], "3": [[0.08204392705720824, -0.34870489924637765, 0.6086016136342566], [0.2845124231760165, -0.3012483887281107, 0.66610844461278]], "4": [[0.08760749080385072, 0.0237439418711426, 0.6229899963601383], [0.3006926308858563, 0.05258010707197166, 0.6352289022915335]], "5": [[-0.20980327544143437, 0.21026498656630244, 0.6031506851958544], [-0.10583469483325328, 0.3300075312208137, 0.7185906067008136]], "6": [[-0.3119498016299099, -0.4808737901776414, 0.6212813529791649], [-0.11779883249431684, -0.2625261356690035, 0.6866445776347031]], "7": [[-0.05850297761078332, 0.09978105951132474, 0.6208256887139505], [0.03175587793059247, 0.19443179398073804, 0.7900849643239194]]}, "sizes": {"2": "medium", "3": "medium", "4": "medium", "5": "medium", "6": "small", "7": "medium"}, "distances": {"(2, 3)": 0.0810879002109845, "(2, 4)": 0.07850238871381021, "(2, 5)": 0.3964211551720435, "(2, 6)": 0.273676824180714, "(2, 7)": 0.21035936100810754, "(3, 2)": 0.0810879002109845, "(3, 4)": 0.3365898415989953, "(3, 5)": 0.5981840348412923, "(3, 6)": 0.22804190947951858, "(3, 7)": 0.43442900663152956, "(4, 2)": 0.07850238871381023, "(4, 3)": 0.3365898415989953, "(4, 5)": 0.30374206847636, "(4, 6)": 0.4181014347599229, "(4, 7)": 0.11146020652209922, "(5, 2)": 0.3964211551720435, "(5, 3)": 0.5981840348412923, "(5, 4)": 0.30374206847636, "(5, 6)": 0.5202485319382303, "(5, 7)": 0.11759390730927255, "(6, 2)": 0.273676824180714, "(6, 3)": 0.22804190947951858, "(6, 4)": 0.4181014347599229, "(6, 5)": 0.5202485319382303, "(6, 7)": 0.4311365888636389, "(7, 2)": 0.21035936100810754, "(7, 3)": 0.43442900663152956, "(7, 4)": 0.11146020652209922, "(7, 5)": 0.11759390730927255, "(7, 6)": 0.4311365888636389}, "state": {"2": [[0.17265658768439265, -0.14208210950105085, 0.6394696550740201], [0.006943407779466115, -0.005454826330079748, 0.9999610162012792, -5.9851308154568025e-06]], "3": [[0.18326075913465953, -0.32501657082133206, 0.6371787712349752], [0.02205361152296795, 0.5918953913923493, 0.8051443039085444, -0.03026770144753436]], "4": [[0.19386738954222973, 0.03822116950961789, 0.6291501817644941], [-3.9928782975765374e-10, 0.707106792425869, 0.7071067699472259, -3.985086754590298e-10]], "5": [[-0.15748916490944387, 0.2674867852708305, 0.6207220243872082], [-0.15972686625408392, 0.32503437030477633, 0.9249116273482176, -0.11566532718710161]], "6": [[-0.21481856811061179, -0.3717221470036596, 0.6539558871587237], [0.0059542867494154295, -0.0008477471682976275, -0.8253262190468585, 0.5646241758443058]], "7": [[-0.012948273161014386, 0.14692710827767982, 0.7053249692057751], [0.6926168020348569, -0.002007121355927527, 0.001997414021421662, 0.7213001783862926]]}, "pickable_objects": [2, 3, 4, 5, 6, 7], "scene_graph": {"left": [[2, 3], [4, 2]], "right": [[2, 4], [3, 2]], "front": [[6, 3]], "behind": [[3, 6]], "on": [], "under": [], "leftbehind": [[2, 6]], "leftfront": [[5, 7], [7, 4], [7, 2]], "rightbehind": [[2, 7], [4, 7], [7, 5]], "rightfront": [[6, 2]]}}