{"objects": {"2": "soap_dish", "3": "soap", "4": "bottle-baby_cleansing_water", "5": "tube-shoe_polish"}, "semantic_label": {"2": "soap_dish_0", "3": "soap_0", "4": "shampoo_0", "5": "cleanser_0"}, "obj_aabb": {"2": [[-0.08454319882908753, -0.23758466208579704, 0.6229832703132964], [0.07540741533947476, -0.0776289916817705, 0.6719590771258978]], "3": [[0.033854898058731035, 0.08612341534664834, 0.6196655612500084], [0.15724137482716996, 0.21402930905704648, 0.6748510259962317]], "4": [[-0.048997786965762895, -0.029806588109949458, 0.622560898109435], [0.021259699586154958, 0.04131890007302394, 0.7858534071730081]], "5": [[-0.2833312385471849, -0.12646763543335404, 0.622676574747717], [-0.21199207682517282, -0.053963270025173884, 0.7878363755853699]]}, "sizes": {"2": "medium", "3": "medium", "4": "medium", "5": "medium"}, "distances": {"(2, 3)": 0.1984348650464117, "(2, 4)": 0.05215906967855114, "(2, 5)": 0.15603888852366712, "(3, 2)": 0.1984348650464117, "(3, 4)": 0.11441437554470629, "(3, 5)": 0.36885924484539767, "(4, 2)": 0.052149845146638285, "(4, 3)": 0.11441437554470629, "(4, 5)": 0.1986487559447995, "(5, 2)": 0.15603888852366712, "(5, 3)": 0.36885924484539767, "(5, 4)": 0.1986487559447995}, "state": {"2": [[-0.00433744100512624, -0.15759969223901296, 0.6473364263319067], [-2.897237111689762e-05, 2.0594832849953434e-05, 0.7071029353574886, 0.7071106261012332]], "3": [[0.09572923951636333, 0.15023115055566463, 0.6475600080179729], [0.0016462764718878477, -0.027206089619170808, -0.4238502170960369, 0.9053221039657953]], "4": [[-0.014054066796378573, 0.005610146805331173, 0.7039761729664692], [0.7048110224512206, 0.0005628797134012196, -0.0005772686133281059, 0.709394652192023]], "5": [[-0.2474452026874159, -0.0903436682984431, 0.7053966347951542], [0.24932215444648273, 0.6630389134532245, 0.6621126601101868, 0.24459085810950476]]}, "pickable_objects": [2, 3, 4, 5], "scene_graph": {"left": [[3, 2], [4, 2]], "right": [[2, 4], [2, 3]], "front": [[5, 2]], "behind": [[2, 5]], "on": [], "under": [], "leftbehind": [[3, 4], [4, 5]], "leftfront": [], "rightbehind": [], "rightfront": [[4, 3], [5, 4]]}}