{"objects": {"2": "cup-white_coffee_round_handle", "3": "can-beer_delta", "4": "black_marker", "5": "glue_2", "6": "stapler_1"}, "semantic_label": {"2": "cup_0", "3": "can_drink_0", "4": "marker_0", "5": "glue_0", "6": "stapler_0"}, "obj_aabb": {"2": [[0.17165683216409716, -0.13793826189055303, 0.6202516991055284], [0.29010970169992617, 0.01414695834448091, 0.7123943221052921]], "3": [[0.032636336331134205, -0.09038742645879438, 0.6224676475293187], [0.11090061191989202, -0.01013908054413589, 0.7567028150421993]], "4": [[0.1608446048248386, 0.09326810473687343, 0.6209952143747087], [0.312397023974765, 0.11877573672469906, 0.6470528535994918]], "5": [[0.20647919656471586, 0.19589339683259316, 0.619641819521282], [0.2730117372342235, 0.26525261082584906, 0.7925162725355156]], "6": [[0.23855635535943207, 0.31644228708076827, 0.6217875348249756], [0.2801897145821132, 0.3999095982276665, 0.6821777420286453]]}, "sizes": {"2": "medium", "3": "medium", "4": "medium", "5": "medium", "6": "medium"}, "distances": {"(2, 3)": 0.06544406047009646, "(2, 4)": 0.09042706195624131, "(2, 5)": 0.19097555226588447, "(2, 6)": 0.3082411925437809, "(3, 2)": 0.06544406047009646, "(3, 4)": 0.1377233134831255, "(3, 5)": 0.25969720123787493, "(3, 6)": 0.37114722110831405, "(4, 2)": 0.0904270619562413, "(4, 3)": 0.1377233134831255, "(4, 5)": 0.08549743536668154, "(4, 6)": 0.20445038577852603, "(5, 2)": 0.19097555226588447, "(5, 3)": 0.25969720123787493, "(5, 4)": 0.08549743536668154, "(5, 6)": 0.05971317232563276, "(6, 2)": 0.3082411925437809, "(6, 3)": 0.37114722110831405, "(6, 4)": 0.20445038577852603, "(6, 5)": 0.05971317232563276}, "state": {"2": [[0.2308524733274596, -0.06197941391655987, 0.6663089017997639], [0.5013622659601641, 0.49292898389777834, 0.507021237537516, 0.4985843557420542]], "3": [[0.07145635816320607, -0.05039165467438083, 0.6896152520944], [0.7101905301185012, 0.000267856529283411, -0.00026748073587552084, 0.7040094229745352]], "4": [[0.23661346628713262, 0.10593526032886892, 0.6340731892140505], [0.04388793288351581, 0.004200144022769195, 0.0012195233077848368, 0.9990268869756719]], "5": [[0.239571718691929, 0.23074588148487107, 0.7034215096006757], [-0.021010880420591387, 0.03486880866899934, -0.7076505233846465, 0.7053888614370035]], "6": [[0.25958436713154737, 0.3581868118686742, 0.6518641326286931], [0.005286177306266291, -0.009616555073100736, 0.7069903606987825, 0.7071380403266523]]}, "pickable_objects": [2, 3, 4, 5, 6], "scene_graph": {"left": [[4, 2], [5, 4], [6, 5]], "right": [[2, 4], [4, 5], [5, 6]], "front": [[3, 2]], "behind": [[2, 3]], "on": [], "under": [], "leftbehind": [[4, 3], [5, 3]], "leftfront": [], "rightbehind": [], "rightfront": [[3, 4], [3, 5]]}}