{"objects": {"2": "soap_dish", "3": "soap", "4": "bottle-avene_skincare", "5": "tube-wasabi"}, "semantic_label": {"2": "soap_dish_0", "3": "soap_0", "4": "shampoo_0", "5": "cleanser_0"}, "obj_aabb": {"2": [[-0.06948410782789378, -0.15234917823897798, 0.6229076795435079], [0.09048600700354802, 0.007634270559177092, 0.6720117013921961]], "3": [[-0.017555578128323715, -0.1280429918727337, 0.6257506005470415], [0.04962256986095025, -0.014889703596142237, 0.6799405632986391]], "4": [[-0.03502980306537541, 0.023833560972985654, 0.6223165794844496], [0.04088515470348908, 0.09974304508535854, 0.8540187854750274]], "5": [[-0.012279271997875646, 0.14725696637420627, 0.6229883492603034], [0.01801543872022701, 0.18865380307226465, 0.7719732461585744]]}, "sizes": {"2": "medium", "3": "medium", "4": "medium", "5": "medium"}, "distances": {"(2, 3)": -9.213936995101837e-06, "(2, 4)": 0.02087025550417977, "(2, 5)": 0.148658313795046, "(3, 2)": -9.213936995099668e-06, "(3, 4)": 0.04467913266121829, "(3, 5)": 0.17249862704014537, "(4, 2)": 0.02087025550417977, "(4, 3)": 0.04467913266121828, "(4, 5)": 0.053462185143482326, "(5, 2)": 0.148658313795046, "(5, 3)": 0.17249862704014537, "(5, 4)": 0.053462185143482326}, "state": {"2": [[0.010731443054704259, -0.07235039044570342, 0.647325012424898], [-0.0003124004033998128, 8.068533392150686e-05, 0.707093989718126, 0.7071194988121652]], "3": [[0.01579626837622053, -0.07146746503200051, 0.6531480901100499], [0.023397028479678415, -0.002569219212683704, 0.7091620991674177, 0.7046524641803361]], "4": [[0.0028053529666354693, 0.06180747877289405, 0.7386336456283017], [0.7043817877973109, -0.003185481321793401, 0.003187557673972824, 0.7098070084215059]], "5": [[0.002802879139420412, 0.16788516672639975, 0.6974717452540137], [0.7071067811865505, -3.3244102520419016e-14, -1.0540739066181357e-14, 0.7071067811865446]]}, "pickable_objects": [3, 4, 5], "scene_graph": {"left": [[4, 2], [4, 3], [5, 4]], "right": [[2, 4], [3, 4], [4, 5]], "front": [], "behind": [], "on": [[2, 3]], "under": [[3, 2]], "leftbehind": [], "leftfront": [], "rightbehind": [], "rightfront": []}}