{"objects": {"2": "plate", "3": "cutlery-fork_1", "4": "cutlery-knife_1", "5": "plastic_apple", "6": "green_bowl", "7": "glass-small_3"}, "semantic_label": {"2": "plate_0", "3": "fork_0", "4": "knife_0", "5": "fruit_0", "6": "bowl_0", "7": "glass_0"}, "obj_aabb": {"2": [[-0.04335091275483481, -0.4250758051455862, 0.6229876323812343], [0.19871198237070142, -0.18411119669289, 0.6519178098397685]], "3": [[-0.10951881820713111, -0.14532834914383136, 0.6091505141129807], [0.09318361228096267, -0.10264238823644825, 0.663117294049981]], "4": [[-0.10484513284537647, 0.18712970511199237, 0.622989999585477], [0.10824000723668331, 0.21596587031381523, 0.6352289055183936]], "5": [[0.14848542398903813, -0.09126901943147231, 0.621523398633018], [0.2661894317462975, 0.02535535850036367, 0.7041522378230514]], "6": [[-0.14392934890696618, 0.2060241352673528, 0.6221153673788794], [0.042547845581775476, 0.39173548244241657, 0.683569494905557]], "7": [[0.04806348236664255, 0.2024400418446702, 0.6215327504000168], [0.1410236462901864, 0.2925168159746026, 0.7538049945204828]]}, "sizes": {"2": "medium", "3": "medium", "4": "medium", "5": "medium", "6": "small", "7": "medium"}, "distances": {"(2, 3)": 0.06717356894417384, "(2, 4)": 0.3881955977518794, "(2, 5)": 0.15647910452865818, "(2, 6)": 0.4451497905243681, "(2, 7)": 0.41645247244802575, "(3, 2)": 0.06717356894417384, "(3, 4)": 0.2996272775151395, "(3, 5)": 0.11062725541323487, "(3, 6)": 0.34742725234794875, "(3, 7)": 0.3276459211043194, "(4, 2)": 0.3881955977518794, "(4, 3)": 0.2996272775151395, "(4, 5)": 0.21184025609518126, "(4, 6)": 0.03007958497172525, "(4, 7)": 0.006548497510035082, "(5, 2)": 0.15647910452865818, "(5, 3)": 0.11062725541323484, "(5, 4)": 0.21184025609518126, "(5, 6)": 0.3151762032628284, "(5, 7)": 0.23595707538870264, "(6, 2)": 0.4451497905243681, "(6, 3)": 0.3474272523479488, "(6, 4)": 0.030079584971725255, "(6, 5)": 0.3151762032628284, "(6, 7)": 0.062252082798578315, "(7, 2)": 0.41645247244802575, "(7, 3)": 0.3276459211043194, "(7, 4)": 0.0065484975100350805, "(7, 5)": 0.23595707538870264, "(7, 6)": 0.062252082798578315}, "state": {"2": [[0.07892519419341217, -0.2951222903699497, 0.6291137350035942], [-5.735192434699616e-06, 7.914430631402339e-06, 0.6599365958760371, 0.7513212956705122]], "3": [[-0.008184382469006822, -0.12405151802452795, 0.6359656571631663], [0.02161977688004273, 0.6511352643407805, 0.758028428969319, -0.03079535117229663]], "4": [[0.0014147658930295359, 0.2016069327509661, 0.6291501849905904], [-4.0001138442150753e-10, 0.7071067924437663, 0.7071067699293286, -3.9902710614466436e-10]], "5": [[0.20337884500346537, -0.03133465158687113, 0.6273785625161131], [-0.005039556019473771, 0.020264369029838025, 0.29704469471203326, 0.954635222253183]], "6": [[-0.05071441198880056, 0.29879702628976007, 0.6527246521179305], [0.00025802125511286767, -0.004416015519301507, -0.26233191434598263, 0.9649675636763846]], "7": [[0.0944044915389662, 0.24749973583936505, 0.6876320572672866], [0.6482531896731301, -0.29928036789026996, -0.28418214636967537, 0.6398746526928553]]}, "pickable_objects": [2, 3, 4, 5, 6, 7], "scene_graph": {"left": [[3, 2], [5, 2], [6, 4], [4, 3]], "right": [[2, 3], [2, 5], [3, 4], [4, 6]], "front": [[6, 7]], "behind": [[7, 6]], "on": [], "under": [], "leftbehind": [[5, 3], [7, 4]], "leftfront": [[4, 5]], "rightbehind": [[5, 4]], "rightfront": [[3, 5], [4, 7]]}}