{"objects": {"2": "cup-mc_cafe", "3": "can-beer_delta", "4": "remote-thin_silver"}, "semantic_label": {"2": "cup_0", "3": "can_drink_0", "4": "remote_0"}, "obj_aabb": {"2": [[0.13368630796369518, -0.031189621127911148, 0.6224699356010218], [0.23260629782563758, 0.09863629813074765, 0.7316764586699517]], "3": [[0.1844535612194296, 0.18157261268830266, 0.6224588549271288], [0.265914625958718, 0.264996741099348, 0.7567001300330367]], "4": [[0.03300077685923538, -0.16278516917868596, 0.6126940137937762], [0.09560838379932313, 0.06016799807147674, 0.6579757667615915]]}, "sizes": {"2": "medium", "3": "medium", "4": "medium"}, "distances": {"(2, 3)": 0.09504227705840308, "(2, 4)": 0.04913969969897954, "(3, 2)": 0.09504227705840308, "(3, 4)": 0.1802822210524623, "(4, 2)": 0.04913969969897954, "(4, 3)": 0.1802822210524623}, "state": {"2": [[0.1830363137606177, 0.03386286802868026, 0.6769342928439612], [0.49797492386130976, -0.4984421571026477, -0.5015453253834331, 0.5020245788945081]], "3": [[0.22549068698312213, 0.22342578070393118, 0.6896094038422046], [-0.01475783172848298, 0.7101443862522754, 0.7037571117454695, -0.01425078049538609]], "4": [[0.06419075438709354, -0.05113090605234102, 0.635385081195775], [0.5558166976330556, -0.5448113379243548, -0.44808226441881477, 0.43985303115320956]]}, "pickable_objects": [2, 3, 4], "scene_graph": {"left": [[3, 2]], "right": [[2, 3]], "front": [[4, 2]], "behind": [[2, 4]], "on": [], "under": [], "leftbehind": [[3, 4]], "leftfront": [], "rightbehind": [], "rightfront": [[4, 3]]}}