{"objects": {"2": "square_plate_3", "3": "cutlery-fork_2_new", "4": "knife", "5": "plastic_lemon", "6": "doraemon_bowl", "7": "glass-new_13"}, "semantic_label": {"2": "plate_0", "3": "fork_0", "4": "knife_0", "5": "fruit_0", "6": "bowl_0", "7": "glass_0"}, "obj_aabb": {"2": [[0.045230008225349214, -0.14800398614753768, 0.6229619785135365], [0.2298391525535981, 0.035295096834903075, 0.655281959826735]], "3": [[-0.11121823494167193, -0.38805642304220767, 0.6177955031284781], [0.06893695738636088, -0.27580774121736606, 0.6492048674564177]], "4": [[0.049530934423965764, 0.12069561684415271, 0.6200124895213509], [0.2705141942225397, 0.1484663218281145, 0.647267685880096]], "5": [[0.09863772830692023, -0.09771886297721108, 0.6099104019054523], [0.19185010536185687, 0.000670720290273652, 0.7186535276059188]], "6": [[-0.12503548534667924, -0.15225724559689385, 0.6212757288662597], [0.012905048547098445, 0.028781416620163994, 0.6866515521772897]], "7": [[0.10289862546419926, 0.23083974977760874, 0.6229311550226642], [0.16700957325899435, 0.2963306271315244, 0.8035769461764619]]}, "sizes": {"2": "medium", "3": "medium", "4": "medium", "5": "medium", "6": "small", "7": "medium"}, "distances": {"(2, 3)": 0.2027283772633619, "(2, 4)": 0.0905931402101172, "(2, 5)": -9.996277140671053e-06, "(2, 6)": 0.040390761319455584, "(2, 7)": 0.20068516718350826, "(3, 2)": 0.2027283772633619, "(3, 4)": 0.44162692967999545, "(3, 5)": 0.28059860656675806, "(3, 6)": 0.14850627401727187, "(3, 7)": 0.5672367822259667, "(4, 2)": 0.0905931402101172, "(4, 3)": 0.44162692967999545, "(4, 5)": 0.14301367732644552, "(4, 6)": 0.14537954108458587, "(4, 7)": 0.08748360972800542, "(5, 2)": -9.996277140671053e-06, "(5, 3)": 0.28059860656675806, "(5, 4)": 0.14301367732644552, "(5, 6)": 0.10310060903843088, "(5, 7)": 0.2514967610363432, "(6, 2)": 0.040390761319455584, "(6, 3)": 0.14850627401727187, "(6, 4)": 0.14537954108458587, "(6, 5)": 0.10310060903843088, "(6, 7)": 0.2707538463010178, "(7, 2)": 0.20068516718350826, "(7, 3)": 0.5672367822259667, "(7, 4)": 0.08748360972800542, "(7, 5)": 0.2514967610363432, "(7, 6)": 0.2707538463010178}, "state": {"2": [[0.1375244181945192, -0.056127603039780545, 0.6393451316540514], [-1.640124072437707e-05, 0.00010458291149928509, 0.7070961197980687, 0.7071174344901483]], "3": [[-0.02139926635369733, -0.3317959823883304, 0.633454949321115], [0.6841258315858653, -0.1776054251271077, -0.15173389789013045, 0.6909449932906636]], "4": [[0.1600038741289353, 0.13466307207059433, 0.6339360462838451], [0.007254466255957443, -0.012561732723025272, 0.9998947636717253, 0.00019280093625350734]], "5": [[0.14699036319507572, -0.05304945582304075, 0.6250399649417253], [0.27713263815042116, 0.1343179922023075, -0.00861620970025904, 0.9513579446101923]], "6": [[-0.056125217479831485, -0.06173744007775935, 0.6539565648928404], [-0.0002628456802277087, 0.006036849558004074, 0.7070910028780292, 0.7070967409120943]], "7": [[0.13471398697998538, 0.2637983360909449, 0.7130180865943009], [0.7073138128807478, -0.00019434750048221672, 0.00018631496692434173, 0.7068996375892979]]}, "pickable_objects": [3, 4, 5, 6, 7], "scene_graph": {"left": [[4, 2], [4, 5], [7, 4], [6, 3], [2, 3]], "right": [[3, 6], [3, 2], [4, 7], [2, 4], [5, 4]], "front": [[6, 2], [6, 5]], "behind": [[2, 6], [5, 6]], "on": [[2, 5]], "under": [[5, 2]], "leftbehind": [[5, 3], [4, 6]], "leftfront": [], "rightbehind": [], "rightfront": [[3, 5], [6, 4]]}}