{"objects": {"2": "round_plate_3", "3": "cutlery-fork_2_new", "4": "cutlery-knife_2_new", "5": "plastic_apple", "6": "yellow_bowl", "7": "glass-new_3"}, "semantic_label": {"2": "plate_0", "3": "fork_0", "4": "knife_0", "5": "fruit_0", "6": "bowl_0", "7": "glass_0"}, "obj_aabb": {"2": [[0.1619255388464548, -0.023968613597613, 0.61995084949284], [0.3540515603596769, 0.168035946360807, 0.6586395147484304]], "3": [[0.17404159632556054, -0.10688102534079241, 0.6177862083000156], [0.36026726360115996, -0.07540840850842906, 0.6492159407762383]], "4": [[0.17049443289495003, 0.22058731428820408, 0.6229900000829984], [0.38375624111163686, 0.24658600906803527, 0.6338385369081505]], "5": [[0.22132258856216594, 0.03344637553799147, 0.6350058089236758], [0.3044218845372576, 0.11638764509697629, 0.7146337845302296]], "6": [[0.1159462011578324, -0.2677727830575995, 0.6229357385997949], [0.3077443934640465, -0.07606043786291534, 0.6827616933313638]], "7": [[0.20650200146264924, 0.29321532705688935, 0.6228058658455295], [0.30424131417813743, 0.39140244084585507, 0.8455334784411788]]}, "sizes": {"2": "medium", "3": "medium", "4": "medium", "5": "medium", "6": "small", "7": "medium"}, "distances": {"(2, 3)": 0.0638515426592378, "(2, 4)": 0.061004411088233734, "(2, 5)": -1.4213572003667855e-05, "(2, 6)": 0.09211465421780651, "(2, 7)": 0.14121355076090747, "(3, 2)": 0.0638515426592378, "(3, 4)": 0.3001928435181594, "(3, 5)": 0.12635301309301036, "(3, 6)": 0.01279024313327656, "(3, 7)": 0.38462402267784, "(4, 2)": 0.061004411088233734, "(4, 3)": 0.3001928435181594, "(4, 5)": 0.11895014677373704, "(4, 6)": 0.3322929019636019, "(4, 7)": 0.06245231485294403, "(5, 2)": -1.4213572003667855e-05, "(5, 3)": 0.12635301309301036, "(5, 4)": 0.11895014677373704, "(5, 6)": 0.14722805631731212, "(5, 7)": 0.19730524713206662, "(6, 2)": 0.09211465421780654, "(6, 3)": 0.01279024313327656, "(6, 4)": 0.3322929019636019, "(6, 5)": 0.14722805631731212, "(6, 7)": 0.4158809821274501, "(7, 2)": 0.14120455486086508, "(7, 3)": 0.38462402267784, "(7, 4)": 0.06244783478282673, "(7, 5)": 0.19730524713206662, "(7, 6)": 0.4158809821274501}, "state": {"2": [[0.2579802569928524, 0.07230174678708853, 0.6394687242238062], [0.007079431407617417, -0.005588730256173064, 0.999959313908084, 0.00013517966754199607]], "3": [[0.26744665443274085, -0.09114860815661281, 0.6334558266251923], [0.013074254662005994, 0.7065243659101096, 0.7074353165747927, -0.01369879932963231]], "4": [[0.27692342999440683, 0.23342562063819203, 0.628360670997684], [-1.8413710314912423e-13, 0.7071067808880207, 0.7071067814850743, 2.2828237127632396e-12]], "5": [[0.2621683387246966, 0.07850040335909762, 0.6392905907069485], [0.0012430118392513117, -0.002242419532674329, 0.0006007887659260629, 0.999996532758522]], "6": [[0.21187598349505798, -0.1719514823086427, 0.6528330819542053], [-0.00023072071071582927, -0.0001745109324227522, 0.3584592197864271, 0.9335453411934496]], "7": [[0.2555982978842925, 0.342412234190414, 0.7341886564913446], [0.7064298644430963, -0.0001926560767883283, 0.00020426114894199843, 0.7077829948394689]]}, "pickable_objects": [3, 4, 5, 6, 7], "scene_graph": {"left": [[3, 6], [4, 2], [7, 4], [7, 5], [2, 3], [5, 6]], "right": [[2, 4], [3, 2], [4, 7], [6, 3], [6, 5], [5, 7]], "front": [], "behind": [], "on": [[2, 5]], "under": [[5, 2]], "leftbehind": [], "leftfront": [], "rightbehind": [], "rightfront": []}}