{"objects": {"2": "cup-plastic_green_flowers", "3": "can-monster_blue", "4": "black_marker", "5": "glue_1", "6": "stapler_1"}, "semantic_label": {"2": "cup_0", "3": "can_drink_0", "4": "marker_0", "5": "glue_0", "6": "stapler_0"}, "obj_aabb": {"2": [[0.07501609319397956, -0.27572443895640003, 0.6138437434232715], [0.1776528591553349, -0.1278607788051409, 0.7335781940890347]], "3": [[-0.06408623157310775, -0.22703434502062073, 0.6227600450629129], [0.00813318074179846, -0.15477045919179663, 0.7980958579063324]], "4": [[0.056099607347153135, -0.052142996438438546, 0.6209952143779702], [0.2076520264965121, -0.0266353644584949, 0.6470528535965652]], "5": [[0.1160465378248131, 0.03928936957699876, 0.6160881313366341], [0.1575959805643503, 0.1298671868743223, 0.7649518432873436]], "6": [[0.1330776714997946, 0.16305234649755823, 0.6217875348249756], [0.17471103072247607, 0.24651965764445655, 0.6821777420286453]]}, "sizes": {"2": "medium", "3": "medium", "4": "medium", "5": "medium", "6": "medium"}, "distances": {"(2, 3)": 0.07248860908628867, "(2, 4)": 0.09224396365568795, "(2, 5)": 0.1810972295280687, "(2, 6)": 0.3000269370767854, "(3, 2)": 0.07248860908628867, "(3, 4)": 0.13423476715797078, "(3, 5)": 0.24894318469670168, "(3, 6)": 0.3604719351933025, "(4, 2)": 0.09224396365568795, "(4, 3)": 0.13423476715797078, "(4, 5)": 0.07473341695215673, "(4, 6)": 0.196514201598885, "(5, 2)": 0.1810972295280687, "(5, 3)": 0.24894318469670168, "(5, 4)": 0.07473341695215674, "(5, 6)": 0.05264383707248839, "(6, 2)": 0.30002693707678546, "(6, 3)": 0.3604719351933025, "(6, 4)": 0.196514201598885, "(6, 5)": 0.052643837072488375}, "state": {"2": [[0.12629539314012522, -0.2020728906483334, 0.6734832667100296], [0.48038659360267427, 0.5224307067846621, 0.47737700108276193, 0.5180792180087196]], "3": [[-0.02806453652474941, -0.19084658091402634, 0.7104009016646314], [0.7069336801899264, -0.001334730294809819, 0.0013828553408394492, 0.7072772285456908]], "4": [[0.1318684688091616, -0.03947584085037199, 0.6340731892142389], [0.04388793276235392, 0.004200144018654645, 0.0012195232990286002, 0.9990268869810225]], "5": [[0.13695447851933737, 0.0845083736386412, 0.690530347118802], [-0.006643472167691652, 0.06130100710213842, 0.9980938745103198, 0.002582338242492217]], "6": [[0.15410568327191004, 0.2047968712854642, 0.6518641326286931], [0.005286177306266086, -0.00961655507310094, 0.7069903606987813, 0.7071380403266535]]}, "pickable_objects": [2, 3, 4, 5, 6], "scene_graph": {"left": [[4, 2], [5, 4], [6, 5]], "right": [[2, 4], [4, 5], [5, 6]], "front": [[3, 2]], "behind": [[2, 3]], "on": [], "under": [], "leftbehind": [[4, 3], [5, 3]], "leftfront": [], "rightbehind": [], "rightfront": [[3, 4], [3, 5]]}}