{"objects": {"2": "bottle-avene_skincare", "3": "tube-wipp", "4": "soap_dish", "5": "soap"}, "semantic_label": {"2": "shampoo_0", "3": "cleanser_0", "4": "soap_dish_0", "5": "soap_0"}, "obj_aabb": {"2": [[0.13415982276192676, 0.04701637989896799, 0.6223240463587137], [0.21283432502307134, 0.12585543412879566, 0.854015017407351]], "3": [[-0.16797665319743152, 0.01707652326093339, 0.6222582554453921], [-0.11234445233084452, 0.10075990578772995, 0.8081315242149385]], "4": [[-0.3534438445963265, -0.19862975909693736, 0.6229886045933383], [-0.15250385609593572, 0.0023092097241474846, 0.6719533245393018]], "5": [[-0.044962185458415786, -0.3946205482807825, 0.6199232100523877], [0.0680651976437058, -0.3253591439806319, 0.673968649119878]]}, "sizes": {"2": "medium", "3": "medium", "4": "medium", "5": "medium"}, "distances": {"(2, 3)": 0.25447742503383114, "(2, 4)": 0.35012140457854557, "(2, 5)": 0.3997251414967267, "(3, 2)": 0.25447742503383114, "(3, 4)": 0.08885399825492064, "(3, 5)": 0.378994024373905, "(4, 2)": 0.35012140457854557, "(4, 3)": 0.08885399825492064, "(4, 5)": 0.24177697476191182, "(5, 2)": 0.3997251414967267, "(5, 3)": 0.378994024373905, "(5, 4)": 0.24177697476191176}, "state": {"2": [[0.17361847060651742, 0.08641192161052176, 0.738635514482967], [0.017026312948191222, 0.7041821248187896, 0.7097319124562464, 0.010874382478268097]], "3": [[-0.14032842027017176, 0.058937335347071906, 0.7152646567650887], [0.7095705003005395, 0.003103333566304449, -0.0031234948066402105, 0.7046206910134071]], "4": [[-0.2530369595846229, -0.09838202749110823, 0.6473362121166826], [6.093803805148641e-06, -7.684587236590832e-07, -0.1535225186580355, 0.9881451493718766]], "5": [[0.011543410533374987, -0.36022005034697674, 0.6472537116753945], [0.011398891780690399, 0.025942374559701848, 0.9995703566593853, 0.007494034708052296]]}, "pickable_objects": [2, 3, 4, 5], "scene_graph": {"left": [[3, 4]], "right": [[4, 3]], "front": [[3, 2]], "behind": [[2, 3]], "on": [], "under": [], "leftbehind": [], "leftfront": [[4, 5]], "rightbehind": [[5, 4]], "rightfront": []}}