{"objects": {"2": "square_plate_2", "3": "cutlery-fork_1", "4": "knife", "5": "plastic_apple", "6": "green_bowl", "7": "glass-new_12"}, "semantic_label": {"2": "plate_0", "3": "fork_0", "4": "knife_0", "5": "fruit_0", "6": "bowl_0", "7": "glass_0"}, "obj_aabb": {"2": [[-0.04336056119162265, -0.2678239475663264, 0.6213381843377248], [0.1421499928954301, -0.08200861629274823, 0.657600625762842]], "3": [[-0.17412701676924516, -0.47187042600404405, 0.6092053425293723], [0.007746861027597612, -0.32009126334598603, 0.6630129840620992]], "4": [[-0.05113232907807863, -0.09593059574285927, 0.6194889846587898], [0.08934058140994841, 0.10692290091472766, 0.6479191934938234]], "5": [[-0.0037460485481841735, -0.3761137732898191, 0.6206204641935259], [0.11484930182260683, -0.2607926101900303, 0.7055121068328151]], "6": [[-0.22151032020839004, -0.24840827699054055, 0.6221053139971708], [-0.08475876818205383, -0.11299640736549818, 0.6835821370357007]], "7": [[-0.007218560714466173, 0.1053960139754372, 0.6229690959342442], [0.0998452259081399, 0.21324672829130514, 0.8004436097649736]]}, "sizes": {"2": "medium", "3": "medium", "4": "medium", "5": "medium", "6": "small", "7": "medium"}, "distances": {"(2, 3)": 0.1393529944436937, "(2, 4)": 0.008561722220972854, "(2, 5)": 0.01507657753229207, "(2, 6)": 0.05057017474975587, "(2, 7)": 0.2012068160963321, "(3, 2)": 0.1393529944436937, "(3, 4)": 0.2701397504748578, "(3, 5)": 0.09408324574137886, "(3, 6)": 0.09519847649480238, "(3, 7)": 0.485814921652986, "(4, 2)": 0.008573188594196719, "(4, 3)": 0.2701397504748578, "(4, 5)": 0.2080044121977838, "(4, 6)": 0.09083290106566665, "(4, 7)": 0.022619777251011733, "(5, 2)": 0.015076577532292067, "(5, 3)": 0.09408324574137886, "(5, 4)": 0.2080044121977838, "(5, 6)": 0.14535759451999203, "(5, 7)": 0.39668240172283886, "(6, 2)": 0.05057017474975587, "(6, 3)": 0.09519847649480234, "(6, 4)": 0.09083290106566665, "(6, 5)": 0.14535759451999203, "(6, 7)": 0.28801701618917763, "(7, 2)": 0.2012068160963321, "(7, 3)": 0.485814921652986, "(7, 4)": 0.022619777251011733, "(7, 5)": 0.39668240172283886, "(7, 6)": 0.28801701618917763}, "state": {"2": [[0.049338262515641426, -0.17491799135922328, 0.639422087117009], [-0.00409378988095536, -0.003259039028329207, -0.7069786022509518, 0.7072155792319008]], "3": [[-0.08313589436187165, -0.39593810687870284, 0.6359412289636135], [0.6109499471512314, -0.23137286103263854, -0.2153324536773792, 0.7258365488501928]], "4": [[0.019001811912285328, 0.005537610605554007, 0.6339913079674024], [-0.009625770549879618, 0.03267192156550103, 0.873201820726934, -0.48616712184361704]], "5": [[0.057007618557492694, -0.3192613775306311, 0.6273887354080074], [0.021303923643669762, -0.017782362235598204, 0.8798174005541985, -0.474501077040674]], "6": [[-0.15311303120056077, -0.18078569479655365, 0.6527259367447676], [0.001471136035493177, -0.0042139002108707935, -2.0167557595034248e-06, 0.999990039350248]], "7": [[0.04630732507741557, 0.159376081310018, 0.7116642556634105], [0.7071614609563068, 3.247312830206606e-05, -3.389659361551477e-05, 0.707052095629918]]}, "pickable_objects": [2, 3, 4, 5, 6, 7], "scene_graph": {"left": [[2, 5], [4, 2], [6, 3], [7, 4], [2, 3]], "right": [[2, 4], [3, 6], [3, 2], [4, 7], [5, 2]], "front": [[3, 5], [6, 2]], "behind": [[5, 3], [2, 6]], "on": [], "under": [], "leftbehind": [[7, 6], [4, 6]], "leftfront": [[6, 5]], "rightbehind": [[5, 6]], "rightfront": [[6, 4], [6, 7]]}}