{"objects": {"2": "bottle-avene_skincare", "3": "tube-shoe_polish", "4": "soap_dish", "5": "soap"}, "semantic_label": {"2": "shampoo_0", "3": "cleanser_0", "4": "soap_dish_0", "5": "soap_0"}, "obj_aabb": {"2": [[0.2035339901850737, 0.31454628773840343, 0.622324685932695], [0.28502163181491247, 0.395734760635716, 0.8540141138252431]], "3": [[-0.16138104870845787, -0.04006900404302619, 0.6226767028251723], [-0.12018049216888649, 0.021336011161406716, 0.7878362459027177]], "4": [[-0.09436295997642782, -0.16806608496252967, 0.6229701444947446], [0.06559977579778314, -0.008094896378951957, 0.6719659986502557]], "5": [[-0.05004110769986773, -0.1446592980323134, 0.6256617070559145], [0.01961158852079018, -0.03139536980644433, 0.679821983715315]]}, "sizes": {"2": "medium", "3": "medium", "4": "medium", "5": "medium"}, "distances": {"(2, 3)": 0.47549657388381367, "(2, 4)": 0.3989962231498701, "(2, 5)": 0.4240474141333715, "(3, 2)": 0.4754965738838136, "(3, 4)": 0.052568807156951676, "(3, 5)": 0.08398849580269582, "(4, 2)": 0.3989962231498701, "(4, 3)": 0.052568807156951676, "(4, 5)": -9.472436168108094e-06, "(5, 2)": 0.4240474141333715, "(5, 3)": 0.08398849580269582, "(5, 4)": -9.472436168104625e-06}, "state": {"2": [[0.24430628578779467, 0.3552609365219997, 0.7386353851805018], [-0.4763474661967776, 0.5188979621889016, 0.5186369013767074, -0.48461712806553037]], "3": [[-0.14102833984176996, -0.009411232565873695, 0.7053966342366825], [0.7083613873560263, -0.002054572689502052, 0.0020551230214461503, 0.7058439629999509]], "4": [[-0.01415114783353692, -0.08807338463909027, 0.647333311584543], [-4.512901010714693e-05, 7.328820930347034e-05, 0.707079164957651, 0.7071343910990342]], "5": [[-0.015444599335351944, -0.08802704197969895, 0.6530500059602413], [0.026841842748197276, 0.011275213259418387, 0.7134082143633481, 0.7001436314948061]]}, "pickable_objects": [2, 3, 5], "scene_graph": {"left": [], "right": [], "front": [[3, 4], [3, 5]], "behind": [[4, 3], [5, 3]], "on": [[4, 5]], "under": [[5, 4]], "leftbehind": [], "leftfront": [], "rightbehind": [], "rightfront": []}}