{"objects": {"2": "round_plate_3", "3": "cutlery-fork_2_new", "4": "cutlery-knife_1_new", "5": "plastic_lemon", "6": "doraemon_bowl", "7": "glass-new_1"}, "semantic_label": {"2": "plate_0", "3": "fork_0", "4": "knife_0", "5": "fruit_0", "6": "bowl_0", "7": "glass_0"}, "obj_aabb": {"2": [[-0.10634889920393273, -0.0006727479824744365, 0.6199299752476027], [0.08572262585532922, 0.19132194318431162, 0.658668201319779]], "3": [[0.12241388858068078, -0.4418343633114358, 0.6177846322277584], [0.17523182842933224, -0.2532610886849047, 0.649219488382588]], "4": [[-0.3170021157418018, 0.13822447481146174, 0.6223017617923533], [-0.10995845790339344, 0.24250750848260885, 0.6336483778548726]], "5": [[-0.049868688592630876, 0.048408051305664446, 0.6123456781256394], [0.045476225151000145, 0.149492316952827, 0.72359903331587]], "6": [[-0.31005365811036895, -0.22574160279261796, 0.6212781360657216], [-0.08817410361544231, 0.0009817957780732939, 0.6866488659220829]], "7": [[-0.24258851228420505, 0.3278112181542958, 0.6200538038222677], [-0.1436737145127557, 0.43342518002977193, 0.7618993477214865]]}, "sizes": {"2": "medium", "3": "medium", "4": "medium", "5": "medium", "6": "small", "7": "medium"}, "distances": {"(2, 3)": 0.2972210978060675, "(2, 4)": 0.07388905444185702, "(2, 5)": -1.0548859837345402e-05, "(2, 6)": 0.10148566446135802, "(2, 7)": 0.20303742898138522, "(3, 2)": 0.2972210978060675, "(3, 4)": 0.5529249591213736, "(3, 5)": 0.36162580819640056, "(3, 6)": 0.31414258491058494, "(3, 7)": 0.6850864971053645, "(4, 2)": 0.07388905444185702, "(4, 3)": 0.5529249591213736, "(4, 5)": 0.14309499378759089, "(4, 6)": 0.2034886856743411, "(4, 7)": 0.1257036653519958, "(5, 2)": -1.0548859837345402e-05, "(5, 3)": 0.36162580819640056, "(5, 4)": 0.14309499378759089, "(5, 6)": 0.1600461627267989, "(5, 7)": 0.26486333375985466, "(6, 2)": 0.10148566446135802, "(6, 3)": 0.31414258491058494, "(6, 4)": 0.2034886856743411, "(6, 5)": 0.1600461627267989, "(6, 7)": 0.3627939835109465, "(7, 2)": 0.20303742898138522, "(7, 3)": 0.6850864971053645, "(7, 4)": 0.1257036653519958, "(7, 5)": 0.26486333375985466, "(7, 6)": 0.3627939835109465}, "state": {"2": [[-0.010321507437131028, 0.09559262827121913, 0.6394727034410751], [0.007073347035694496, -0.005724206279666471, 0.9999585997296603, -7.1328557209065085e-06]], "3": [[0.14886107114690192, -0.3472579845394451, 0.6334568127979334], [-0.45948645402315214, 0.5367735347177441, 0.5197719563284922, -0.48019109155658074]], "4": [[-0.2133776671873857, 0.1902925398785024, 0.6279941064548904], [-0.13496373724717267, 0.6908904411803498, 0.6977974566359065, -0.13241562380005592]], "5": [[-0.0020889425775532594, 0.09539948040898798, 0.6285915898431305], [0.2861015391000134, 0.16016636658362035, 0.0019497816269032498, 0.9447162762923121]], "6": [[-0.19906811474123678, -0.1124187051419154, 0.6539564246634668], [-0.005753981487182875, 0.0018083546714571762, 0.9056981149941936, -0.42388034401985664]], "7": [[-0.19318410131988917, 0.38044397089379783, 0.6909078394158357], [0.7241565350161471, 0.00012734023623819763, -0.00021286674526635566, 0.6896355930965431]]}, "pickable_objects": [3, 4, 5, 6, 7], "scene_graph": {"left": [[7, 4], [4, 6]], "right": [[4, 7], [6, 4]], "front": [[4, 2], [4, 5]], "behind": [[2, 4], [5, 4]], "on": [[2, 5]], "under": [[5, 2]], "leftbehind": [[2, 6], [5, 6]], "leftfront": [[7, 2], [7, 5], [2, 3]], "rightbehind": [[3, 2], [2, 7], [5, 7]], "rightfront": [[6, 2], [6, 5]]}}