{"objects": {"2": "soap_dish", "3": "soap", "4": "bottle-avene_skincare", "5": "tube-signal_pokemon"}, "semantic_label": {"2": "soap_dish_0", "3": "soap_0", "4": "shampoo_0", "5": "cleanser_0"}, "obj_aabb": {"2": [[0.056962869207535335, -0.3147955677728881, 0.6229902296397815], [0.21692252933981093, -0.1548336634204917, 0.6719533928183673]], "3": [[0.10959889171623616, -0.29055475844888107, 0.6248913067047], [0.17569414033597963, -0.17669328202485712, 0.6812350003780587]], "4": [[0.0890023320657855, -0.10551411224568383, 0.6223280127579075], [0.16487777785702584, -0.02962518048392613, 0.854009837671389]], "5": [[-0.02974371991210501, -0.3347103998282004, 0.6227973424228993], [0.03960770575242686, -0.2796626906787856, 0.789972839099203]]}, "sizes": {"2": "medium", "3": "medium", "4": "medium", "5": "medium"}, "distances": {"(2, 3)": -2.1206433627872067e-05, "(2, 4)": 0.05398148511111439, "(2, 5)": 0.053191855682920064, "(3, 2)": -2.1206433627879006e-05, "(3, 4)": 0.07762932055592422, "(3, 5)": 0.09239264509746285, "(4, 2)": 0.053981485111114384, "(4, 3)": 0.07762932055592422, "(4, 5)": 0.21562839903155212, "(5, 2)": 0.053191855682920064, "(5, 3)": 0.09239264509746285, "(5, 4)": 0.21562839903155212}, "state": {"2": [[0.13717314898481162, -0.2348074850520385, 0.6473370618653145], [2.8705987533075943e-07, -1.0247729714831629e-06, 0.7070817699838194, 0.7071317915038303]], "3": [[0.14240601497830602, -0.2336313548558987, 0.6533629781286104], [0.02883007842061731, -0.01576858060687411, 0.7066688007877063, 0.7067810017517241]], "4": [[0.12681782388536503, -0.06755050342655802, 0.7386349137951477], [0.7044136335633543, -0.003141989565688154, 0.0030936712990986617, 0.709776013929419]], "5": [[0.004889764691855407, -0.30713263806994284, 0.7062740148063371], [-0.42201247341284354, 0.5662106960627197, 0.566397538003351, -0.4248585045540302]]}, "pickable_objects": [3, 4, 5], "scene_graph": {"left": [[4, 2], [4, 3]], "right": [[3, 4], [2, 4]], "front": [[5, 2], [5, 3]], "behind": [[2, 5], [3, 5]], "on": [[2, 3]], "under": [[3, 2]], "leftbehind": [[4, 5]], "leftfront": [], "rightbehind": [], "rightfront": [[5, 4]]}}