{"objects": {"2": "soap_dish", "3": "soap", "4": "bottle-avene_skincare", "5": "tube-skincare_provencale"}, "semantic_label": {"2": "soap_dish_0", "3": "soap_0", "4": "shampoo_0", "5": "cleanser_0"}, "obj_aabb": {"2": [[-0.11562844055233526, -0.1610668026190606, 0.6229500772481007], [0.044345602942528685, -0.001083226590729805, 0.6719820559972864]], "3": [[-0.06341017593315494, -0.13718877907978755, 0.625834522706416], [0.0037770763433782988, -0.02297328200525532, 0.6802414167745022]], "4": [[-0.08432858678707214, 0.05802374968183343, 0.622320648043041], [-0.008407645486280875, 0.1339096012086659, 0.8540172992061672]], "5": [[-0.06670779331537537, 0.20630023371982373, 0.6223668462658164], [-0.025662392499071474, 0.2672224256663572, 0.7698124973303443]]}, "sizes": {"2": "medium", "3": "medium", "4": "medium", "5": "medium"}, "distances": {"(2, 3)": -9.828347968304264e-06, "(2, 4)": 0.06377611593615679, "(2, 5)": 0.2199813300557335, "(3, 2)": -9.828347968310336e-06, "(3, 4)": 0.08736387781132307, "(3, 5)": 0.2436029060635509, "(4, 2)": 0.06377611593615679, "(4, 3)": 0.08736387781132307, "(4, 5)": 0.08001075664803478, "(5, 2)": 0.2199813300557335, "(5, 3)": 0.2436029060635509, "(5, 4)": 0.08001075664803478}, "state": {"2": [[-0.03541098800523762, -0.0810679343857961, 0.6473312822685293], [-5.2914487193774054e-05, 0.00015314366922298975, 0.7070651842223061, 0.707148357141378]], "3": [[-0.030059658472811224, -0.08008104888391081, 0.6533357742134286], [0.02115899330700393, -0.01446173403856669, 0.7017665993899438, 0.7119457811038044]], "4": [[-0.0464904517955702, 0.09598580229330768, 0.7386349354207173], [0.7044185957975115, -0.0031938422756637294, 0.0031985185669410727, 0.7097703929758955]], "5": [[-0.046489882024939595, 0.23686769214496145, 0.6961820486786525], [0.7029041561141822, 0.002229653741381992, -0.002239380133339823, 0.7112775556266494]]}, "pickable_objects": [3, 4, 5], "scene_graph": {"left": [[4, 2], [4, 3], [5, 4]], "right": [[2, 4], [3, 4], [4, 5]], "front": [], "behind": [], "on": [[2, 3]], "under": [[3, 2]], "leftbehind": [], "leftfront": [], "rightbehind": [], "rightfront": []}}