{"objects": {"2": "bottle-avene_skincare", "3": "tube-shoe_polish", "4": "soap_dish", "5": "soap"}, "semantic_label": {"2": "shampoo_0", "3": "cleanser_0", "4": "soap_dish_0", "5": "soap_0"}, "obj_aabb": {"2": [[-0.3288773247583381, -0.23664521560633872, 0.6223167348029963], [-0.2529444916977379, -0.16073251888349938, 0.8540249309952161]], "3": [[-0.06351127847809253, -0.3641004622633437, 0.6226754538675431], [0.009031300421320988, -0.30287089067733264, 0.7878364421528997]], "4": [[-0.22633614245112355, -0.1889282568586303, 0.6229782839788456], [-0.0662422448809814, -0.028826317385813705, 0.6719643365590238]], "5": [[0.04973098111054778, 0.035253899755909646, 0.6198935065810877], [0.14423309324324024, 0.16001773936853952, 0.674058964973954]]}, "sizes": {"2": "medium", "3": "medium", "4": "medium", "5": "medium"}, "distances": {"(2, 3)": 0.2426020041951972, "(2, 4)": 0.05643263917706963, "(2, 5)": 0.4113864119745767, "(3, 2)": 0.2426020041951972, "(3, 4)": 0.1577078359310522, "(3, 5)": 0.37571660612537483, "(4, 2)": 0.05643263917706963, "(4, 3)": 0.1577078359310522, "(4, 5)": 0.19818014557800173, "(5, 2)": 0.4113864119745767, "(5, 3)": 0.37571660612537483, "(5, 4)": 0.19818014557800173}, "state": {"2": [[-0.2910332589057498, -0.19866967531950955, 0.7386367880759775], [0.7043739719989005, -0.0032250964879103, 0.0031914957246205367, 0.7098145678120276]], "3": [[-0.027376685550636003, -0.3332744745859854, 0.7053961070092627], [0.588427623542457, -0.3943923224702967, -0.3895672538989153, 0.5885957717468925]], "4": [[-0.14605873642349093, -0.10887036732962586, 0.6473365627981388], [-5.160124294897585e-05, 4.215336984278741e-05, 0.7067861612235034, 0.7074272527004801]], "5": [[0.09720595782854326, 0.09769280425078825, 0.6472834842450071], [0.01220466355509873, -0.02495561009268976, -0.6068041713093026, 0.7943657604617906]]}, "pickable_objects": [2, 3, 4, 5], "scene_graph": {"left": [[4, 3]], "right": [[3, 4]], "front": [[2, 4]], "behind": [[4, 2]], "on": [], "under": [], "leftbehind": [[5, 4]], "leftfront": [[2, 3]], "rightbehind": [[3, 2]], "rightfront": [[4, 5]]}}