{"objects": {"2": "cup-white_hogermann", "3": "can-redbull", "4": "red_marker", "5": "glue_2", "6": "stapler_2"}, "semantic_label": {"2": "cup_0", "3": "can_drink_0", "4": "marker_0", "5": "glue_0", "6": "stapler_0"}, "obj_aabb": {"2": [[0.12905278924744107, -0.25890341547624274, 0.6222025552045097], [0.23853624533384138, -0.11750824513865811, 0.7083815638589518]], "3": [[-0.0030152764914177684, -0.21078965396310012, 0.6213823438150047], [0.05637333860920653, -0.14322780472220886, 0.7660606085030873]], "4": [[0.11320666484358466, -0.03380608349509256, 0.6207949937852587], [0.26556171304579324, -0.009331021817391212, 0.6477159606651716]], "5": [[0.15913407384099193, 0.06489480448167176, 0.6196418195212818], [0.22566661451049963, 0.13425401847492774, 0.7925162725355157]], "6": [[0.19409504106586625, 0.1660300415346177, 0.6218950925116145], [0.23117135348548604, 0.2850769849603903, 0.6511538521750895]]}, "sizes": {"2": "medium", "3": "medium", "4": "medium", "5": "medium", "6": "medium"}, "distances": {"(2, 3)": 0.07754055074122675, "(2, 4)": 0.09151249756358443, "(2, 5)": 0.1909171442157732, "(2, 6)": 0.29130584508596813, "(3, 2)": 0.07754055074122675, "(3, 4)": 0.14567741983371132, "(3, 5)": 0.2648814223428385, "(3, 6)": 0.3604653390769408, "(4, 2)": 0.09151249756358443, "(4, 3)": 0.14567741983371132, "(4, 5)": 0.08166655016384734, "(4, 6)": 0.18019945012527497, "(5, 2)": 0.1909171442157732, "(5, 3)": 0.2648814223428385, "(5, 4)": 0.08166933696487519, "(5, 6)": 0.04134912748836743, "(6, 2)": 0.29130584508596813, "(6, 3)": 0.3604653390769408, "(6, 4)": 0.1801959225746455, "(6, 5)": 0.04134912748836743}, "state": {"2": [[0.18364875382429596, -0.18836018013626243, 0.6652334723810047], [0.5025153866866515, 0.5020772928724359, 0.4979042148411539, 0.49748172928105117]], "3": [[0.02676424720485049, -0.17694719067587544, 0.6936686608817292], [0.718970637483986, -0.00011309343774955328, 0.0003439476737363904, 0.6950403523147005]], "4": [[0.1893865417623514, -0.021557854504744713, 0.6341484712226124], [-0.008604973627160391, 0.0014023208169771672, 0.999961839257112, 0.0005549366952390408]], "5": [[0.1922265959682051, 0.09974728913394972, 0.7034215096006757], [-0.021010880420591266, 0.034868808668999454, -0.7076505233846468, 0.7053888614370033]], "6": [[0.21259494999155093, 0.22555635836872834, 0.6366131126026449], [-0.0006789556772754195, 0.0068594354661467285, -0.708170503764888, 0.7060078078616828]]}, "pickable_objects": [2, 3, 4, 5, 6], "scene_graph": {"left": [[4, 2], [5, 4], [6, 5]], "right": [[2, 4], [4, 5], [5, 6]], "front": [[3, 2]], "behind": [[2, 3]], "on": [], "under": [], "leftbehind": [[4, 3], [5, 3]], "leftfront": [], "rightbehind": [], "rightfront": [[3, 4], [3, 5]]}}