{"objects": {"2": "cup-red_heart", "3": "can-hoegaarden", "4": "black_marker", "5": "glue_2", "6": "stapler_1"}, "semantic_label": {"2": "cup_0", "3": "can_drink_0", "4": "marker_0", "5": "glue_0", "6": "stapler_0"}, "obj_aabb": {"2": [[0.1502653986116434, -0.4373354455154259, 0.6226870285688973], [0.32840112533747057, -0.27308257527120827, 0.718996413259318]], "3": [[-0.3323194369130581, -0.3407528386547005, 0.621723293960952], [-0.22386390204880124, -0.23009274220904385, 0.7570107212863215]], "4": [[0.1186659593357364, 0.15877159751959904, 0.6209277468939163], [0.24366740360406539, 0.28341621294369435, 0.6471262138674199]], "5": [[0.17953403313057728, 0.14697182365847627, 0.6196423256217305], [0.2460675081565011, 0.21632720517054066, 0.7925155118835545]], "6": [[-0.030940317370943788, 0.24025725911953036, 0.6217957915099249], [0.02517863639691457, 0.32997010128883597, 0.6822126332221062]]}, "sizes": {"2": "medium", "3": "medium", "4": "medium", "5": "medium", "6": "medium"}, "distances": {"(2, 3)": 0.4157748681631956, "(2, 4)": 0.46974270396158024, "(2, 5)": 0.4481153117260435, "(2, 6)": 0.5791309657362784, "(3, 2)": 0.4157748681631956, "(3, 4)": 0.5732499867863357, "(3, 5)": 0.6115660368671024, "(3, 6)": 0.5565296114107031, "(4, 2)": 0.46974270396158024, "(4, 3)": 0.5732499867863357, "(4, 5)": 0.009506515400771177, "(4, 6)": 0.12877579051902754, "(5, 2)": 0.4481153117260435, "(5, 3)": 0.6115660368671024, "(5, 4)": 0.009506515400771179, "(5, 6)": 0.1774187400032248, "(6, 2)": 0.5791309657362784, "(6, 3)": 0.5565296114107031, "(6, 4)": 0.12877579051902754, "(6, 5)": 0.1774187400032248}, "state": {"2": [[0.2394344328709522, -0.35524999993344564, 0.6709046072053735], [0.17418924791330787, 0.6844273213211189, 0.6858138238877314, 0.17571780417784064]], "3": [[-0.27816746899921724, -0.2856175441477697, 0.6894256050573178], [0.674723626187451, 0.19323370057001754, 0.19118322820375241, 0.6861907449696955]], "4": [[0.1811106101816056, 0.2211607943611962, 0.6340755819375755], [-0.021847895900198953, 0.04191297604703646, 0.9230444801060429, -0.38177854789050075]], "5": [[0.21262700751332145, 0.18182232902983808, 0.7034213792004577], [-0.02102123783724305, 0.03486239744475382, -0.7076509300752097, 0.7053884617484785]], "6": [[-0.002676243408386435, 0.28516340869090756, 0.651883837288807], [0.009783583252251538, -0.006267508871581275, 0.7694572439194888, 0.6385926319737142]]}, "pickable_objects": [2, 3, 4, 5, 6], "scene_graph": {"left": [], "right": [], "front": [[6, 4]], "behind": [[4, 6]], "on": [], "under": [], "leftbehind": [], "leftfront": [[4, 5], [6, 5]], "rightbehind": [[5, 4], [5, 6]], "rightfront": []}}