{"objects": {"2": "cup-new_york_big", "3": "can-beer_delta", "4": "red_marker", "5": "stapler_1", "6": "glue_2"}, "semantic_label": {"2": "cup_0", "3": "can_drink_0", "4": "marker_0", "5": "stapler_0", "6": "glue_0"}, "obj_aabb": {"2": [[-0.049005493967044025, -0.11842270231280907, 0.6175489973449594], [0.057476682342155916, 0.015943406940709302, 0.7411986041444493]], "3": [[-0.31165466441455814, 0.22986391183260407, 0.6224571250728497], [-0.20268643157524943, 0.33938963440875364, 0.756701426053586]], "4": [[-0.27976647507072766, 0.043848947938466096, 0.6199519719980833], [-0.24236783495856967, 0.19740851777615492, 0.6487805362254222]], "5": [[-0.11621895030901402, -0.37040389239008514, 0.6217683674540729], [-0.07339645959715793, -0.2864328543088593, 0.6822635392694306]], "6": [[0.006897086527453487, -0.38387080030813997, 0.6196424007780211], [0.07343257458101798, -0.31451204551963446, 0.7925155220754273]]}, "sizes": {"2": "medium", "3": "medium", "4": "medium", "5": "medium", "6": "medium"}, "distances": {"(2, 3)": 0.33593812802399625, "(2, 4)": 0.24144662618077123, "(2, 5)": 0.19030671054570658, "(2, 6)": 0.20649303866559157, "(3, 2)": 0.33593812802399625, "(3, 4)": 0.05263141939993261, "(3, 5)": 0.5550926730838925, "(3, 6)": 0.6303187079186496, "(4, 2)": 0.24144662618077123, "(4, 3)": 0.05263141939993261, "(4, 5)": 0.3685536015552732, "(4, 6)": 0.46563361913244156, "(5, 2)": 0.19030671054570658, "(5, 3)": 0.5550926730838925, "(5, 4)": 0.3685536015552732, "(5, 6)": 0.09331392254672095, "(6, 2)": 0.20649303866559157, "(6, 3)": 0.6303187079186496, "(6, 4)": 0.46563361913244156, "(6, 5)": 0.09331392254672095}, "state": {"2": [[0.004217593548821234, -0.05108406400671599, 0.6792952719661745], [0.49367413445430747, -0.48188520258442685, -0.517917175263782, 0.5058006524983346]], "3": [[-0.25736646571424754, 0.28435195580169403, 0.6896092117038771], [0.682452880678296, 0.1968920649287422, 0.19471937788252747, 0.6764436002351067]], "4": [[-0.2610657709645473, 0.12062631720593837, 0.6342587249537388], [0.026492816180422617, 0.03607599150591427, 0.6796737904360554, 0.7321476573219234]], "5": [[-0.09459594668577195, -0.3284101600479075, 0.6518979956401325], [0.0042998580953342086, -0.01055629676654622, 0.7025493455201314, 0.7115437392937779]], "6": [[0.03999108896094353, -0.3490185945229724, 0.7034214213622707], [-0.021017851553945303, 0.03486184479233827, -0.707667071432556, 0.7053723964713964]]}, "pickable_objects": [2, 3, 4, 5, 6], "scene_graph": {"left": [[2, 6], [3, 4]], "right": [[4, 3], [6, 2]], "front": [[5, 6]], "behind": [[6, 5]], "on": [], "under": [], "leftbehind": [[2, 5]], "leftfront": [[4, 2]], "rightbehind": [[2, 4]], "rightfront": [[5, 2]]}}