{"objects": {"2": "square_plate_3", "3": "cutlery-fork_1", "4": "cutlery-knife_1_new", "5": "plastic_peach", "6": "green_bowl", "7": "glass-new_6"}, "semantic_label": {"2": "plate_0", "3": "fork_0", "4": "knife_0", "5": "fruit_0", "6": "bowl_0", "7": "glass_0"}, "obj_aabb": {"2": [[0.04523090878459293, -0.14800239786809857, 0.6229666981165889], [0.22983369913603088, 0.035287846347389434, 0.6552627183861992]], "3": [[0.04753135894769216, -0.2734918766524261, 0.6085988062025205], [0.24999873707713227, -0.2259941069053875, 0.6661313200305454]], "4": [[0.053902055259062415, 0.12106575307845809, 0.6228066338523945], [0.26590937553830596, 0.1485763770051459, 0.6331353062916985]], "5": [[0.08659182970252352, -0.10371685558707139, 0.6106129736860986], [0.19420425520096826, -0.0018763456780902105, 0.7288390496803858]], "6": [[-0.1245221507592306, -0.12936424976874417, 0.6221318882159729], [0.012212400747363655, 0.006041724532372991, 0.6835565985673692]], "7": [[-0.10171361729652194, 0.20734296051476453, 0.6226655021251772], [-0.0167097319634536, 0.2925420670295731, 0.7974306652730647]]}, "sizes": {"2": "medium", "3": "medium", "4": "medium", "5": "medium", "6": "small", "7": "medium"}, "distances": {"(2, 3)": 0.09078817957787798, "(2, 4)": 0.09199835654040361, "(2, 5)": -2.540430681058142e-05, "(2, 6)": 0.04211365184142818, "(2, 7)": 0.21297987889661182, "(3, 2)": 0.09078817957787798, "(3, 4)": 0.3594488218250935, "(3, 5)": 0.1524294290724147, "(3, 6)": 0.14486783278003323, "(3, 7)": 0.46238977218483324, "(4, 2)": 0.09199835654040361, "(4, 3)": 0.3594488218250935, "(4, 5)": 0.14385412869220363, "(4, 6)": 0.1585734193565162, "(4, 7)": 0.12362691166361323, "(5, 2)": -2.540430681058142e-05, "(5, 3)": 0.1524294290724147, "(5, 4)": 0.14385412869220363, "(5, 6)": 0.09315846403050171, "(5, 7)": 0.28424188516255483, "(6, 2)": 0.04211365184142817, "(6, 3)": 0.14486783278003323, "(6, 4)": 0.1585734193565162, "(6, 5)": 0.0931584640305017, "(6, 7)": 0.21118744375754006, "(7, 2)": 0.21297987889661182, "(7, 3)": 0.46238977218483324, "(7, 4)": 0.12362691166361323, "(7, 5)": 0.28424188516255483, "(7, 6)": 0.21118744375754006}, "state": {"2": [[0.1375221287443669, -0.0561304574662132, 0.6393378938464712], [1.0360825686206808e-05, 5.8431421307744636e-05, 0.7071068813931082, 0.7071066784898409]], "3": [[0.14874762811931608, -0.24978269160592684, 0.6371887543452242], [0.022049744043889093, 0.59137756797618, 0.8055246200895213, -0.030273211124855492]], "4": [[0.15997381023590543, 0.13471478776469237, 0.6279898533629675], [-0.0002636040753063541, 0.7044845571407141, 0.7097192101976103, 0.0002862509803228616]], "5": [[0.14428838035486746, -0.049914165724807565, 0.6309377809525334], [0.13072090096434094, 0.17992993943639018, -0.007444639366207215, 0.974926581999996]], "6": [[-0.056133395876333085, -0.06174462662714194, 0.6527264565006804], [0.001422767440111428, -0.004070078252664871, -1.9272982397986596e-06, 0.999990705052859]], "7": [[-0.058935576798481, 0.24977846508331672, 0.7098541983341985], [0.7062068007658233, 0.0015079297746529387, -0.0015153916032367184, 0.7080023900299944]]}, "pickable_objects": [3, 4, 5, 6, 7], "scene_graph": {"left": [[4, 2], [4, 5], [7, 6], [2, 3], [5, 3]], "right": [[3, 2], [3, 5], [2, 4], [5, 4], [6, 7]], "front": [[6, 2], [6, 5]], "behind": [[2, 6], [5, 6]], "on": [[2, 5]], "under": [[5, 2]], "leftbehind": [], "leftfront": [[6, 3], [7, 4], [7, 2]], "rightbehind": [[3, 6], [4, 7], [2, 7]], "rightfront": []}}