{"objects": {"2": "square_plate_2", "3": "cutlery-fork_2_new", "4": "cutlery-knife_2_new", "5": "plastic_lemon", "6": "green_bowl", "7": "glass-new_8"}, "semantic_label": {"2": "plate_0", "3": "fork_0", "4": "knife_0", "5": "fruit_0", "6": "bowl_0", "7": "glass_0"}, "obj_aabb": {"2": [[0.13681413071595355, -0.11808846400270132, 0.6213290066393712], [0.3222814673063013, 0.0676768746129841, 0.6575979122284478]], "3": [[0.1480258469521726, -0.24692940520459356, 0.6177742876755751], [0.33424896427941053, -0.21544508826980274, 0.6492286379818862]], "4": [[0.14692767059168257, 0.16445531986903414, 0.6229899996445644], [0.36018947880832597, 0.19045401464550352, 0.6338385364621087]], "5": [[0.18932762011418824, -0.05778769425014171, 0.6142847127341775], [0.2762260229432812, 0.0340796809495571, 0.7132178791224997]], "6": [[-0.28307092768174913, -0.13378628407019189, 0.6221096919365848], [-0.0921664001536323, 0.057138694333407875, 0.6835740185498363]], "7": [[0.1921599433367202, 0.2808105185708316, 0.6219700647034426], [0.26118692086482304, 0.34805413881590064, 0.8329646547893416]]}, "sizes": {"2": "medium", "3": "medium", "4": "medium", "5": "medium", "6": "small", "7": "medium"}, "distances": {"(2, 3)": 0.1042751568864169, "(2, 4)": 0.10246869280520228, "(2, 5)": -1.4305620638625609e-05, "(2, 6)": 0.26188767449770367, "(2, 7)": 0.22429538382922493, "(3, 2)": 0.1042751568864169, "(3, 4)": 0.3840893417521095, "(3, 5)": 0.1796930539481252, "(3, 6)": 0.32067147527624945, "(3, 7)": 0.5074471531352603, "(4, 2)": 0.10246869280520231, "(4, 3)": 0.3840893417521095, "(4, 5)": 0.15139302764024182, "(4, 6)": 0.3330691570511535, "(4, 7)": 0.10113067561280638, "(5, 2)": -1.4305620638626042e-05, "(5, 3)": 0.1796930539481252, "(5, 4)": 0.1513930276402418, "(5, 6)": 0.3214282966386363, "(5, 7)": 0.2701494861066852, "(6, 2)": 0.26188767449770367, "(6, 3)": 0.32067147527624945, "(6, 4)": 0.3330691570511535, "(6, 5)": 0.3214282966386363, "(6, 7)": 0.4521259181042283, "(7, 2)": 0.22429538382922493, "(7, 3)": 0.5074471531352603, "(7, 4)": 0.10113067561280638, "(7, 5)": 0.2701494861066852, "(7, 6)": 0.4521259181042283}, "state": {"2": [[0.229491339805241, -0.025207485892291447, 0.6394161478491096], [-0.004106490062335308, -0.003189590035042302, -0.7070689524214111, 0.7071254908263911]], "3": [[0.24142963008953353, -0.2311911231074407, 0.6334562136683386], [0.013093729027841554, 0.7062292901760217, 0.7077300047673866, -0.013674220620314979]], "4": [[0.2533566676911178, 0.17729362621732567, 0.6283606705554922], [-2.989112891186434e-13, 0.70710678098872, 0.707106781384375, 1.4960313579328998e-12]], "5": [[0.23824895215156155, -0.022133923048066228, 0.6259644882531847], [0.20994963748095255, 0.07845308474630341, -0.022273175572060298, 0.9743049670741406]], "6": [[-0.1875662590777411, -0.0382554955003472, 0.6527240690311081], [0.004400997891778667, -0.0005324379029262757, 0.8989151805734694, 0.4381002691873207]], "7": [[0.2265347551491464, 0.31444304496939635, 0.7276131105842416], [0.7097059793943823, 0.0058427794771628095, -0.005891850866335113, 0.7044491257949085]]}, "pickable_objects": [3, 4, 5, 6, 7], "scene_graph": {"left": [[4, 2], [4, 5], [7, 4], [2, 3], [5, 3]], "right": [[2, 4], [3, 2], [3, 5], [4, 7], [5, 4]], "front": [[6, 2]], "behind": [[2, 6]], "on": [[2, 5]], "under": [[5, 2]], "leftbehind": [], "leftfront": [], "rightbehind": [], "rightfront": []}}