{"objects": {"2": "cup-white_coffee_round_handle", "3": "can-beer_delta", "4": "black_marker", "5": "glue_2", "6": "stapler_1"}, "semantic_label": {"2": "cup_0", "3": "can_drink_0", "4": "marker_0", "5": "glue_0", "6": "stapler_0"}, "obj_aabb": {"2": [[-0.07404274572214588, -0.3492103074580736, 0.616400422134306], [0.11979994477737864, -0.17294017349901755, 0.7168423439235212]], "3": [[0.16410431875014397, -0.301658522135369, 0.6224609739105357], [0.24306324399789436, -0.22068367465817704, 0.7567020547222513]], "4": [[0.1608230135255615, 0.09304313309101639, 0.6209967098135308], [0.31242204587083355, 0.11885710799452484, 0.6470580700928873]], "5": [[0.20647918604023727, 0.19589826445900702, 0.6196424605631731], [0.2730129099622089, 0.2652526243500617, 0.7925153090852198]], "6": [[0.2097801832260766, -0.4157537095172016, 0.6218063293573425], [0.3024148406556296, -0.3484694305445055, 0.6820985667873404]]}, "sizes": {"2": "medium", "3": "medium", "4": "medium", "5": "medium", "6": "medium"}, "distances": {"(2, 3)": 0.0732767640281066, "(2, 4)": 0.318815833533885, "(2, 5)": 0.4387683228095667, "(2, 6)": 0.16307309055763958, "(3, 2)": 0.0732767640281066, "(3, 4)": 0.32051405699590974, "(3, 5)": 0.42583439256457123, "(3, 6)": 0.07624073905570032, "(4, 2)": 0.318815833533885, "(4, 3)": 0.32051401556874337, "(4, 5)": 0.08557002813698925, "(4, 6)": 0.44993221688447843, "(5, 2)": 0.43876832280956657, "(5, 3)": 0.42583439256457123, "(5, 4)": 0.08557002813698925, "(5, 6)": 0.5553900850678258, "(6, 2)": 0.16307309055763958, "(6, 3)": 0.07624073905570032, "(6, 4)": 0.44993221688447843, "(6, 5)": 0.5553900850678258}, "state": {"2": [[0.02279100482443375, -0.26108700284971226, 0.6666026156166076], [0.6873181061130187, 0.14510502322385416, 0.1968127290879628, 0.6839613314459861]], "3": [[0.2038947398275379, -0.2610399010535211, 0.6896114572854066], [-0.0033930551512638693, 0.7102636880669867, 0.703921405784301, -0.0029385487704630953]], "4": [[0.23661534745289223, 0.10586341760463931, 0.6340764946599955], [0.04417267141104188, 0.004215581424496336, 0.0021929752739078814, 0.9990126099469985]], "5": [[0.23957228089603852, 0.23074824221520418, 0.7034213444391966], [-0.02102399841978529, 0.03486068801178415, -0.7076510385312665, 0.7053883551543858]], "6": [[0.2561804459056839, -0.38230593676447194, 0.6518334246438577], [3.950478306762849e-05, -0.010711954890958723, 0.17488067844247435, 0.9845313609882044]]}, "pickable_objects": [2, 3, 4, 5, 6], "scene_graph": {"left": [[3, 6], [5, 4]], "right": [[4, 5], [6, 3]], "front": [[2, 3], [2, 6]], "behind": [[3, 2], [6, 2]], "on": [], "under": [], "leftbehind": [], "leftfront": [], "rightbehind": [], "rightfront": []}}