{"objects": {"2": "soap_dish", "3": "soap", "4": "bottle-avene_skincare", "5": "tube-wasabi"}, "semantic_label": {"2": "soap_dish_0", "3": "soap_0", "4": "shampoo_0", "5": "cleanser_0"}, "obj_aabb": {"2": [[-0.06949127178593004, -0.15236143700120955, 0.622974124342285], [0.09051020488348574, 0.007645564916494874, 0.6719641865269868]], "3": [[0.03396722315947108, 0.00912887793768899, 0.6214268183606525], [0.160271583376781, 0.13388203345925437, 0.6733038899357436]], "4": [[-0.03502440405525246, 0.02383354478750349, 0.6223198845766151], [0.04088510441129966, 0.09974440768641965, 0.8540208259298758]], "5": [[-0.012279271997875686, 0.14725696637420627, 0.622989999999999], [0.018015438720227026, 0.18865380307226465, 0.77197489689827]]}, "sizes": {"2": "medium", "3": "medium", "4": "medium", "5": "medium"}, "distances": {"(2, 3)": 0.034410024274877944, "(2, 4)": 0.020873724528504597, "(2, 5)": 0.14866388455416904, "(3, 2)": 0.034410024274877944, "(3, 4)": 0.006298448389838125, "(3, 5)": 0.09094164126756328, "(4, 2)": 0.020873724528504597, "(4, 3)": 0.006297549558031157, "(4, 5)": 0.05346130270580927, "(5, 2)": 0.14866388455416904, "(5, 3)": 0.09094164126756328, "(5, 4)": 0.053461302705809274}, "state": {"2": [[0.010739910908853992, -0.072350878537104, 0.647334393074931], [-2.399198864731871e-05, 6.04870885508138e-05, 0.7069947856031713, 0.7072187560406062]], "3": [[0.0972929999852383, 0.071319116451422, 0.64765333192261], [0.012827778493956941, -0.010647299986518052, 0.9253821626241641, -0.3786686364077862]], "4": [[0.0028080383242629057, 0.06180815472937446, 0.7386363211758719], [0.704379718873234, -0.0031770428165763896, 0.003179302133020283, 0.7098091363718506]], "5": [[0.0028028791394204004, 0.16788516672639975, 0.6974733959937093], [0.7071067811865505, -3.35021004308054e-14, -1.062345446372443e-14, 0.7071067811865446]]}, "pickable_objects": [2, 3, 4, 5], "scene_graph": {"left": [[4, 2], [5, 4]], "right": [[2, 4], [4, 5]], "front": [[4, 3]], "behind": [[3, 4]], "on": [], "under": [], "leftbehind": [[3, 2]], "leftfront": [[5, 3]], "rightbehind": [[3, 5]], "rightfront": [[2, 3]]}}