{"objects": {"2": "cup-yellow_white_border", "3": "can-redbull", "4": "black_marker", "5": "stapler_1", "6": "glue_1"}, "semantic_label": {"2": "cup_0", "3": "can_drink_0", "4": "marker_0", "5": "stapler_0", "6": "glue_0"}, "obj_aabb": {"2": [[-0.33946290929279943, 0.24128886536557947, 0.6227894103555269], [-0.18958950880895706, 0.4131797013776064, 0.7621509206471211]], "3": [[-0.03696234730798419, -0.08390185928266873, 0.621378551318074], [0.022399520389943455, -0.016322764008234958, 0.7660619127865905]], "4": [[0.003926926856004445, -0.19931834839377113, 0.6209923607133309], [0.1555184308027588, -0.17354707422332802, 0.6470613686397769]], "5": [[-0.2388076329052844, -0.2867964376917238, 0.6218049950444186], [-0.16530858737970255, -0.19381700517910994, 0.682100971820148]], "6": [[0.1195706410340559, -0.3761194068464526, 0.616246713933756], [0.16062015507389077, -0.28621648765035124, 0.7646811609559139]]}, "sizes": {"2": "medium", "3": "medium", "4": "medium", "5": "medium", "6": "medium"}, "distances": {"(2, 3)": 0.3678417511928117, "(2, 4)": 0.5193611535545455, "(2, 5)": 0.46964857724208464, "(2, 6)": 0.6842324999131322, "(3, 2)": 0.3678417511928117, "(3, 4)": 0.10149450158534346, "(3, 5)": 0.20216808323161883, "(3, 6)": 0.2597574841538888, "(4, 2)": 0.5193611535545455, "(4, 3)": 0.10149450158534346, "(4, 5)": 0.17773578064190404, "(4, 6)": 0.10828109816618008, "(5, 2)": 0.46964857724208464, "(5, 3)": 0.20216808323161883, "(5, 4)": 0.17773578064190404, "(5, 6)": 0.3091488892020635, "(6, 2)": 0.6842324999131322, "(6, 3)": 0.2597574841538888, "(6, 4)": 0.10828109816618008, "(6, 5)": 0.3091488892020635}, "state": {"2": [[-0.26434565414158523, 0.3272016414862814, 0.6923969540138544], [-0.40547510731912384, 0.5804396729790463, 0.5789177702811453, -0.40439329696377246]], "3": [[-0.007196191754326243, -0.05005077814867215, 0.6936674197206123], [0.7190405848026751, -0.00014128246926593818, 0.0002396829254878415, 0.6949680280401294]], "4": [[0.07971546952430578, -0.18651942477535724, 0.6340759468214879], [0.04430397417356167, 0.004215885663642034, 0.0020329557563295753, 0.9990071327430011]], "5": [[-0.20186303979519923, -0.24038815402350577, 0.6518340744780716], [0.0037732875014742677, -0.00995694078366655, 0.5327564255873675, 0.8462016382795731]], "6": [[0.14022863168131333, -0.3312379432860083, 0.6904734621830014], [-0.004883178786858018, 0.05867109437252694, 0.9982619370025595, 0.002638632593505347]]}, "pickable_objects": [2, 3, 4, 5, 6], "scene_graph": {"left": [[3, 4], [4, 6]], "right": [[4, 3], [6, 4]], "front": [[5, 4]], "behind": [[4, 5]], "on": [], "under": [], "leftbehind": [[3, 5]], "leftfront": [[3, 6]], "rightbehind": [[6, 3]], "rightfront": [[5, 3]]}}