{"objects": {"2": "round_plate_2", "3": "cutlery-fork_2_new", "4": "cutlery-knife_3_new", "5": "plastic_plum", "6": "green_bowl", "7": "glass-new_5"}, "semantic_label": {"2": "plate_0", "3": "fork_0", "4": "knife_0", "5": "fruit_0", "6": "bowl_0", "7": "glass_0"}, "obj_aabb": {"2": [[0.018847379091046335, 0.20445283978065332, 0.6194132376726819], [0.22418028520961453, 0.40931601147153573, 0.6593265531207905]], "3": [[0.05534281195639809, -0.2655100544947265, 0.6177866949306028], [0.241566851315786, -0.23404244889271314, 0.6492152120425749]], "4": [[-0.31613772432289594, -0.06234959675277238, 0.6210339521785094], [-0.12318352727799066, 0.08864989267289505, 0.6355787120525783]], "5": [[-0.2481356537513862, 0.0496490911889034, 0.6007193176599984], [-0.12519133627317253, 0.15400604340517712, 0.7203907095215846]], "6": [[0.08994609772794526, -0.42761820481279883, 0.6226041902592475], [0.2748177255398127, -0.2431332570133879, 0.6832067612554283]], "7": [[-0.10636021045026792, 0.20427409625419485, 0.6209541449329669], [-0.011589014221808407, 0.29512252222544116, 0.8261898505735247]]}, "sizes": {"2": "medium", "3": "medium", "4": "medium", "5": "medium", "6": "small", "7": "medium"}, "distances": {"(2, 3)": 0.45011090425253264, "(2, 4)": 0.24861655252426224, "(2, 5)": 0.2390049401744834, "(2, 6)": 0.4857003916541318, "(2, 7)": 0.05896698737521594, "(3, 2)": 0.45011090425253264, "(3, 4)": 0.357981718297852, "(3, 5)": 0.38516531958819966, "(3, 6)": 0.023328342896137874, "(3, 7)": 0.4648559258245971, "(4, 2)": 0.24861655252426224, "(4, 3)": 0.3579817182978519, "(4, 5)": 0.014537036840381693, "(4, 6)": 0.4470061394484655, "(4, 7)": 0.14715296084347235, "(5, 2)": 0.2390049401744834, "(5, 3)": 0.38516531958819966, "(5, 4)": 0.014537036840381693, "(5, 6)": 0.4713060989750235, "(5, 7)": 0.12496544424243106, "(6, 2)": 0.4857003916541318, "(6, 3)": 0.023328342896137874, "(6, 4)": 0.4470061394484655, "(6, 5)": 0.4713060989750235, "(6, 7)": 0.5310819919358015, "(7, 2)": 0.05896698737521594, "(7, 3)": 0.4648559258245971, "(7, 4)": 0.14715296084347235, "(7, 5)": 0.12496544424243106, "(7, 6)": 0.5310819919358015}, "state": {"2": [[0.12150728914309, 0.3067250809339083, 0.6396820066355635], [0.005294711808773532, 0.010616825784094184, 0.6821004006529904, 0.7311622887336041]], "3": [[0.1487470568634834, -0.24978015123169361, 0.6334557111845269], [0.013081007615661177, 0.7064955023001269, 0.7074644259761574, -0.013677662361551891]], "4": [[-0.21950568034878776, 0.013257006597396518, 0.6283924756321487], [0.7012790304462313, 0.23138455516891018, 0.20659351813569315, 0.6418629350180586]], "5": [[-0.1802837678833868, 0.10745521174351809, 0.6212273006536824], [0.41899249017508994, -0.10771697927788088, -0.5439700559826132, 0.7189846477821333]], "6": [[0.1823230921735006, -0.3353127904348516, 0.6527877326897441], [0.001654599064008005, 0.0010465995768573963, 0.9681896172345568, -0.25020997584122323]], "7": [[-0.058930954404793526, 0.2497830543740535, 0.7236023368426199], [0.709693565124192, -0.007327593171811329, 0.007215562900248473, 0.7044354375325359]]}, "pickable_objects": [2, 3, 4, 5, 6, 7], "scene_graph": {"left": [[3, 6], [5, 4]], "right": [[4, 5], [6, 3]], "front": [[7, 2]], "behind": [[2, 7]], "on": [], "under": [], "leftbehind": [[2, 5], [2, 4], [7, 5], [7, 4]], "leftfront": [], "rightbehind": [], "rightfront": [[4, 7], [4, 2], [5, 7], [5, 2]]}}