{"objects": {"2": "square_plate_1", "3": "cutlery-fork_1", "4": "cutlery-knife_1_new", "5": "plastic_plum", "6": "yellow_bowl", "7": "glass-new_6"}, "semantic_label": {"2": "plate_0", "3": "fork_0", "4": "knife_0", "5": "fruit_0", "6": "bowl_0", "7": "glass_0"}, "obj_aabb": {"2": [[0.04515141452262264, -0.1481847806221276, 0.6213630789222051], [0.2299191366824919, 0.036202667888121494, 0.6570389634601561]], "3": [[-0.05508308139127001, 0.000249590130423083, 0.6085991313655237], [0.0033578869481039747, 0.20435981484918408, 0.6661286088931491]], "4": [[-0.36834082835247695, 0.25964223495904815, 0.6227307196117354], [-0.177684412941319, 0.40187147952088786, 0.633207915619367]], "5": [[0.0969263672729948, -0.1114203505960205, 0.6086564108343073], [0.20015791203036876, -0.0004611034132887687, 0.7291898923277629]], "6": [[-0.07854894057587065, -0.44202098456763744, 0.6229724244861405], [0.11342474722413608, -0.25008142604527744, 0.6827333549856311]], "7": [[-0.10171385059972546, 0.20734266391735973, 0.6226670427064194], [-0.01671773448166835, 0.29254415349848584, 0.797429603955504]]}, "sizes": {"2": "medium", "3": "medium", "4": "medium", "5": "medium", "6": "small", "7": "medium"}, "distances": {"(2, 3)": 0.06813514696618111, "(2, 4)": 0.34853173536330184, "(2, 5)": -9.880858178720666e-06, "(2, 6)": 0.14478791525177692, "(2, 7)": 0.21321965473423882, "(3, 2)": 0.06813514696618111, "(3, 4)": 0.17407368248877875, "(3, 5)": 0.1416964143137877, "(3, 6)": 0.2878435087913771, "(3, 7)": 0.01968108060365941, "(4, 2)": 0.34853173536330184, "(4, 3)": 0.17407368248877875, "(4, 5)": 0.43364648965218766, "(4, 6)": 0.5856431729635349, "(4, 7)": 0.08865588585785446, "(5, 2)": -9.880858178720232e-06, "(5, 3)": 0.1416964143137877, "(5, 4)": 0.43364648965218766, "(5, 6)": 0.21847152661279537, "(5, 7)": 0.2931556347512236, "(6, 2)": 0.14478791525177692, "(6, 3)": 0.2878435087913771, "(6, 4)": 0.5856431729635349, "(6, 5)": 0.21847152661279537, "(6, 7)": 0.4965545918086729, "(7, 2)": 0.21321965473423882, "(7, 3)": 0.01968108060365941, "(7, 4)": 0.08865588585785446, "(7, 5)": 0.2931556347512236, "(7, 6)": 0.4965545918086729}, "state": {"2": [[0.13752530818084177, -0.05613145604782903, 0.6390655266376178], [0.004090512224975335, 0.004087616021527074, 0.7070951555335673, 0.7070947603581561]], "3": [[-0.02582481975586852, 0.10228340210569994, 0.6371875650854422], [0.38039896601202605, -0.45338331675054927, -0.5770459007376351, 0.562812778098671]], "4": [[-0.2730162810769066, 0.3306305901955904, 0.6279875269515722], [0.20743389904065565, 0.6712695239849389, 0.6800403726386436, 0.20955547064994387]], "5": [[0.14424254748849463, -0.049920899554720274, 0.6293717231640735], [0.37962341499348123, 0.17569431412075637, 0.0005665580504356255, 0.9083046018744481]], "6": [[0.017469640557847516, -0.34608511562175437, 0.6528372389042848], [-8.106238869565596e-05, -5.6256263482348486e-05, 0.37275129499131665, 0.9279312810474806]], "7": [[-0.05893968604762612, 0.24977935733055756, 0.7098544525758781], [0.7062020310461186, 0.0014919680854869777, -0.0014996383592080808, 0.7080072149790287]]}, "pickable_objects": [3, 4, 5, 6, 7], "scene_graph": {"left": [[7, 3], [2, 6], [5, 6], [3, 6]], "right": [[3, 7], [6, 2], [6, 5], [6, 3]], "front": [[3, 2], [3, 5], [4, 7]], "behind": [[2, 3], [5, 3], [7, 4]], "on": [[2, 5]], "under": [[5, 2]], "leftbehind": [], "leftfront": [[4, 3], [7, 2]], "rightbehind": [[3, 4], [2, 7]], "rightfront": []}}