{"objects": {"2": "square_plate_1", "3": "fork", "4": "cutlery-knife_1_new", "5": "plastic_peach", "6": "yellow_bowl", "7": "glass-new_8"}, "semantic_label": {"2": "plate_0", "3": "fork_0", "4": "knife_0", "5": "fruit_0", "6": "bowl_0", "7": "glass_0"}, "obj_aabb": {"2": [[-0.11073662503413464, -0.04396182423735093, 0.6213743260798622], [0.0740263666999248, 0.1404282799523837, 0.6570354483134305]], "3": [[0.22261187956460785, 0.24771963841166816, 0.614750387287731], [0.31917317651824906, 0.4528307414095782, 0.6474063794539698]], "4": [[-0.1056064649737554, 0.19451813244431482, 0.6228066246890083], [0.10640087490939722, 0.22202891696024651, 0.6331353230554422]], "5": [[-0.09909934214833703, 0.22735010235185654, 0.6084711358110853], [0.02151429804366664, 0.35123103504169023, 0.7148029448003084]], "6": [[-0.011059195269138511, 0.2292412990752415, 0.6229517296338098], [0.16762889532950465, 0.4084290595372365, 0.6827502818006443]], "7": [[-0.2231828549682305, -0.1080551291639005, 0.6220230729590356], [-0.1393357303059948, -0.023503872688011386, 0.8329623115022063]]}, "sizes": {"2": "medium", "3": "medium", "4": "medium", "5": "medium", "6": "small", "7": "medium"}, "distances": {"(2, 3)": 0.26116378665335405, "(2, 4)": 0.06270174517726085, "(2, 5)": 0.11388033586947242, "(2, 6)": 0.12102762877549389, "(2, 7)": 0.06324464820231651, "(3, 2)": 0.26116378665335405, "(3, 4)": 0.18706038213635678, "(3, 5)": 0.26823870775450476, "(3, 6)": 0.12361958158077718, "(3, 7)": 0.5420951240485927, "(4, 2)": 0.06270174517726085, "(4, 3)": 0.18706038213635678, "(4, 5)": 0.03892584877699758, "(4, 6)": 0.047725256938617996, "(4, 7)": 0.2465302865609977, "(5, 2)": 0.11388033586947242, "(5, 3)": 0.26823870775450476, "(5, 4)": 0.03892584877699758, "(5, 6)": 0.019262122807676293, "(5, 7)": 0.3168946552434139, "(6, 2)": 0.12102762877549389, "(6, 3)": 0.12361958158077718, "(6, 4)": 0.04773027162344837, "(6, 5)": 0.019262122807676293, "(6, 7)": 0.3717489677548864, "(7, 2)": 0.06324464820231651, "(7, 3)": 0.5420951240485927, "(7, 4)": 0.2465302865609977, "(7, 5)": 0.3168946552434139, "(7, 6)": 0.3717489677548864}, "state": {"2": [[-0.01836507582156519, 0.048092837992933866, 0.6390693809462208], [0.004062091009958354, 0.004007951108370166, 0.7070957516349956, 0.7070947841444458]], "3": [[0.2701701384340058, 0.3500859989459986, 0.6312197644313109], [0.019651789858388738, 0.01718608273180508, -0.5849508027587264, 0.8106485083361462]], "4": [[0.0004652997292640676, 0.20816724735867642, 0.627989857062169], [-0.00026335267861524463, 0.7044842201287799, 0.7097195447149087, 0.0002865040561766807]], "5": [[-0.034021130727571305, 0.29327812950196686, 0.623045549185664], [-0.043902208420375156, 0.16326686758042502, 0.5427981626598349, 0.8226704569020316]], "6": [[0.07824255084339556, 0.3188543695414467, 0.652835365266882], [-0.00015470056803896354, 0.00014772742858395303, -0.8374190140650497, 0.5465613864211973]], "7": [[-0.1812094778989404, -0.06564968470259783, 0.7276384855165834], [-0.4291729655723014, 0.5647139204943392, 0.5684026562630413, -0.4169258614848787]]}, "pickable_objects": [2, 3, 4, 5, 6, 7], "scene_graph": {"left": [[4, 2], [5, 4], [6, 4]], "right": [[2, 4], [4, 5], [4, 6]], "front": [[5, 6], [7, 2], [6, 3]], "behind": [[2, 7], [3, 6], [6, 5]], "on": [], "under": [], "leftbehind": [[3, 4], [3, 2], [4, 7]], "leftfront": [], "rightbehind": [], "rightfront": [[7, 4], [4, 3], [2, 3]]}}