{"objects": {"2": "cup-stanford", "3": "can-beer_delta", "4": "small_marker", "5": "glue_2", "6": "stapler_2"}, "semantic_label": {"2": "cup_0", "3": "can_drink_0", "4": "marker_0", "5": "glue_0", "6": "stapler_0"}, "obj_aabb": {"2": [[0.20339854504660818, -0.3159440380206468, 0.622103650150475], [0.29802277898523105, -0.17806263157223767, 0.73433888727687]], "3": [[0.0714294444538351, -0.27699894790198815, 0.6224676475293187], [0.14969372004259285, -0.19675060198732983, 0.7567028150421993]], "4": [[0.17789174768841443, -0.10882048785807825, 0.6222448968663415], [0.33441983963695243, -0.08869165125119198, 0.643326767891279]], "5": [[0.22557855289185488, -0.023654226751454566, 0.619641819521282], [0.29211109356136244, 0.045704987241801484, 0.7925162725355156]], "6": [[0.25848278415326675, 0.06455310848167495, 0.621895225358199], [0.29555898868266095, 0.18360002500377565, 0.6511537782929094]]}, "sizes": {"2": "medium", "3": "medium", "4": "medium", "5": "medium", "6": "medium"}, "distances": {"(2, 3)": 0.05857666970171986, "(2, 4)": 0.07468052985151544, "(2, 5)": 0.16263872622788217, "(2, 6)": 0.2485961674407423, "(3, 2)": 0.05858494009672519, "(3, 4)": 0.11236419916799592, "(3, 5)": 0.2213312117116822, "(3, 6)": 0.3045012848341442, "(4, 2)": 0.07468052985151541, "(4, 3)": 0.11236419916799592, "(4, 5)": 0.07250928270551762, "(4, 6)": 0.15820356415662168, "(5, 2)": 0.16263872622788217, "(5, 3)": 0.2213312117116822, "(5, 4)": 0.07250928270551762, "(5, 6)": 0.028490864128720185, "(6, 2)": 0.2485961674407423, "(6, 3)": 0.3045012848341442, "(6, 4)": 0.15820356415662168, "(6, 5)": 0.028490864128720185}, "state": {"2": [[0.2509810779467825, -0.24722992799646257, 0.6782458131759406], [0.498791514037696, 0.502820442952941, 0.49716700812214354, 0.5012021485463397]], "3": [[0.11024946628590693, -0.23700317611757468, 0.6896152520944], [0.7101905301185006, 0.00026785652928327375, -0.00026748073587529316, 0.7040094229745357]], "4": [[0.2561458077789617, -0.09885434006029185, 0.632631240263968], [0.0005519252420471329, 0.003525053282623499, -0.00047792919248954246, 0.9999935204597922]], "5": [[0.258671075019068, 0.011198257900823428, 0.7034215096006757], [-0.021010880420590898, 0.03486880866899932, -0.707650523384647, 0.7053888614370032]], "6": [[0.276982638856054, 0.12407941192882191, 0.6366131419629033], [-0.0006781308972006773, 0.006858047564815339, -0.7081704515541156, 0.7060078745082983]]}, "pickable_objects": [2, 3, 4, 5, 6], "scene_graph": {"left": [[4, 2], [5, 4], [6, 5]], "right": [[2, 4], [4, 5], [5, 6]], "front": [[3, 2]], "behind": [[2, 3]], "on": [], "under": [], "leftbehind": [[4, 3], [5, 3]], "leftfront": [], "rightbehind": [], "rightfront": [[3, 4], [3, 5]]}}