{"objects": {"2": "cup-teal_pattern_ikea", "3": "can-monster_blue", "4": "remote-silver"}, "semantic_label": {"2": "cup_0", "3": "can_drink_0", "4": "remote_0"}, "obj_aabb": {"2": [[0.0028572768801803303, -0.20177748404333457, 0.6222110494580704], [0.1084861300711494, -0.06546265783768775, 0.7276156983145459]], "3": [[-0.20435593517455664, 0.05300371873907425, 0.6227585088474565], [-0.10259292811810188, 0.1546470784776872, 0.7980954919437402]], "4": [[0.09405044259928144, 0.10827066827083526, 0.6184946345965086], [0.3237043213149895, 0.309279872813853, 0.658190117405334]]}, "sizes": {"2": "medium", "3": "medium", "4": "medium"}, "distances": {"(2, 3)": 0.2203951844331745, "(2, 4)": 0.195149837782797, "(3, 2)": 0.2203951844331745, "(3, 4)": 0.22443788668117565, "(4, 2)": 0.195149837782797, "(4, 3)": 0.22443788668117565}, "state": {"2": [[0.05560717550734144, -0.13361606103352955, 0.6750551882363695], [0.4980723132404378, 0.49749277506287665, 0.5025098046302883, 0.5019051760980222]], "3": [[-0.153371119665181, 0.10383912714943981, 0.7103999483107635], [-0.24025935990023406, 0.664864264178603, 0.6642327638587743, -0.2429522290803449]], "4": [[0.2089207514563162, 0.20820403364299025, 0.637880377414212], [0.665026456294367, 0.24124515692291018, 0.22799260195538523, 0.6689992228272093]]}, "pickable_objects": [2, 3, 4], "scene_graph": {"left": [[4, 2]], "right": [[2, 4]], "front": [[3, 4]], "behind": [[4, 3]], "on": [], "under": [], "leftbehind": [], "leftfront": [[3, 2]], "rightbehind": [[2, 3]], "rightfront": []}}