{"objects": {"2": "bottle-avene_skincare", "3": "tube-shoe_polish", "4": "soap_dish", "5": "soap"}, "semantic_label": {"2": "shampoo_0", "3": "cleanser_0", "4": "soap_dish_0", "5": "soap_0"}, "obj_aabb": {"2": [[0.20737302307579147, -0.0035302279088994595, 0.6223290611169195], [0.3044742834920828, 0.0948007532275025, 0.8540082903999459]], "3": [[-0.16138090305632066, -0.04006902350487436, 0.6226767029421612], [-0.12018063347004723, 0.021336178106262555, 0.7878362457436241]], "4": [[-0.09435574495819775, -0.16805854964245415, 0.622973154559068], [0.06559572388311492, -0.008098531906329073, 0.6719675749769065]], "5": [[0.10809198252427143, -0.07730949905934004, 0.619930221234291], [0.23674387909146172, 0.04371585677380915, 0.6739311247766406]]}, "sizes": {"2": "medium", "3": "medium", "4": "medium", "5": "medium"}, "distances": {"(2, 3)": 0.34743588250731505, "(2, 4)": 0.18802736111522814, "(2, 5)": 0.015942280310198433, "(3, 2)": 0.34743588250731505, "(3, 4)": 0.0525690468252176, "(3, 5)": 0.24141996666173107, "(4, 2)": 0.18802736111522814, "(4, 3)": 0.052569046825217625, "(4, 5)": 0.06639730820357884, "(5, 2)": 0.015942280310198433, "(5, 3)": 0.24141996666173107, "(5, 4)": 0.06639730820357884}, "state": {"2": [[0.25581679174919214, 0.04569768031384789, 0.7386346552579641], [0.6915990895558765, -0.1340295731087575, -0.12881630680143732, 0.697949233082038]], "3": [[-0.14102833788060748, -0.009411157640764231, 0.7053966342148361], [0.7083613797716232, -0.0020562660821063852, 0.0020534388760108943, 0.7058439705817598]], "4": [[-0.014149566035798327, -0.0880714184221614, 0.6473356060622216], [-4.581995938143219e-05, 7.011742620876718e-05, 0.7071034796042904, 0.7071100777924062]], "5": [[0.17255112742760056, -0.016984279970090162, 0.6472387430986069], [0.0017191750816476703, 0.02865721563234724, 0.9489345490065355, -0.31416401788079257]]}, "pickable_objects": [2, 3, 4, 5], "scene_graph": {"left": [], "right": [], "front": [[3, 4], [4, 5], [4, 2]], "behind": [[2, 4], [4, 3], [5, 4]], "on": [], "under": [], "leftbehind": [[2, 5]], "leftfront": [], "rightbehind": [], "rightfront": [[5, 2]]}}