{"objects": {"2": "square_plate_3", "3": "fork", "4": "cutlery-knife_2_new", "5": "plastic_lemon", "6": "green_bowl", "7": "glass-small_3"}, "semantic_label": {"2": "plate_0", "3": "fork_0", "4": "knife_0", "5": "fruit_0", "6": "bowl_0", "7": "glass_0"}, "obj_aabb": {"2": [[0.07129842408217119, -0.2119590780572776, 0.622976300601696], [0.25590067225947255, -0.028668990621097415, 0.6552683334120297]], "3": [[0.07240783969977033, -0.33249834941609757, 0.6147517952185297], [0.277227127409167, -0.2982727156178251, 0.6474011726679663]], "4": [[0.07971649350417605, 0.058805510335016395, 0.6229900000926207], [0.2929783017207622, 0.0848042051053904, 0.6338385368958177]], "5": [[0.1251019561426012, -0.16108432963761776, 0.6110349431255142], [0.21529718553857516, -0.06343560607647428, 0.7171789189037909]], "6": [[-0.09937374021721618, -0.1933502748588205, 0.6221054781589686], [0.03738175329209603, -0.05794084385549682, 0.6835859155216326]], "7": [[0.1282095268623087, 0.1684876716923611, 0.6216446344513331], [0.19354420661532562, 0.23438145357866583, 0.753675489406944]]}, "sizes": {"2": "medium", "3": "medium", "4": "medium", "5": "medium", "6": "small", "7": "medium"}, "distances": {"(2, 3)": 0.09229794521599126, "(2, 4)": 0.0933354085545883, "(2, 5)": -1.0614447416390765e-05, "(2, 6)": 0.04300386802910157, "(2, 7)": 0.2041989805007968, "(3, 2)": 0.09229794521599126, "(3, 4)": 0.3612961142600534, "(3, 5)": 0.16257456640418433, "(3, 6)": 0.14890919408909942, "(3, 7)": 0.4743646671973481, "(4, 2)": 0.0933354085545883, "(4, 3)": 0.3612961142600534, "(4, 5)": 0.14632842370182614, "(4, 6)": 0.1610922222125424, "(4, 7)": 0.09103512493572133, "(5, 2)": -1.031111643398034e-05, "(5, 3)": 0.16257456640418433, "(5, 4)": 0.14632842370182614, "(5, 6)": 0.10187803332590015, "(5, 7)": 0.25449278017942684, "(6, 2)": 0.04300386802910157, "(6, 3)": 0.14890919408909942, "(6, 4)": 0.1610922222125424, "(6, 5)": 0.10187803332590015, "(6, 7)": 0.286493294959473, "(7, 2)": 0.2041989805007968, "(7, 3)": 0.4743646671973481, "(7, 4)": 0.09103512493572133, "(7, 5)": 0.25449278017942684, "(7, 6)": 0.286493294959473}, "state": {"2": [[0.16358936920848516, -0.12008721712665965, 0.6393455035303214], [6.138482835989194e-06, 5.078217457506386e-05, 0.707106880549303, 0.7071066799736256]], "3": [[0.17486568153853285, -0.3146403347000283, 0.6312178548675398], [-0.025418433436563224, 0.0058861216687348455, 0.9996595700288063, 2.9379481826123905e-05]], "4": [[0.1861454906035827, 0.07164381668023127, 0.6283606709964616], [3.0039882019292614e-13, 0.7071067811779526, 0.7071067811951425, -6.120363619024443e-14]], "5": [[0.17356433047329098, -0.11772610360865107, 0.6250907358960005], [0.2656487173667235, 0.11481069113989062, -0.0038099846581740398, 0.9572015191057209]], "6": [[-0.030974472625316243, -0.12572891670390107, 0.6527279128473503], [0.0014510636916699221, -0.00424718552892565, -1.874829913634717e-06, 0.9999899278621414]], "7": [[0.1607690712446101, 0.20134399002821737, 0.6876236295439772], [0.7131691021556912, -0.004586222802922294, 0.004588237273086049, 0.7009620149263248]]}, "pickable_objects": [3, 4, 5, 6, 7], "scene_graph": {"left": [[4, 2], [4, 5], [7, 4], [2, 3], [5, 3]], "right": [[3, 2], [3, 5], [4, 7], [2, 4], [5, 4]], "front": [[6, 2], [6, 5]], "behind": [[2, 6], [5, 6]], "on": [[2, 5]], "under": [[5, 2]], "leftbehind": [], "leftfront": [[6, 3]], "rightbehind": [[3, 6]], "rightfront": []}}