{"objects": {"2": "cup-red_heart", "3": "can-monster_blue", "4": "small_marker", "5": "glue_2", "6": "stapler_1"}, "semantic_label": {"2": "cup_0", "3": "can_drink_0", "4": "marker_0", "5": "glue_0", "6": "stapler_0"}, "obj_aabb": {"2": [[0.07181852294697783, -0.2736975000097705, 0.6227068736438721], [0.18074663765465, -0.1302297005714182, 0.7189931962050105]], "3": [[-0.06408798482244019, -0.22704033432881107, 0.6227600477211361], [0.00814038587062758, -0.1547675818987844, 0.7980958676011074]], "4": [[-0.007877698952657289, 0.3383296301304529, 0.6215828295519318], [0.1485934142656467, 0.40193535399867775, 0.6443877040053004]], "5": [[0.2478053956808926, 0.10071555456378757, 0.6195913461529916], [0.322465332019849, 0.17582806719387278, 0.7926059351246515]], "6": [[0.13337205111845665, 0.16313086894979426, 0.6218063577658538], [0.17486434582423602, 0.24659757378102495, 0.6820984776626985]]}, "sizes": {"2": "medium", "3": "medium", "4": "medium", "5": "medium", "6": "medium"}, "distances": {"(2, 3)": 0.06821123455003332, "(2, 4)": 0.4919132575335405, "(2, 5)": 0.2805702497802988, "(2, 6)": 0.2990791471329361, "(3, 2)": 0.06821145296097415, "(3, 4)": 0.5008965902278318, "(3, 5)": 0.388399221921024, "(3, 6)": 0.3606476242148628, "(4, 2)": 0.4919132575335405, "(4, 3)": 0.5008965902278318, "(4, 5)": 0.2673093771742895, "(4, 6)": 0.1323091111029557, "(5, 2)": 0.2805702497802988, "(5, 3)": 0.388399221921024, "(5, 4)": 0.2673093771742895, "(5, 6)": 0.09098473489753947, "(6, 2)": 0.2990791471329361, "(6, 3)": 0.3606476242148628, "(6, 4)": 0.1323091111029557, "(6, 5)": 0.09098473489753947}, "state": {"2": [[0.12629513597763822, -0.20207203216318848, 0.6709129258005024], [0.4990489420719027, 0.4998911228602561, 0.5001060059103842, 0.5009520950697673]], "3": [[-0.02806181753560911, -0.19084814788155646, 0.7104009078417945], [0.7069336633066025, -0.0012906800053462779, 0.0014267965199197498, 0.7072772399001129]], "4": [[0.07037118188113918, 0.37004927882757194, 0.6328223141647867], [0.04551910703550549, 0.009831091420336313, 0.13768744540057443, 0.9893803757479925]], "5": [[0.2849805746986494, 0.13807734719989526, 0.7034414242034881], [-0.03958545694413711, 0.008512219497076987, 0.07008471714568945, 0.996718950427033]], "6": [[0.154329241109602, 0.20487510222183483, 0.6518333981445005], [0.006154041953308962, -0.008763210547633469, 0.7069986853467132, 0.7071337870774907]]}, "pickable_objects": [2, 3, 4, 5, 6], "scene_graph": {"left": [[4, 6], [6, 2]], "right": [[2, 6], [6, 4]], "front": [[3, 2], [6, 5]], "behind": [[2, 3], [5, 6]], "on": [], "under": [], "leftbehind": [[5, 2]], "leftfront": [[4, 5]], "rightbehind": [[5, 4]], "rightfront": [[2, 5]]}}