{"objects": {"2": "blue_cup", "3": "can-hoegaarden", "4": "remote-infini_fun"}, "semantic_label": {"2": "cup_0", "3": "can_drink_0", "4": "remote_0"}, "obj_aabb": {"2": [[0.09885478402456116, -0.047481057365571844, 0.6229794641308369], [0.202891847738064, 0.08657543206613644, 0.7110268255735795]], "3": [[0.1344026597787631, 0.26048607646113026, 0.6217230306894284], [0.23151440895229275, 0.3583871291467801, 0.7570106552122029]], "4": [[-0.2343833038485869, 0.21588191631462056, 0.6227562364990237], [-0.09096260984517522, 0.44281010852308994, 0.660568200071529]]}, "sizes": {"2": "medium", "3": "medium", "4": "medium"}, "distances": {"(2, 3)": 0.18897470304608158, "(2, 4)": 0.2892550373982326, "(3, 2)": 0.18897470304608158, "(3, 4)": 0.24872061928536143, "(4, 2)": 0.2892550373982326, "(4, 3)": 0.24872061928536143}, "state": {"2": [[0.15110086183778404, 0.005049543386564089, 0.6628070812006932], [-4.959943036482073e-05, 2.500954887484416e-05, 0.7071067824056722, 0.7071067777855877]], "3": [[0.18315129135552205, 0.3095173446587403, 0.6894254410033154], [0.08579708503377675, 0.6965863601259141, 0.7063362636983613, 0.09217041646252944]], "4": [[-0.162544852952634, 0.3293762378668073, 0.6416444956658575], [0.5834956382872342, -0.4011886234777425, -0.40054198627302084, 0.5815037796302536]]}, "pickable_objects": [2, 3, 4], "scene_graph": {"left": [[3, 2]], "right": [[2, 3]], "front": [[4, 3]], "behind": [[3, 4]], "on": [], "under": [], "leftbehind": [], "leftfront": [[4, 2]], "rightbehind": [[2, 4]], "rightfront": []}}