{"objects": {"2": "bottle-baby_cleansing_water", "3": "tube-shoe_polish", "4": "soap_dish", "5": "soap"}, "semantic_label": {"2": "shampoo_0", "3": "cleanser_0", "4": "soap_dish_0", "5": "soap_0"}, "obj_aabb": {"2": [[0.19983903390676444, -0.2692591629310198, 0.6225592049987482], [0.2818498874177057, -0.18786279097377814, 0.785854738853104]], "3": [[0.182491054149212, 0.17712200984424203, 0.6226764732635758], [0.2510996857218195, 0.2500962100482974, 0.7878365443063241]], "4": [[-0.21822016303900615, 0.02764681971916781, 0.6229789504046421], [-0.05820018883362903, 0.1876748570159632, 0.6719629470277659]], "5": [[-0.17284894182019556, 0.050803970702695905, 0.625749638556993], [-0.10358378379143757, 0.163929098370613, 0.6797250047856083]]}, "sizes": {"2": "medium", "3": "medium", "4": "medium", "5": "medium"}, "distances": {"(2, 3)": 0.38896954596728583, "(2, 4)": 0.3954761444701823, "(2, 5)": 0.42341070316343127, "(3, 2)": 0.38896954596728583, "(3, 4)": 0.2724215524807258, "(3, 5)": 0.31367464533138656, "(4, 2)": 0.3954761444701823, "(4, 3)": 0.2724215524807258, "(4, 5)": -1.9139813847578787e-05, "(5, 2)": 0.4234107031634313, "(5, 3)": 0.31367464533138656, "(5, 4)": -1.9139813847574884e-05}, "state": {"2": [[0.2409566575656463, -0.22876826297486996, 0.7039759996345041], [0.5389621284934386, 0.4541696341653981, 0.45624166195595245, 0.5432249196673152]], "3": [[0.21702520798980954, 0.2135068036151087, 0.705396667992869], [0.21047675336966828, 0.6763753309420899, 0.675174049627764, 0.20580561385246016]], "4": [[-0.13797972280239584, 0.10766786510840129, 0.6473361997531528], [-4.706631007127206e-05, 4.2310011152577064e-05, 0.7069490114758227, 0.70726451287194]], "5": [[-0.13844712506912463, 0.10736734459345394, 0.653044791109423], [0.025811324067514692, 0.010165677770525692, 0.7126242288985716, 0.7009972488762448]]}, "pickable_objects": [2, 3, 5], "scene_graph": {"left": [], "right": [], "front": [[4, 3]], "behind": [[3, 4]], "on": [[4, 5]], "under": [[5, 4]], "leftbehind": [], "leftfront": [], "rightbehind": [], "rightfront": []}}