{"objects": {"2": "soap_dish", "3": "soap", "4": "bottle-avene_skincare", "5": "tube-signal"}, "semantic_label": {"2": "soap_dish_0", "3": "soap_0", "4": "shampoo_0", "5": "cleanser_0"}, "obj_aabb": {"2": [[0.05231110204718424, -0.38061809955432047, 0.6229774901778508], [0.21226704670519964, -0.2206573537439421, 0.6719623777554063]], "3": [[0.1044138660275396, -0.3562416581075126, 0.6253098598343325], [0.17111074833804685, -0.2428595315234987, 0.6806037889124699]], "4": [[-0.030406158482184392, -0.3430657709656606, 0.6222448373342749], [0.05217531621267779, -0.2608700554285428, 0.854120501397822]], "5": [[0.10529352329583413, -0.011416738552871997, 0.6229296899272347], [0.1386482005187988, 0.03755807020192643, 0.7746149093095649]]}, "sizes": {"2": "medium", "3": "medium", "4": "medium", "5": "medium"}, "distances": {"(2, 3)": -9.987000226442059e-06, "(2, 4)": 0.009881115666292344, "(2, 5)": 0.2191772398300581, "(3, 2)": -9.987000226439023e-06, "(3, 4)": 0.06281644864061926, "(3, 5)": 0.24284215325692377, "(4, 2)": 0.009881115666292344, "(4, 3)": 0.06281644864061926, "(4, 5)": 0.2774824946896593, "(5, 2)": 0.2191772398300581, "(5, 3)": 0.24284215325692377, "(5, 4)": 0.2774824946896593}, "state": {"2": [[0.13251951791607147, -0.30063060097257893, 0.6473351737917771], [-1.8750087202914047e-05, 4.904533810995866e-05, 0.7070945057485988, 0.70711905446193]], "3": [[0.13752392627663443, -0.29955325232470437, 0.6532584148489838], [0.026409290383279764, -0.008388478143644318, 0.7059138687410282, 0.7077554611127771]], "4": [[0.0109150455136669, -0.30184727481677465, 0.7386484701922787], [-0.472797940802566, 0.5215169327539625, 0.5213527006379077, -0.4823624752831759]], "5": [[0.12197780940143055, 0.012803456307856996, 0.6989305805391187], [0.7066510715284894, 0.0002481246362320199, -0.00022599430772312826, 0.7075621177454146]]}, "pickable_objects": [3, 4, 5], "scene_graph": {"left": [[5, 2], [5, 3]], "right": [[2, 5], [3, 5]], "front": [[4, 2], [4, 3]], "behind": [[2, 4], [3, 4]], "on": [[2, 3]], "under": [[3, 2]], "leftbehind": [[5, 4]], "leftfront": [], "rightbehind": [], "rightfront": [[4, 5]]}}