{"objects": {"2": "round_plate_2", "3": "cutlery-fork_2_new", "4": "cutlery-knife_3_new", "5": "plastic_plum", "6": "green_bowl", "7": "glass-new_5"}, "semantic_label": {"2": "plate_0", "3": "fork_0", "4": "knife_0", "5": "fruit_0", "6": "bowl_0", "7": "glass_0"}, "obj_aabb": {"2": [[0.018852332624585674, 0.20446733789868354, 0.6197853698773915], [0.22412664848324337, 0.40925038722870744, 0.6589753708088778]], "3": [[0.0553426836752956, -0.26551092609353205, 0.6177865785423554], [0.24156690751474152, -0.23404173564343322, 0.6492155865029824]], "4": [[0.05065278475046464, 0.120865475533278, 0.6206920228089007], [0.269940941021611, 0.14792986378541215, 0.6356702371793325]], "5": [[-0.24729957715527062, 0.05027943662577977, 0.6012609561920483], [-0.12464097821163145, 0.15552208124640401, 0.7201787522433294]], "6": [[0.0899462544736871, -0.42761790332500155, 0.6226219312093321], [0.2748116000113761, -0.24314157528121566, 0.6831921277586278]], "7": [[-0.10636031396342702, 0.20427409082331432, 0.6209541455904993], [-0.011588983063952923, 0.29512263938391653, 0.8261898500517325]]}, "sizes": {"2": "medium", "3": "medium", "4": "medium", "5": "medium", "6": "small", "7": "medium"}, "distances": {"(2, 3)": 0.45006121718304093, "(2, 4)": 0.07047610378117135, "(2, 5)": 0.2377850466313659, "(2, 6)": 0.4856724063182517, "(2, 7)": 0.05885431188244506, "(3, 2)": 0.45006121718304093, "(3, 4)": 0.35974650204231734, "(3, 5)": 0.3855269659639297, "(3, 6)": 0.02333280439625291, "(3, 7)": 0.4648567294004961, "(4, 2)": 0.07047610378117135, "(4, 3)": 0.35974650204231734, "(4, 5)": 0.2043311904239569, "(4, 6)": 0.39922917231481075, "(4, 7)": 0.12333567806623655, "(5, 2)": 0.2377850466313659, "(5, 3)": 0.3855269659639297, "(5, 4)": 0.2043311904239569, "(5, 6)": 0.4715717181728851, "(5, 7)": 0.12347978775177348, "(6, 2)": 0.4856724063182517, "(6, 3)": 0.023332804396252918, "(6, 4)": 0.39922917231481075, "(6, 5)": 0.4715717181728851, "(6, 7)": 0.5310876689957132, "(7, 2)": 0.05885431188244506, "(7, 3)": 0.4648567294004961, "(7, 4)": 0.12333567806623655, "(7, 5)": 0.12347978775177348, "(7, 6)": 0.5310876689957132}, "state": {"2": [[0.12148238901625388, 0.3066988959520342, 0.639692151065102], [0.005405666868111156, 0.009275479758619774, 0.682129262669534, 0.7311527974718256]], "3": [[0.14874702084517422, -0.24978022796392912, 0.6334558401571831], [0.013078811275681708, 0.7064899685833284, 0.7074699501530195, -0.013679861740049575]], "4": [[0.16010843087869747, 0.1343879735778385, 0.6282662589047641], [-0.00355089136791172, 0.6782562549602622, 0.7348066035518591, 0.0038857630336991845]], "5": [[-0.1803582022426028, 0.10733973407067196, 0.6211238895985567], [0.4028061768740984, -0.1089063500239328, -0.5463589662626602, 0.7262082833326362]], "6": [[0.18232012018634197, -0.33531678171380763, 0.652789289368562], [0.0015854835559269225, 0.000989462782819095, 0.9681898018700749, -0.25020994136940405]], "7": [[-0.05893099045833509, 0.2497831101744239, 0.7236023369090636], [0.7096935524804712, -0.0073281162452268145, 0.0072150488047210285, 0.7044354500951033]]}, "pickable_objects": [2, 3, 4, 5, 6, 7], "scene_graph": {"left": [[2, 4], [3, 6]], "right": [[4, 2], [6, 3]], "front": [[5, 4], [7, 2]], "behind": [[2, 7], [4, 5]], "on": [], "under": [], "leftbehind": [[2, 5], [7, 5]], "leftfront": [[7, 4]], "rightbehind": [[4, 7]], "rightfront": [[5, 7], [5, 2]]}}