{"objects": {"2": "square_plate_3", "3": "cutlery-fork_2_new", "4": "knife", "5": "plastic_lemon", "6": "doraemon_bowl", "7": "glass-new_13"}, "semantic_label": {"2": "plate_0", "3": "fork_0", "4": "knife_0", "5": "fruit_0", "6": "bowl_0", "7": "glass_0"}, "obj_aabb": {"2": [[0.04523475165299734, -0.1485400041214456, 0.6226841021795149], [0.23002636662161158, 0.03494501248585485, 0.6556071656842568]], "3": [[-0.11116252165849669, -0.3880552308127084, 0.6176535453173837], [0.06893567044888022, -0.2756843333086703, 0.6493966567868035]], "4": [[0.049531233887122675, 0.12071157706854001, 0.6200205567631266], [0.2705143313901604, 0.1484647966977573, 0.6472582249190745]], "5": [[-0.32564527268646637, 0.15318796442579521, 0.6013469110482089], [-0.2153389774279083, 0.267368884977106, 0.7103540965842988]], "6": [[-0.12429804176189906, 0.25869549471301595, 0.7544704261645911], [0.08621869594793836, 0.48655583119513074, 0.8357035526397729]], "7": [[-0.09682051511146994, 0.35495418155890546, 0.6199190438098974], [-0.031149485101247563, 0.42805856116560204, 0.8032707935793411]]}, "sizes": {"2": "medium", "3": "medium", "4": "medium", "5": "medium", "6": "small", "7": "medium"}, "distances": {"(2, 3)": 0.20241989362676502, "(2, 4)": 0.09103680446530443, "(2, 5)": 0.3450278818123247, "(2, 6)": 0.3075357231331399, "(2, 7)": 0.35833012083766874, "(3, 2)": 0.20241989362676502, "(3, 4)": 0.44163298791416755, "(3, 5)": 0.49307991288964237, "(3, 6)": 0.6045617976413873, "(3, 7)": 0.6522754239784491, "(4, 2)": 0.09103680446530443, "(4, 3)": 0.44163298791416755, "(4, 5)": 0.3003930113690466, "(4, 6)": 0.22471884427506644, "(4, 7)": 0.2541191010902038, "(5, 2)": 0.3450278818123247, "(5, 3)": 0.49307991288964237, "(5, 4)": 0.3003930113690466, "(5, 6)": 0.22346261229541528, "(5, 7)": 0.2127316283077264, "(6, 2)": 0.3075357231331399, "(6, 3)": 0.6045617976413873, "(6, 4)": 0.22471884427506644, "(6, 5)": 0.22346261229541528, "(6, 7)": -0.01963549445510221, "(7, 2)": 0.35833012083766874, "(7, 3)": 0.6522754239784491, "(7, 4)": 0.2541191010902038, "(7, 5)": 0.21273162830772638, "(7, 6)": -0.019635494455117655}, "state": {"2": [[0.13762091807558138, -0.056570274517006934, 0.6393684329754734], [-3.849150285787484e-05, 0.00126404345790414, 0.7068424932641321, 0.7073698399201696]], "3": [[-0.021372218812481907, -0.3317340467015849, 0.6334797177537674], [0.6812090089322569, -0.17696761166633432, -0.152214104240077, 0.693878676024157]], "4": [[0.16000409421081485, 0.13467050837161063, 0.6339352887635261], [0.00725938689186963, -0.012191676422180858, 0.9998993093037848, 0.0001886313470340885]], "5": [[-0.26723470864167226, 0.20636534552535826, 0.6166390159761433], [0.2369329527026138, 0.19344285833937844, 0.19057764441824776, 0.9328037295857602]], "6": [[-0.01909259043419225, 0.3726547674928359, 0.7950853040733676], [0.04963415029087155, 0.011730237034820082, 0.5131450040526988, 0.8567853041922263]], "7": [[-0.06422409395961316, 0.3917310601400813, 0.7113688347170126], [0.7208111650576517, -0.0019607318994674895, -0.0057912537579361935, 0.6931045240355602]]}, "pickable_objects": [2, 3, 4, 5, 6, 7], "scene_graph": {"left": [[2, 3], [4, 2]], "right": [[2, 4], [3, 2]], "front": [[7, 6]], "behind": [[6, 7]], "on": [], "under": [], "leftbehind": [[7, 5]], "leftfront": [], "rightbehind": [], "rightfront": [[5, 7]]}}