{"objects": {"2": "cup-stanford", "3": "can-hoegaarden", "4": "black_marker", "5": "glue_1", "6": "stapler_2"}, "semantic_label": {"2": "cup_0", "3": "can_drink_0", "4": "marker_0", "5": "glue_0", "6": "stapler_0"}, "obj_aabb": {"2": [[0.028054388391398503, -0.16938263706066536, 0.6221041470756808], [0.12268004864533644, -0.03150114328271543, 0.7343406949924359]], "3": [[-0.10476123540006424, -0.13087203577769668, 0.6217228113384676], [-0.02538930239523097, -0.04973309343327058, 0.7570110266227004]], "4": [[0.004930204184201051, 0.03488058452661388, 0.6209951041141872], [0.15651395999185003, 0.06059448069857564, 0.6470570965505529]], "5": [[-0.264639229486096, -0.27280559624679185, 0.616231197582225], [-0.16794965312922028, -0.1897605267423521, 0.7647038367671628]], "6": [[-0.019538960879526696, -0.03826787393516656, 0.6218590049689577], [0.10325001824823125, 0.014647309210642367, 0.6512366551089271]]}, "sizes": {"2": "medium", "3": "medium", "4": "medium", "5": "medium", "6": "medium"}, "distances": {"(2, 3)": 0.05856085226507116, "(2, 4)": 0.0732189101231049, "(2, 5)": 0.2542558741094457, "(2, 6)": 0.01069759886777682, "(3, 2)": 0.05856085226507116, "(3, 4)": 0.11271664115686603, "(3, 5)": 0.1477322924824816, "(3, 6)": 0.04309815614207783, "(4, 2)": 0.0732189101231049, "(4, 3)": 0.11271664115686603, "(4, 5)": 0.3327742519898094, "(4, 6)": 0.02762997255297138, "(5, 2)": 0.2542558741094457, "(5, 3)": 0.1477322924824816, "(5, 4)": 0.3327742519898094, "(5, 6)": 0.2643317968551057, "(6, 2)": 0.010697598867776817, "(6, 3)": 0.043092578857090676, "(6, 4)": 0.02762997255297138, "(6, 5)": 0.2643317968551057}, "state": {"2": [[0.07563763510503428, -0.10066848284527626, 0.6782469631309653], [0.49879315458385187, 0.5028241138695874, 0.49716421355665646, 0.5011996051576108]], "3": [[-0.06524176730411453, -0.09042886886252226, 0.6894255172003556], [0.7018357345463587, 0.0025231423805238823, -0.00255855303120635, 0.7123297616081242]], "4": [[0.0807148451680957, 0.04765084087333672, 0.6340752167826811], [0.04410731100525862, 0.004212610439202309, 0.0018709141963013866, 0.9990161653893509]], "5": [[-0.2161604072174774, -0.23121461923610048, 0.6904771028565501], [-0.031521835468199005, 0.0500642260066461, 0.8876141971223139, -0.4567723549318425]], "6": [[0.041852954892634416, -0.011772280288926396, 0.6366365839855793], [-0.003926169107870823, -0.007114616704484827, 0.9975504938442405, -0.0694764683644492]]}, "pickable_objects": [2, 3, 4, 5, 6], "scene_graph": {"left": [[4, 6], [6, 2], [6, 3]], "right": [[2, 6], [3, 6], [6, 4]], "front": [[3, 2]], "behind": [[2, 3]], "on": [], "under": [], "leftbehind": [[4, 3], [3, 5], [2, 5], [6, 5]], "leftfront": [], "rightbehind": [], "rightfront": [[3, 4], [5, 3], [5, 2], [5, 6]]}}