{"objects": {"2": "cup-red_heart", "3": "can-redbull", "4": "black_marker", "5": "stapler_1", "6": "glue_1"}, "semantic_label": {"2": "cup_0", "3": "can_drink_0", "4": "marker_0", "5": "stapler_0", "6": "glue_0"}, "obj_aabb": {"2": [[0.20251829982548586, -0.41965128883893366, 0.6204143190615463], [0.3674507756509551, -0.24229937414542113, 0.7223075108653314]], "3": [[-0.14544374513764455, 0.04658646368346734, 0.6213365311307154], [-0.05593002339875829, 0.13648023917407867, 0.7660858606967792]], "4": [[-0.011231258742522454, -0.024863525484263592, 0.6209966644193042], [0.14036722343661828, 0.0009471085652322606, 0.6470581129195193]], "5": [[-0.21600923157500196, -0.16999921301278476, 0.6217917773077205], [-0.15969601163967673, -0.08034389474446252, 0.682106026312319]], "6": [[-0.024022606108958375, -0.12341533831654228, 0.6162255075899669], [0.07348547705893227, -0.04999744465093617, 0.7647069454659491]]}, "sizes": {"2": "medium", "3": "medium", "4": "medium", "5": "medium", "6": "medium"}, "distances": {"(2, 3)": 0.4986262581126085, "(2, 4)": 0.3051058384392083, "(2, 5)": 0.44005806982104223, "(2, 6)": 0.288209973419295, "(3, 2)": 0.4986262581126085, "(3, 4)": 0.10652575504927202, "(3, 5)": 0.16493370842517152, "(3, 6)": 0.1704474917701369, "(4, 2)": 0.3051058384392083, "(4, 3)": 0.106525755049272, "(4, 5)": 0.17189991591795292, "(4, 6)": 0.03663300499235105, "(5, 2)": 0.44005806982104223, "(5, 3)": 0.16493370842517152, "(5, 4)": 0.17189991591795292, "(5, 6)": 0.15863586489614598, "(6, 2)": 0.288209973419295, "(6, 3)": 0.1704474917701369, "(6, 4)": 0.03663300499235106, "(6, 5)": 0.15863586489614598}, "state": {"2": [[0.2850243003890288, -0.33087242878240536, 0.6714217454017801], [-0.359010156536855, 0.5967936334655225, 0.6073221247531224, -0.38224194346481033]], "3": [[-0.10058243479310734, 0.09152121505752579, 0.6936584581833816], [0.6704322397061289, -0.26078747132704594, -0.25134203360615615, 0.6475628841311019]], "4": [[0.0645607981429648, -0.012044911412237699, 0.6340764930638971], [0.04417452250134118, 0.0042151261092297455, 0.002181668305261429, 0.9990125547744971]], "5": [[-0.1880620253129625, -0.12514297471060537, 0.6518299212846607], [-0.00942709792262272, -0.00529904948014296, -0.770131966513439, 0.6377929162773036]], "6": [[0.024740967677982905, -0.08655619603437603, 0.6904758092973144], [0.0522312801484371, -0.02804344227736417, -0.545294462685617, 0.8361455660850543]]}, "pickable_objects": [2, 3, 4, 5, 6], "scene_graph": {"left": [[4, 6]], "right": [[6, 4]], "front": [[5, 6]], "behind": [[6, 5]], "on": [], "under": [], "leftbehind": [[3, 5], [4, 5]], "leftfront": [[3, 4], [3, 6], [6, 2]], "rightbehind": [[2, 6], [4, 3], [6, 3]], "rightfront": [[5, 3], [5, 4]]}}