{"objects": {"2": "square_plate_1", "3": "cutlery-fork_1_new", "4": "cutlery-knife_1", "5": "plastic_lemon", "6": "green_bowl", "7": "glass-new_3"}, "semantic_label": {"2": "plate_0", "3": "fork_0", "4": "knife_0", "5": "fruit_0", "6": "bowl_0", "7": "glass_0"}, "obj_aabb": {"2": [[-0.06597689380719507, -0.19399126081091472, 0.6213550784043623], [0.11879266789831938, -0.009603195410938306, 0.6570430940781801]], "3": [[0.26559364146148196, 0.09488847805648574, 0.6183191376076087], [0.304837467553189, 0.29177535088391754, 0.6482665356454922]], "4": [[-0.05718008686764026, 0.07642097488501938, 0.6229899963600544], [0.15590505321437187, 0.1052571400859693, 0.6352289022916356]], "5": [[-0.012989827750580558, -0.1393153881424962, 0.6114985917143466], [0.07646739484826301, -0.04412094668786639, 0.7156114184896015]], "6": [[-0.23767405997679183, -0.1752295592944376, 0.6221310264067261], [-0.10093479240488881, -0.03982330267248618, 0.6835671811943553]], "7": [[-0.025528704130843148, 0.172155074799167, 0.6228054948593076], [0.07219686633717293, 0.2703558104865466, 0.8455340140993224]]}, "sizes": {"2": "medium", "3": "medium", "4": "medium", "5": "medium", "6": "small", "7": "medium"}, "distances": {"(2, 3)": 0.205003769824604, "(2, 4)": 0.0937323868112175, "(2, 5)": -9.265936136855155e-06, "(2, 6)": 0.04457517767882301, "(2, 7)": 0.1976706159821819, "(3, 2)": 0.205003769824604, "(3, 4)": 0.11743903860231512, "(3, 5)": 0.270651058899016, "(3, 6)": 0.42230214258508764, "(3, 7)": 0.216598910882935, "(4, 2)": 0.0937323868112175, "(4, 3)": 0.11743903860231512, "(4, 5)": 0.1437726976783122, "(4, 6)": 0.16120929505279308, "(4, 7)": 0.08351044413267834, "(5, 2)": -9.265936136854287e-06, "(5, 3)": 0.270651058899016, "(5, 4)": 0.1437726976783122, "(5, 6)": 0.10173823449954786, "(5, 7)": 0.24601942241303112, "(6, 2)": 0.04457517767882301, "(6, 3)": 0.4223021425850876, "(6, 4)": 0.16120929505279308, "(6, 5)": 0.10173823449954786, "(6, 7)": 0.2817438303791692, "(7, 2)": 0.1976706159821819, "(7, 3)": 0.21659891088293493, "(7, 4)": 0.08351044413267834, "(7, 5)": 0.24601942241303112, "(7, 6)": 0.2817438303791692}, "state": {"2": [[0.026397912711398522, -0.10193763077690243, 0.6390635952896851], [0.004101186854582644, 0.004113816775714319, 0.7070953904370034, 0.7070943116732459]], "3": [[0.28519810047623395, 0.1933173970541454, 0.6332307446367188], [-0.4876166036770698, 0.5197263454800883, 0.49763610282179177, -0.49444199134043065]], "4": [[0.04907981187074202, 0.0908982025235553, 0.6291501817645028], [-3.9937546425028246e-10, 0.7071067924280566, 0.7071067699450383, -3.985708377583365e-10]], "5": [[0.03563134248094326, -0.09900118931243529, 0.6248862928660875], [0.24452575888305356, 0.10547595467633461, -0.010478855944896425, 0.9638320236461686]], "6": [[-0.16928293764186647, -0.10760979450013707, 0.6527313182792003], [0.0014248747067634351, -0.004110132460062925, -1.9769477342470315e-06, 0.9999905382248986]], "7": [[0.02356072341751457, 0.2213587915679883, 0.7341887191033086], [0.7064064275796546, -0.00017654664618547947, 0.00018018278088820482, 0.7078063968625866]]}, "pickable_objects": [3, 4, 5, 6, 7], "scene_graph": {"left": [[4, 2], [7, 4]], "right": [[4, 7], [2, 4]], "front": [[4, 3], [6, 2], [6, 5], [7, 3]], "behind": [[2, 6], [3, 4], [3, 7], [5, 6]], "on": [[2, 5]], "under": [[5, 2]], "leftbehind": [[3, 2], [4, 6]], "leftfront": [], "rightbehind": [], "rightfront": [[6, 4], [2, 3]]}}