{"objects": {"2": "bottle-baby_cleansing_water", "3": "tube-signal", "4": "soap_dish", "5": "soap"}, "semantic_label": {"2": "shampoo_0", "3": "cleanser_0", "4": "soap_dish_0", "5": "soap_0"}, "obj_aabb": {"2": [[-0.06473008689836236, -0.10830457602192517, 0.6225593763808193], [0.03286096058610745, -0.01075138076492814, 0.7858554496812069]], "3": [[-0.01608567405428732, 0.08856351230284643, 0.6662319651584145], [0.044712191275915386, 0.15337461589872373, 0.8203497489513771]], "4": [[-0.014564048920137643, -0.015021581859883587, 0.6229503875902239], [0.14545531205626905, 0.14501597945220146, 0.6719904039008388]], "5": [[0.03615244779326262, 0.009348283247251135, 0.6261706545283934], [0.10435800710120632, 0.12228581366475115, 0.6792616281136057]]}, "sizes": {"2": "medium", "3": "medium", "4": "medium", "5": "medium"}, "distances": {"(2, 3)": 0.13281605469993427, "(2, 4)": 0.03719499183244372, "(2, 5)": 0.06452866080965289, "(3, 2)": 0.13281605469993427, "(3, 4)": -9.682619848058738e-06, "(3, 5)": 0.016414003514004037, "(4, 2)": 0.03719499183244372, "(4, 3)": -9.682619848055268e-06, "(4, 5)": -3.838634084858813e-05, "(5, 2)": 0.06452866080965289, "(5, 3)": 0.016408837578133627, "(5, 4)": -3.83863408485877e-05}, "state": {"2": [[-0.01569993377818588, -0.05950548842921782, 0.7039764431278477], [0.198442109853855, 0.6763015933895747, 0.6803592055654846, 0.2008687014389637]], "3": [[0.014469619293089589, 0.12076267013520628, 0.7434624813869359], [0.6557584423008811, 0.20992836223147124, 0.225178982271308, 0.6893514154806619]], "4": [[0.06567609414133029, 0.06500419390141086, 0.647335661281153], [-0.0001708856462603426, 0.0001156015919447569, 0.706958091001572, 0.7072554100194504]], "5": [[0.07001985084200031, 0.06581846936778597, 0.6530200906069941], [0.02073840974795154, 0.004525844332378189, 0.7115004696813982, 0.7023649455499291]]}, "pickable_objects": [2, 3, 5], "scene_graph": {"left": [[5, 2], [3, 2]], "right": [[2, 5], [2, 3]], "front": [], "behind": [], "on": [[4, 3], [4, 5]], "under": [[3, 4], [5, 4]], "leftbehind": [[4, 2]], "leftfront": [], "rightbehind": [], "rightfront": [[2, 4]]}}