{"objects": {"2": "soap_dish", "3": "soap", "4": "bottle-baby_cleansing_water", "5": "tube-shoe_polish"}, "semantic_label": {"2": "soap_dish_0", "3": "soap_0", "4": "shampoo_0", "5": "cleanser_0"}, "obj_aabb": {"2": [[-0.08415426365188923, -0.237739865106606, 0.6229673149393402], [0.07580560313618447, -0.07776861130505597, 0.6719810769130528]], "3": [[-0.03205200737150687, -0.21334744222651983, 0.6253469787433962], [0.03456041142169645, -0.0999276694898655, 0.6805534030603587]], "4": [[-0.04899767362077086, -0.029805725759714966, 0.6225606562102997], [0.021262146083252876, 0.0413172479880454, 0.7858540026786482]], "5": [[-0.034385529520208215, 0.10405666093596594, 0.6226754784606979], [0.006815102916176515, 0.16546194884535348, 0.7878351393513668]]}, "sizes": {"2": "medium", "3": "medium", "4": "medium", "5": "medium"}, "distances": {"(2, 3)": -1.4222713703968253e-05, "(2, 4)": 0.052303882921996205, "(2, 5)": 0.19597568021826747, "(3, 2)": -1.422271370396782e-05, "(3, 4)": 0.07587871789021594, "(3, 5)": 0.21973912203332482, "(4, 2)": 0.0522943511092334, "(4, 3)": 0.07587871789021594, "(4, 5)": 0.07353857248995614, "(5, 2)": 0.19597568021826747, "(5, 3)": 0.21973912203332482, "(5, 4)": 0.07352659678721221}, "state": {"2": [[-0.0039438896916879655, -0.15774713779091387, 0.6473394293330127], [-6.632393502290694e-05, 0.0001128737200054856, 0.7070883165349927, 0.7071252332369203]], "3": [[0.0010159997296180772, -0.1566411608565404, 0.6532519126348616], [0.02622404270487448, -0.007731520539243411, 0.7078184232273089, 0.7058651449918535]], "4": [[-0.014052789073312085, 0.0056097507240583395, 0.7039763522977527], [0.7048139368366276, 0.0005759766134304923, -0.000578396038920804, 0.7093917451943018]], "5": [[-0.014032782630054148, 0.13471456812478116, 0.7053954687068139], [0.7083620956313608, -0.002054034375233938, 0.0020556091608134497, 0.7058432523489265]]}, "pickable_objects": [3, 4, 5], "scene_graph": {"left": [[4, 2], [4, 3], [5, 4]], "right": [[2, 4], [3, 4], [4, 5]], "front": [], "behind": [], "on": [[2, 3]], "under": [[3, 2]], "leftbehind": [], "leftfront": [], "rightbehind": [], "rightfront": []}}