{"objects": {"2": "square_plate_3", "3": "cutlery-fork_2_new", "4": "knife", "5": "plastic_lemon", "6": "doraemon_bowl", "7": "glass-new_13"}, "semantic_label": {"2": "plate_0", "3": "fork_0", "4": "knife_0", "5": "fruit_0", "6": "bowl_0", "7": "glass_0"}, "obj_aabb": {"2": [[0.04523097654596353, -0.14800238223572143, 0.6229729871199576], [0.22983271103197345, 0.03528759387635509, 0.6552614521127613]], "3": [[0.05534268628702023, -0.26551699668513973, 0.6177804871787669], [0.24156804010857452, -0.2340419039295399, 0.6492219588071422]], "4": [[0.04953109432754495, 0.1206934554359452, 0.6200123282856388], [0.2705143161784446, 0.14846620246968575, 0.6472710130276743]], "5": [[0.09886482057667312, -0.0963542055489208, 0.611168272537769], [0.18872614056418485, 0.0011364950961542733, 0.7169854650860708]], "6": [[-0.12503549058248062, -0.15225724367148058, 0.6212758040489523], [0.012905124596942007, 0.02878131544508468, 0.6866515051961244]], "7": [[0.10289291196487887, 0.23085524329037146, 0.6229335649739445], [0.16700905631431368, 0.2963306825551611, 0.8035760044516445]]}, "sizes": {"2": "medium", "3": "medium", "4": "medium", "5": "medium", "6": "small", "7": "medium"}, "distances": {"(2, 3)": 0.09158965201237412, "(2, 4)": 0.09059512212035378, "(2, 5)": -1.000110503990596e-05, "(2, 6)": 0.04039086636508187, "(2, 7)": 0.20068985164342742, "(3, 2)": 0.09158965201237412, "(3, 4)": 0.36097588351052234, "(3, 5)": 0.16313012798138646, "(3, 6)": 0.13073415525780152, "(3, 7)": 0.47069924292438, "(4, 2)": 0.09059512212035378, "(4, 3)": 0.36097588351052234, "(4, 5)": 0.14216729838130915, "(4, 6)": 0.1453783230660049, "(4, 7)": 0.08748555464776613, "(5, 2)": -1.0000799117028218e-05, "(5, 3)": 0.16313012798138646, "(5, 4)": 0.14216729838130915, "(5, 6)": 0.10185088814471069, "(5, 7)": 0.2505819882402419, "(6, 2)": 0.04039086636508187, "(6, 3)": 0.13073415525780152, "(6, 4)": 0.1453783230660049, "(6, 5)": 0.10185088814471069, "(6, 7)": 0.2707538497181531, "(7, 2)": 0.20068985164342742, "(7, 3)": 0.47069924292438, "(7, 4)": 0.08748555464776611, "(7, 5)": 0.2505819882402419, "(7, 6)": 0.2707538497181531}, "state": {"2": [[0.13752166127606746, -0.05613057773523838, 0.6393404067584334], [1.7300339295940275e-06, 4.394020095130437e-05, 0.7071068799610684, 0.7071066810446561]], "3": [[0.14874758639328045, -0.24978333860638843, 0.6334559666014903], [0.013090604953584805, 0.7064450486558775, 0.7075141821505672, -0.013700779078509915]], "4": [[0.1600040150775042, 0.13466189427421368, 0.6339376396172874], [0.007254784922918264, -0.012624864752913427, 0.9998939665045082, 0.00019139899226404804]], "5": [[0.1473472721744053, -0.05318945973139592, 0.625093470310274], [0.26434859523802473, 0.11231601341548807, -0.0037801701658459115, 0.9578573190406033]], "6": [[-0.056125182082041605, -0.06173748969039248, 0.6539565790727002], [-0.0002617930746465442, 0.006036719782048626, 0.7070910059252554, 0.7070967393633417]], "7": [[0.13471087621514755, 0.26380608769335645, 0.7130187955197074], [0.7072846808890695, -0.00020052594119607088, 0.00020258048674236446, 0.706928779248759]]}, "pickable_objects": [3, 4, 5, 6, 7], "scene_graph": {"left": [[4, 2], [4, 5], [7, 4], [2, 3], [5, 3]], "right": [[3, 2], [3, 5], [4, 7], [2, 4], [5, 4]], "front": [[6, 2], [6, 5]], "behind": [[2, 6], [5, 6]], "on": [[2, 5]], "under": [[5, 2]], "leftbehind": [], "leftfront": [[6, 3]], "rightbehind": [[3, 6]], "rightfront": []}}