{"objects": {"2": "cup-white_hogermann", "3": "can-monster_blue", "4": "remote-seki_care"}, "semantic_label": {"2": "cup_0", "3": "can_drink_0", "4": "remote_0"}, "obj_aabb": {"2": [[0.09181771194135344, 0.11574616101496094, 0.622234334232489], [0.2589084559960294, 0.2616014305604152, 0.7083529947344462]], "3": [[0.11519855950315572, -0.16524776364914381, 0.6227604397563781], [0.1874231620077969, -0.09299791681489664, 0.7980933216140488]], "4": [[-0.014210279203965382, -0.18511538094566365, 0.6140290145437589], [0.053080082863537825, 0.05017213352793083, 0.6543355488628079]]}, "sizes": {"2": "medium", "3": "medium", "4": "medium"}, "distances": {"(2, 3)": 0.2366892434703924, "(2, 4)": 0.1352553142322654, "(3, 2)": 0.2366892434703924, "(3, 4)": 0.06925514858916615, "(4, 2)": 0.1352553142322654, "(4, 3)": 0.06925514858916615}, "state": {"2": [[0.17546838108706547, 0.18848942300374327, 0.6652351623005336], [0.10460036789763212, 0.7026365761733105, 0.6961860730622313, 0.10337096562051147]], "3": [[0.15122285129612256, -0.12906701589987699, 0.7103998319775303], [0.7069601676639076, -0.0013515978844126446, 0.0013906853610049744, 0.7072507055592135]], "4": [[0.019515418063651896, -0.0673382145255839, 0.6335983226888272], [0.5155864396891644, -0.4948947643988504, -0.5044135876015243, 0.4845789182601915]]}, "pickable_objects": [2, 3, 4], "scene_graph": {"left": [[2, 3]], "right": [[3, 2]], "front": [[4, 3]], "behind": [[3, 4]], "on": [], "under": [], "leftbehind": [[2, 4]], "leftfront": [], "rightbehind": [], "rightfront": [[4, 2]]}}