{"objects": {"2": "bottle-baby_cleansing_water", "3": "tube-wasabi", "4": "soap_dish", "5": "soap"}, "semantic_label": {"2": "shampoo_0", "3": "cleanser_0", "4": "soap_dish_0", "5": "soap_0"}, "obj_aabb": {"2": [[-0.1228332331487504, -0.15180673369958697, 0.6225585527230537], [-0.05256335666981103, -0.08068304010643551, 0.7858565058187161]], "3": [[-0.10000265763553154, 0.04867767825114287, 0.6229883006403055], [-0.06970794691742715, 0.09007451494920447, 0.771973197538577]], "4": [[-0.019209240044839197, -0.10349077330829211, 0.6229523387518152], [0.140845651850872, 0.056582600496666705, 0.6719891286666078]], "5": [[0.026295727244132705, -0.0800241354807897, 0.6257980605749559], [0.09602237432257409, 0.03338418304401759, 0.6796240269192863]]}, "sizes": {"2": "medium", "3": "medium", "4": "medium", "5": "medium"}, "distances": {"(2, 3)": 0.1376350580876541, "(2, 4)": 0.06487878279732634, "(2, 5)": 0.09853823757180985, "(3, 2)": 0.1376350580876541, "(3, 4)": 0.08085050868782147, "(3, 5)": 0.11303209581257855, "(4, 2)": 0.06487878279732634, "(4, 3)": 0.08085050868782147, "(4, 5)": -4.5584580740094024e-05, "(5, 2)": 0.09853823757180988, "(5, 3)": 0.11303209581257855, "(5, 4)": -4.5584580740094024e-05}, "state": {"2": [[-0.0878833333189159, -0.1163908996459353, 0.7039765641100595], [0.7048116334467489, 0.0005987962260004712, -0.0005977762751978433, 0.7093939987515614]], "3": [[-0.08492050649823463, 0.06930587860333798, 0.697471696634016], [0.707106781186555, -4.8386194416410736e-14, -2.605277232988641e-14, 0.70710678118654]], "4": [[0.0610486683146768, -0.0234471424602435, 0.6473359963220611], [-0.00016373984359442789, 0.00011761248398657587, 0.7068780834979252, 0.7073353762020301]], "5": [[0.06092771195821464, -0.023320214660759286, 0.6530180805932276], [0.02502791086484584, 0.009665583317647468, 0.7143568323727357, 0.6992671136406046]]}, "pickable_objects": [2, 3, 5], "scene_graph": {"left": [[3, 2]], "right": [[2, 3]], "front": [[2, 4], [2, 5], [3, 4]], "behind": [[4, 2], [5, 2], [4, 3]], "on": [[4, 5]], "under": [[5, 4]], "leftbehind": [], "leftfront": [[3, 5]], "rightbehind": [[5, 3]], "rightfront": []}}