{"objects": {"2": "bottle-avene_skincare", "3": "tube-perfax", "4": "soap_dish", "5": "soap"}, "semantic_label": {"2": "shampoo_0", "3": "cleanser_0", "4": "soap_dish_0", "5": "soap_0"}, "obj_aabb": {"2": [[-0.18097261274936766, -0.15586331242515367, 0.6223170398767374], [-0.10505204001118268, -0.07994214428486711, 0.8540246616996484]], "3": [[-0.015818577262661303, 0.30830344586958613, 0.6229870577379423], [0.04702667212443396, 0.3704499424721509, 0.7803945400603233]], "4": [[-0.0807560014105591, -0.10935729724252201, 0.6229700827725251], [0.07927688060889974, 0.0506889250462224, 0.6719724702199577]], "5": [[0.09782231899435789, -0.42852629974136175, 0.6199564705985185], [0.21984884427551749, -0.34291915172573645, 0.6739490365020864]]}, "sizes": {"2": "medium", "3": "medium", "4": "medium", "5": "medium"}, "distances": {"(2, 3)": 0.42798039693797335, "(2, 4)": 0.053784858634091985, "(2, 5)": 0.31343248665915346, "(3, 2)": 0.42798039693797335, "(3, 4)": 0.2749946650187427, "(3, 5)": 0.6811557903525336, "(4, 2)": 0.053784858634092, "(4, 3)": 0.2749946650187427, "(4, 5)": 0.26429812742904135, "(5, 2)": 0.31343248665915346, "(5, 3)": 0.6811557903525336, "(5, 4)": 0.26429812742904135}, "state": {"2": [[-0.1431346604278444, -0.1178835287367458, 0.7386368100145791], [0.7043636544813595, -0.0031942857450170943, 0.0031957676189846265, 0.7098249261991078]], "3": [[0.015595599448338208, 0.3394038974305482, 0.7017959176749271], [0.6491671343757347, -0.28024356659558974, -0.2802608388724115, 0.6492298801062012]], "4": [[-0.000509109005118824, -0.02932719273055799, 0.6473365228243464], [-8.04702895421262e-05, 8.775006665907722e-05, 0.7069208514796574, 0.7072926519961411]], "5": [[0.1588801014898969, -0.38549641613360486, 0.6472603105063707], [0.024463286482001873, -0.013420782795610608, -0.08695425792095093, 0.9958214635330318]]}, "pickable_objects": [2, 3, 4, 5], "scene_graph": {"left": [[3, 4]], "right": [[4, 3]], "front": [[2, 4]], "behind": [[4, 2]], "on": [], "under": [], "leftbehind": [], "leftfront": [[4, 5]], "rightbehind": [[5, 4]], "rightfront": []}}