{"objects": {"2": "square_plate_3", "3": "cutlery-fork_2_new", "4": "knife", "5": "plastic_lemon", "6": "doraemon_bowl", "7": "glass-new_13"}, "semantic_label": {"2": "plate_0", "3": "fork_0", "4": "knife_0", "5": "fruit_0", "6": "bowl_0", "7": "glass_0"}, "obj_aabb": {"2": [[0.04482485747779076, -0.14976494275337165, 0.6211472325006187], [0.23087109692684687, 0.034951517946868724, 0.6573899873263855]], "3": [[0.17740906947970234, -0.0900135153172871, 0.6363315297550991], [0.2673762044644929, 0.09674229203317591, 0.6773097508989472]], "4": [[0.0495312285860654, 0.12071272238666862, 0.6200219619441482], [0.27051451995606984, 0.1484649468946545, 0.6472562236045499]], "5": [[-0.325671418963053, 0.15317863530133924, 0.601356870730362], [-0.21533175383853237, 0.26737059102702526, 0.7103400051756255]], "6": [[-0.2196792702554224, 0.23571998854996867, 0.7632777931030469], [-0.010720773485541443, 0.4644657186022496, 0.8431732001057383]], "7": [[-0.1915543097692079, 0.33298953943681464, 0.6213840905789254], [-0.11014466590839667, 0.4102077439743116, 0.8109578543828213]]}, "sizes": {"2": "medium", "3": "medium", "4": "medium", "5": "medium", "6": "small", "7": "medium"}, "distances": {"(2, 3)": -8.60788440328877e-06, "(2, 4)": 0.09105682360314876, "(2, 5)": 0.3454300310705461, "(2, 6)": 0.3296954808118176, "(2, 7)": 0.37611965218399696, "(3, 2)": -8.538654455785347e-06, "(3, 4)": 0.038031967018761964, "(3, 5)": 0.4878340611699943, "(3, 6)": 0.40181936219416714, "(3, 7)": 0.44861687044566234, "(4, 2)": 0.09105682360314876, "(4, 3)": 0.038031967018761964, "(4, 5)": 0.3003988011504334, "(4, 6)": 0.25660175179488, "(4, 7)": 0.2803677576736556, "(5, 2)": 0.3454300310705461, "(5, 3)": 0.4878340611699943, "(5, 4)": 0.3003988011504334, "(5, 6)": 0.15038435018093055, "(5, 7)": 0.14565734346044845, "(6, 2)": 0.3296954808118176, "(6, 3)": 0.40181936219416714, "(6, 4)": 0.25660175179488, "(6, 5)": 0.15038435018093055, "(6, 7)": -0.020054564967173512, "(7, 2)": 0.37611965218399696, "(7, 3)": 0.44861687044566234, "(7, 4)": 0.2803677576736556, "(7, 5)": 0.14565734346044845, "(7, 6)": -0.020054564967173505}, "state": {"2": [[0.137838841188709, -0.0571775890320931, 0.6394894738930711], [7.819506780033446e-05, 0.007651774547030757, 0.709202084190134, 0.7049637210610082]], "3": [[0.22229334327418246, 0.003086004143713505, 0.6568106080472439], [0.5727306410869164, 0.4469225773178092, 0.3775616400918918, 0.5741837951169446]], "4": [[0.16000418652327572, 0.13467119496010965, 0.6339349799338472], [0.007259500729149004, -0.012126314227562194, 0.999900102533422, 0.00019262935968079268]], "5": [[-0.26722335119593377, 0.20636543602458288, 0.6166382959357755], [0.23684644838465047, 0.1932986098868237, 0.19094163180534895, 0.9327811643396907]], "6": [[-0.1152521291857046, 0.35012265597807696, 0.8032186538174423], [0.02727569272980078, -0.03550369677500503, 0.5097258936594342, 0.8591711339625588]], "7": [[-0.15106464056953128, 0.37182885461312837, 0.7159270950482841], [0.7279784921256276, -0.037176086336477135, 0.030250589204032067, 0.6839226238837325]]}, "pickable_objects": [2, 3, 4, 5, 6, 7], "scene_graph": {"left": [[4, 2]], "right": [[2, 4]], "front": [[2, 3]], "behind": [[3, 2]], "on": [], "under": [], "leftbehind": [[7, 5]], "leftfront": [[7, 6]], "rightbehind": [[6, 7]], "rightfront": [[5, 7]]}}