{"objects": {"2": "plate", "3": "cutlery-fork_1_new", "4": "cutlery-knife_3_new", "5": "plastic_lemon", "6": "doraemon_bowl", "7": "glass-new_8"}, "semantic_label": {"2": "plate_0", "3": "fork_0", "4": "knife_0", "5": "fruit_0", "6": "bowl_0", "7": "glass_0"}, "obj_aabb": {"2": [[0.044189317507129386, -0.2864357490187512, 0.6229755768958902], [0.25907356038937557, -0.07027958003468637, 0.6519275570686516]], "3": [[0.07488039281329152, -0.3950525154748641, 0.6183153670263283], [0.27076043338348216, -0.36263237319961084, 0.6482695370891051]], "4": [[0.07496185862270255, 0.005983271214560715, 0.6209723834641273], [0.29426391168446425, 0.03238789347757604, 0.6348882148908511]], "5": [[0.12359285742141468, -0.22207234353589184, 0.6080576350847198], [0.213713578897052, -0.12095023213704946, 0.7157346518677743]], "6": [[-0.023252549805045583, -0.022934842541872988, 0.6212798847337673], [0.20032973214665506, 0.18242710816290908, 0.6866463081279985]], "7": [[0.12391720305488105, 0.1191853952718013, 0.6219723783513524], [0.19293415632804065, 0.18642046032545603, 0.8329616870239276]]}, "sizes": {"2": "medium", "3": "medium", "4": "medium", "5": "medium", "6": "small", "7": "medium"}, "distances": {"(2, 3)": 0.08436511605076508, "(2, 4)": 0.08317149317543959, "(2, 5)": -3.856382178042076e-05, "(2, 6)": 0.10384488929826233, "(2, 7)": 0.20009345021566252, "(3, 2)": 0.08436511605076508, "(3, 4)": 0.37319627101180247, "(3, 5)": 0.16765647509210094, "(3, 6)": 0.3910374089285162, "(3, 7)": 0.4935432414243189, "(4, 2)": 0.08317149317543959, "(4, 3)": 0.37319627101180247, "(4, 5)": 0.15241240739765866, "(4, 6)": 0.01637476502310036, "(4, 7)": 0.09873757682413281, "(5, 2)": -3.856382178042076e-05, "(5, 3)": 0.16765647509210094, "(5, 4)": 0.15241240739765866, "(5, 6)": 0.16717233392350692, "(5, 7)": 0.26750668281509926, "(6, 2)": 0.10384488929826233, "(6, 3)": 0.3910374089285162, "(6, 4)": 0.016374945398454757, "(6, 5)": 0.16717233392350692, "(6, 7)": 0.027808938576843856, "(7, 2)": 0.20009345021566252, "(7, 3)": 0.4935432414243189, "(7, 4)": 0.09873757682413281, "(7, 5)": 0.26750668281509926, "(7, 6)": 0.027808938576843856}, "state": {"2": [[0.1611834837463035, -0.17837073840375436, 0.6291119048310941], [-1.614657460603594e-05, 4.514055527464155e-05, -7.847755847018149e-08, 0.9999999988508061]], "3": [[0.17280528992819705, -0.378825524900257, 0.6332303566782785], [0.010159748919797117, 0.7126592740023266, 0.701364122274722, -0.010094883167835259]], "4": [[0.1844243310718456, 0.0191804920835412, 0.6280155576920338], [-0.004223344439972887, 0.6979507307106143, 0.7161208013305873, 0.004235417795030045]], "5": [[0.17156733661938572, -0.17556469405250552, 0.6226718966303791], [0.27898096435508296, 0.12795199817683583, 0.014969364945690651, 0.9516164278758462]], "6": [[0.08856640656285027, 0.07979929630234495, 0.6539560164380765], [0.004979831020146507, 0.0033811426321660966, -0.23485161173254004, 0.9720125974616481]], "7": [[0.1582869963442424, 0.15281364762303154, 0.7276127771790862], [0.7096915617223227, 0.005833923274368459, -0.005870642841114196, 0.704463901212824]]}, "pickable_objects": [3, 4, 5, 6, 7], "scene_graph": {"left": [[4, 2], [6, 2], [7, 4], [2, 3], [5, 3], [4, 5]], "right": [[2, 4], [3, 2], [3, 5], [4, 7], [5, 4], [2, 6]], "front": [], "behind": [], "on": [[2, 5]], "under": [[5, 2]], "leftbehind": [[7, 6]], "leftfront": [[6, 4]], "rightbehind": [[4, 6]], "rightfront": [[6, 7]]}}