{"objects": {"2": "cup-stanford", "3": "can-monster_blue", "4": "black_marker", "5": "stapler_2", "6": "glue_2"}, "semantic_label": {"2": "cup_0", "3": "can_drink_0", "4": "marker_0", "5": "stapler_0", "6": "glue_0"}, "obj_aabb": {"2": [[-0.10323168033380396, 0.2816189076367954, 0.6220849350582219], [0.06268631690656849, 0.42822566247051963, 0.7343533144210733]], "3": [[0.0031314911586851762, 0.048008568104930274, 0.6227208494534067], [0.07548965297086203, 0.12042286621521293, 0.7981775146936256]], "4": [[-0.044719122356432675, 0.048793941580451514, 0.7840712855353987], [0.08086454656202473, 0.17193561448453865, 0.8233743847515237]], "5": [[0.03524981999940471, -0.2304199183959297, 0.6219237838720385], [0.07230886233853315, -0.11138270076809728, 0.6511567299804181]], "6": [[0.14654630540356295, -0.22569557323381545, 0.6196424007780212], [0.2130817934571273, -0.15633681844531017, 0.7925155220754272]]}, "sizes": {"2": "medium", "3": "medium", "4": "medium", "5": "medium", "6": "medium"}, "distances": {"(2, 3)": 0.20339641206420261, "(2, 4)": 0.16759104018020607, "(2, 5)": 0.4350295187287868, "(2, 6)": 0.5071904110463262, "(3, 2)": 0.20338902561057168, "(3, 4)": -2.2853180510650894e-05, "(3, 5)": 0.16363666839918842, "(3, 6)": 0.24248896821683355, "(4, 2)": 0.16759104018020607, "(4, 3)": -2.2853180510650894e-05, "(4, 5)": 0.23222500869331597, "(4, 6)": 0.24253327771015523, "(5, 2)": 0.4350295187287868, "(5, 3)": 0.16363666839918842, "(5, 4)": 0.23222500869331597, "(5, 6)": 0.08712132400247193, "(6, 2)": 0.5071904110463262, "(6, 3)": 0.24248896821683355, "(6, 4)": 0.24253327771015523, "(6, 5)": 0.08712132400247193}, "state": {"2": [[-0.020350425024075657, 0.3545781607959091, 0.6782437450056092], [0.6876338512605799, 0.1695786073790787, 0.16331466778688059, 0.6868268353854383]], "3": [[0.039222585715415786, 0.08427151879006499, 0.7104220116116307], [0.7066225947270578, -0.0016390950087742352, 0.0016542792419774381, 0.7075868041088259]], "4": [[0.018002299371519512, 0.11031239941853146, 0.8037705717586558], [0.024015350614239747, -0.061937429201045176, -0.3803962164635218, 0.9224346786082351]], "5": [[0.05374108646341329, -0.170898452140048, 0.636628893586553], [-0.0007195665605013016, 0.006762687742040509, -0.7081264403345616, 0.706052896586064]], "6": [[0.17964030783705293, -0.19084336744864802, 0.7034214213622707], [-0.02101785155394542, 0.03486184479233743, -0.707667071432556, 0.7053723964713965]]}, "pickable_objects": [2, 4, 5, 6], "scene_graph": {"left": [[3, 5]], "right": [[5, 3]], "front": [[5, 6]], "behind": [[6, 5]], "on": [[3, 4]], "under": [[4, 3]], "leftbehind": [], "leftfront": [[3, 6]], "rightbehind": [[6, 3]], "rightfront": []}}