{"objects": {"2": "cup-teal_pattern_ikea", "3": "can-monster_blue", "4": "remote-silver"}, "semantic_label": {"2": "cup_0", "3": "can_drink_0", "4": "remote_0"}, "obj_aabb": {"2": [[0.002857279618456124, -0.201777480794332, 0.6222110494583206], [0.10848612725169215, -0.06546265890223173, 0.7276156983141213]], "3": [[-0.2043559823017425, 0.05300389466208924, 0.6227587488976164], [-0.10259303300307852, 0.15464719344860672, 0.798095732682616]], "4": [[-0.06557071923377603, 0.058694596615826614, 0.6184459996533586], [0.18061848954821944, 0.1189295208681672, 0.6582265377131874]]}, "sizes": {"2": "medium", "3": "medium", "4": "medium"}, "distances": {"(2, 3)": 0.22039532703023146, "(2, 4)": 0.13013465143731584, "(3, 2)": 0.22039532703023146, "(3, 4)": 0.05729435489126026, "(4, 2)": 0.13013465143731584, "(4, 3)": 0.05729435489126026}, "state": {"2": [[0.05560717546691555, -0.13361605993866502, 0.6750551882362827], [0.49807232340155483, 0.4974927648937316, 0.502509794379496, 0.5019051863573875]], "3": [[-0.15337119558176596, 0.10383927192198784, 0.7104001887048185], [-0.24025718819947026, 0.6648650445756196, 0.6642335612997191, -0.24295006084180376]], "4": [[0.057847713564401285, 0.08928408240578133, 0.6378737062266306], [-0.006921764559380809, 0.7078307486977081, 0.7063141516928682, 0.006931052720229309]]}, "pickable_objects": [2, 3, 4], "scene_graph": {"left": [[4, 2]], "right": [[2, 4]], "front": [[3, 4]], "behind": [[4, 3]], "on": [], "under": [], "leftbehind": [], "leftfront": [[3, 2]], "rightbehind": [[2, 3]], "rightfront": []}}