{"objects": {"2": "square_plate_2", "3": "cutlery-fork_1", "4": "knife", "5": "plastic_apple", "6": "green_bowl", "7": "glass-new_12"}, "semantic_label": {"2": "plate_0", "3": "fork_0", "4": "knife_0", "5": "fruit_0", "6": "bowl_0", "7": "glass_0"}, "obj_aabb": {"2": [[-0.04336055220104202, -0.2678240347787572, 0.6213385397751828], [0.14215001240233782, -0.08200858574665122, 0.657600395940953]], "3": [[-0.04035844999474758, -0.39614256672202236, 0.6092008131414649], [0.16222836557916742, -0.3542667393362951, 0.663016298620504]], "4": [[-0.05114891265395849, -0.09593256807316274, 0.619477654376106], [0.08934213936307192, 0.10692944180371379, 0.6479319816712068]], "5": [[-0.0036749710513133554, -0.37610682538403883, 0.6206201599144072], [0.11485336461711769, -0.2608682429905882, 0.7055123042079938]], "6": [[-0.22151032265877946, -0.24840828203075588, 0.6221056964538672], [-0.08475877608577648, -0.11299640635870783, 0.683582520739308]], "7": [[-0.007218560724266958, 0.10539601305996509, 0.6229690953358895], [0.09984522680435282, 0.2132467282998381, 0.8004436102761183]]}, "sizes": {"2": "medium", "3": "medium", "4": "medium", "5": "medium", "6": "small", "7": "medium"}, "distances": {"(2, 3)": 0.09832449571388, "(2, 4)": 0.008566248559118195, "(2, 5)": 0.015131795419400922, "(2, 6)": 0.050570302994082356, "(2, 7)": 0.20120685532235333, "(3, 2)": 0.09832449571388, "(3, 4)": 0.2731164631564534, "(3, 5)": 0.020311525925508986, "(3, 6)": 0.15330321967790161, "(3, 7)": 0.48010151987915145, "(4, 2)": 0.00857768979862745, "(4, 3)": 0.2731164631564534, "(4, 5)": 0.20804795299663764, "(4, 6)": 0.0908268366324652, "(4, 7)": 0.02261365801461631, "(5, 2)": 0.015131795419400925, "(5, 3)": 0.020311525925508986, "(5, 4)": 0.20804795299663764, "(5, 6)": 0.14543152798679687, "(5, 7)": 0.3967323689785181, "(6, 2)": 0.050570302994082356, "(6, 3)": 0.15330321967790161, "(6, 4)": 0.0908268366324652, "(6, 5)": 0.14543152798679687, "(6, 7)": 0.28801708332556974, "(7, 2)": 0.20120685532235333, "(7, 3)": 0.48010151987915145, "(7, 4)": 0.02261365801461631, "(7, 5)": 0.3967323689785181, "(7, 6)": 0.28801708332556974}, "state": {"2": [[0.04933827691064566, -0.17491801972483034, 0.6394221497514684], [-0.004092672321147483, -0.0032600928829029973, -0.7069783785118883, 0.7072158045069183]], "3": [[0.060918004891867515, -0.37527146739520684, 0.6359405893621752], [0.02263206996150824, 0.6527217974875312, 0.7566855623843547, -0.029478876725149587]], "4": [[0.018994088362467573, 0.005540028546029156, 0.6339919424276735], [-0.009832973740317098, 0.033053558843051174, 0.8731905083199397, -0.48615749614214165]], "5": [[0.05704743971368662, -0.319291707104729, 0.6273886832142805], [0.02133287632161731, -0.017748832506695296, 0.8791226030628055, -0.4757870701443796]], "6": [[-0.1531130363812991, -0.1807856968125491, 0.6527263198237395], [0.0014711425290309962, -0.004213898290432316, -2.0361208537345864e-06, 0.9999900393487484]], "7": [[0.04630732552040568, 0.1593760808567679, 0.7116642556201216], [0.7071614628000775, 3.2474940555104606e-05, -3.3898397020363796e-05, 0.7070520937856923]]}, "pickable_objects": [2, 3, 4, 5, 6, 7], "scene_graph": {"left": [[2, 5], [4, 2], [7, 4], [2, 3]], "right": [[2, 4], [3, 2], [4, 7], [5, 2]], "front": [[6, 2]], "behind": [[2, 6]], "on": [], "under": [], "leftbehind": [[7, 6], [4, 6]], "leftfront": [[6, 5], [6, 3]], "rightbehind": [[3, 6], [5, 6]], "rightfront": [[6, 4], [6, 7]]}}