{"objects": {"2": "soap_dish", "3": "soap", "4": "bottle-baby_cleansing_water", "5": "tube-shampoo_yellow"}, "semantic_label": {"2": "soap_dish_0", "3": "soap_0", "4": "shampoo_0", "5": "cleanser_0"}, "obj_aabb": {"2": [[0.029566567536101915, -0.12020148930303559, 0.6229649331105963], [0.1895248762564189, 0.039765130637330226, 0.6719864077191192]], "3": [[0.08174497372727384, -0.0959050783202865, 0.6254031407017183], [0.14844862508062423, 0.01752435026793587, 0.6804821182984168]], "4": [[0.0643584549813309, 0.08464586367255279, 0.6225605463251418], [0.13461896055572814, 0.1557687315230653, 0.7858541415891032]], "5": [[0.07105118222796031, 0.20492328078770913, 0.6222525424617865], [0.12754213124592056, 0.28776855959712805, 0.8313878894080383]]}, "sizes": {"2": "medium", "3": "medium", "4": "medium", "5": "medium"}, "distances": {"(2, 3)": -1.1243173861691293e-05, "(2, 4)": 0.04921037658319937, "(2, 5)": 0.18163283642632186, "(3, 2)": -1.124317386169086e-05, "(3, 4)": 0.07289338870821484, "(3, 5)": 0.20551249050609818, "(4, 2)": 0.04921722919466232, "(4, 3)": 0.07289338870821484, "(4, 5)": 0.06257998761307088, "(5, 2)": 0.18163283642632186, "(5, 3)": 0.20551249050609818, "(5, 4)": 0.06257998761307088}, "state": {"2": [[0.10977615443446763, -0.04021106004177137, 0.6473408910911675], [-4.415466911801086e-05, 0.00012992001299798678, 0.7071157810085749, 0.7070977679357987]], "3": [[0.11485853482856385, -0.039193864205799754, 0.6532443032884508], [0.02578088393988171, -0.007425580378919653, 0.7081382095415824, 0.7055639467592973]], "4": [[0.09930368251828356, 0.12006128616234134, 0.7039763674277181], [0.704813525300545, 0.0005783194228834061, -0.0005777583578349104, 0.70939215268802]], "5": [[0.09932221134322677, 0.24646572324456872, 0.7269179801190641], [0.7078040401072885, -0.0052884838073021904, 0.005336443949003598, 0.7063688803400099]]}, "pickable_objects": [3, 4, 5], "scene_graph": {"left": [[4, 2], [4, 3], [5, 4]], "right": [[2, 4], [3, 4], [4, 5]], "front": [], "behind": [], "on": [[2, 3]], "under": [[3, 2]], "leftbehind": [], "leftfront": [], "rightbehind": [], "rightfront": []}}