{"objects": {"2": "bottle-avene_skincare", "3": "tube-shoe_polish", "4": "soap_dish", "5": "soap"}, "semantic_label": {"2": "shampoo_0", "3": "cleanser_0", "4": "soap_dish_0", "5": "soap_0"}, "obj_aabb": {"2": [[-0.18265077609528912, 0.19194863614681199, 0.6223178432614433], [-0.07673287529397756, 0.295458129356527, 0.8540235220067289]], "3": [[-0.18556881214487414, -0.1279577828707849, 0.6286580857135444], [-0.1294808301882207, -0.05948330037041534, 0.7947487122085828]], "4": [[-0.22631776095617076, -0.1889281644851858, 0.6229627531928525], [-0.06622770447313284, -0.028825672770233027, 0.6719800909050999]], "5": [[0.04973957672383537, 0.03525332866048205, 0.6199081059924517], [0.1442353160428394, 0.16001424917938012, 0.674045242667589]]}, "sizes": {"2": "medium", "3": "medium", "4": "medium", "5": "medium"}, "distances": {"(2, 3)": 0.27676271629061716, "(2, 4)": 0.23980661652741972, "(2, 5)": 0.18186431731433433, "(3, 2)": 0.27676271629061716, "(3, 4)": -8.558788740245515e-06, "(3, 5)": 0.2609194136319122, "(4, 2)": 0.23980661652741972, "(4, 3)": -8.558788740252454e-06, "(4, 5)": 0.19817018181792162, "(5, 2)": 0.18186431731433433, "(5, 3)": 0.2609194136319122, "(5, 4)": 0.19817018181792162}, "state": {"2": [[-0.12980244964958543, 0.24364776649243416, 0.7386366455269114], [0.6715947700340318, 0.21236084138049074, 0.22009502762684535, 0.6748492548155064]], "3": [[-0.1572895465866592, -0.09362585370231402, 0.7118398423205604], [-0.06644508664859144, 0.7010121564554851, 0.7051633924888223, -0.08313601419088425]], "4": [[-0.14604226863285935, -0.1088700087912745, 0.6473366857649673], [-0.00012074440363114105, 7.389767536535529e-05, 0.7068003848094906, 0.7074130306921682]], "5": [[0.09721143639611589, 0.09769075625024203, 0.6472838754550039], [0.012167983465302287, -0.024837313863784086, -0.6067914835452236, 0.7943797224976268]]}, "pickable_objects": [2, 3, 5], "scene_graph": {"left": [[2, 4], [2, 3]], "right": [[4, 2], [3, 2]], "front": [], "behind": [], "on": [[4, 3]], "under": [[3, 4]], "leftbehind": [[5, 4], [5, 3]], "leftfront": [[2, 5]], "rightbehind": [[5, 2]], "rightfront": [[3, 5], [4, 5]]}}