{"objects": {"2": "bottle-baby_cleansing_water", "3": "tube-shoe_polish", "4": "soap_dish", "5": "soap"}, "semantic_label": {"2": "shampoo_0", "3": "cleanser_0", "4": "soap_dish_0", "5": "soap_0"}, "obj_aabb": {"2": [[0.07491032883285004, -0.019063808628628418, 0.6225597430008696], [0.16005469735581854, 0.06722129183398903, 0.7858549604032035]], "3": [[-0.2766658358453759, 0.15039709998280748, 0.6226766955320726], [-0.23546533253361984, 0.21180219017953889, 0.7878362533360188]], "4": [[-0.21821638289131368, 0.02765018712212751, 0.6229748024890872], [-0.05819964143362094, 0.18767536145476615, 0.6719665508223015]], "5": [[-0.17285535441461924, 0.05080554310586371, 0.6257697852778898], [-0.10359923812752762, 0.16393720544391086, 0.6797045022381081]]}, "sizes": {"2": "medium", "3": "medium", "4": "medium", "5": "medium"}, "distances": {"(2, 3)": 0.3536360764163324, "(2, 4)": 0.1570843383346296, "(2, 5)": 0.19617647101427318, "(3, 2)": 0.3536360764163324, "(3, 4)": 0.042529425038176076, "(3, 5)": 0.07498718790342983, "(4, 2)": 0.1570843383346296, "(4, 3)": 0.042529425038176076, "(4, 5)": -1.3659317868951713e-05, "(5, 2)": 0.19617647101427318, "(5, 3)": 0.07498718790342983, "(5, 4)": -1.3659317868948244e-05}, "state": {"2": [[0.1176257053637099, 0.024265961828116946, 0.7039763789745769], [-0.08837184782815166, 0.6992468001911692, 0.7039441406796034, -0.08778938282448387]], "3": [[-0.25631315363486024, 0.18105490914861413, 0.7053966342935731], [0.7083614703017063, -0.0020548996744330196, 0.002054804541546798, 0.7058438797337757]], "4": [[-0.13797755646020907, 0.10766980335695868, 0.6473359322066174], [-6.420119443567889e-05, 4.4984783741102794e-05, 0.7069583756590723, 0.7072551512290751]], "5": [[-0.1384582340070494, 0.10737216392341666, 0.6530444814750074], [0.02559469831791419, 0.00998036820698345, 0.7126792294621278, 0.7009519381253866]]}, "pickable_objects": [2, 3, 5], "scene_graph": {"left": [], "right": [], "front": [[3, 4], [3, 5], [4, 2], [5, 2]], "behind": [[2, 4], [2, 5], [4, 3], [5, 3]], "on": [[4, 5]], "under": [[5, 4]], "leftbehind": [], "leftfront": [], "rightbehind": [], "rightfront": []}}