{"objects": {"2": "square_plate_2", "3": "cutlery-fork_2_new", "4": "cutlery-knife_2_new", "5": "plastic_lemon", "6": "green_bowl", "7": "glass-new_8"}, "semantic_label": {"2": "plate_0", "3": "fork_0", "4": "knife_0", "5": "fruit_0", "6": "bowl_0", "7": "glass_0"}, "obj_aabb": {"2": [[0.13681402157118971, -0.11808822414420322, 0.6213260131987199], [0.32228240165789646, 0.06767538888265681, 0.6575944592082683]], "3": [[-0.1041736389314178, -0.14584165204198252, 0.6177788329844366], [0.04284472807658703, 0.014151564833659869, 0.6492274462856095]], "4": [[-0.16202825630434908, 0.2370401456427424, 0.6229100129088438], [-0.09699315884438292, 0.45143060201911195, 0.633910993194404]], "5": [[0.18929219754693338, -0.05774051077196661, 0.6142076207866732], [0.2763342515118073, 0.0342110684049461, 0.7133092142087313]], "6": [[-0.3539928660654518, -0.4114677740675994, 0.6221039507018551], [-0.1705275507972811, -0.22714118156643268, 0.6835882850211845]], "7": [[0.19216223538759897, 0.28079146555154505, 0.6219673664081312], [0.26118302690696044, 0.34805866974997607, 0.832967259356363]]}, "sizes": {"2": "medium", "3": "medium", "4": "medium", "5": "medium", "6": "small", "7": "medium"}, "distances": {"(2, 3)": 0.10927695493516248, "(2, 4)": 0.31414187147820655, "(2, 5)": -9.382316604632755e-06, "(2, 6)": 0.397037844383164, "(2, 7)": 0.22429659827647602, "(3, 2)": 0.10927695493516248, "(3, 4)": 0.2709118968404881, "(3, 5)": 0.1695025641609574, "(3, 6)": 0.18929565402510973, "(3, 7)": 0.3424587997615545, "(4, 2)": 0.31414187147820655, "(4, 3)": 0.2709118968404881, "(4, 5)": 0.3915233609862966, "(4, 6)": 0.5190524922640903, "(4, 7)": 0.30481669673372164, "(5, 2)": -9.382316604632755e-06, "(5, 3)": 0.1695025641609574, "(5, 4)": 0.3915233609862966, "(5, 6)": 0.4755983140508314, "(5, 7)": 0.2700532061356787, "(6, 2)": 0.397037844383164, "(6, 3)": 0.18929565402510973, "(6, 4)": 0.5190524922640903, "(6, 5)": 0.4755983140508314, "(6, 7)": 0.7067502864688355, "(7, 2)": 0.22429659827647602, "(7, 3)": 0.3424587997615545, "(7, 4)": 0.30481669673372164, "(7, 5)": 0.2700532061356787, "(7, 6)": 0.7067502864688355}, "state": {"2": [[0.2294917505286909, -0.0252081067166594, 0.6394129267868034], [-0.004105592597126335, -0.003160639897524143, -0.7070696558869035, 0.707124922618939]], "3": [[-0.030467389033732754, -0.0656292320636547, 0.6334578862232039], [-0.27737660961948346, 0.6497234566796121, 0.6399326414419689, -0.3023373293085081]], "4": [[-0.12931497196400177, 0.3440667494802437, 0.6283573358836483], [0.5447642774059783, -0.4519729381729585, -0.4507770633460203, 0.5438312094600524]], "5": [[0.23821832691910774, -0.021972275943291184, 0.6259423571137848], [0.210933897270186, 0.07918798537911961, -0.022673209689041688, 0.9740236544953125]], "6": [[-0.2623439056693634, -0.31928433084327607, 0.6527283318925434], [-0.002888908694773091, -0.003442639929323543, -0.8572108094442292, 0.5149460463085817]], "7": [[0.22653395377958468, 0.3144357533844583, 0.7276130655666216], [0.70973211984615, 0.005895653173325025, -0.005844647510575266, 0.7044227419865341]]}, "pickable_objects": [3, 4, 5, 6, 7], "scene_graph": {"left": [[4, 3], [7, 2], [7, 5]], "right": [[3, 4], [2, 7], [5, 7]], "front": [[3, 2], [3, 5]], "behind": [[2, 3], [5, 3]], "on": [[2, 5]], "under": [[5, 2]], "leftbehind": [[3, 6]], "leftfront": [], "rightbehind": [], "rightfront": [[6, 3]]}}