{"objects": {"2": "mug", "3": "can-coke_small", "4": "red_marker", "5": "glue_1", "6": "stapler_2"}, "semantic_label": {"2": "cup_0", "3": "can_drink_0", "4": "marker_0", "5": "glue_0", "6": "stapler_0"}, "obj_aabb": {"2": [[-0.22398787089462238, 0.06852311930446205, 0.6229860266068026], [-0.06602225633640815, 0.21955829888528, 0.710899463784612]], "3": [[0.026067334501358785, 0.25517108475343697, 0.6222914117023283], [0.09387633040670329, 0.32308495455988084, 0.7277105711580351]], "4": [[0.07821814720720198, -0.008593259536930627, 0.6207951854849858], [0.2305731250278698, 0.01588172236220665, 0.6477155563943402]], "5": [[0.17670954088549998, 0.1672528092759121, 0.6162092589458817], [0.27322798973205087, 0.2498159700790766, 0.7646274213783067]], "6": [[0.15925096606431197, 0.19281005580749838, 0.6219218389772708], [0.19632696912633338, 0.3118520552921978, 0.6511588897828805]]}, "sizes": {"2": "medium", "3": "medium", "4": "medium", "5": "medium", "6": "medium"}, "distances": {"(2, 3)": 0.161442113698225, "(2, 4)": 0.21460642162965599, "(2, 5)": 0.28924856267521515, "(2, 6)": 0.25874401778986156, "(3, 2)": 0.161442113698225, "(3, 4)": 0.2467607907160683, "(3, 5)": 0.1279180773596131, "(3, 6)": 0.0716088196344435, "(4, 2)": 0.21460642162965599, "(4, 3)": 0.2467607907160683, "(4, 5)": 0.16993515485749572, "(4, 6)": 0.1817636563843923, "(5, 2)": 0.28924856267521515, "(5, 3)": 0.1279180773596131, "(5, 4)": 0.1699351548574957, "(5, 6)": 0.002986175934110518, "(6, 2)": 0.25874401778986156, "(6, 3)": 0.0716088196344435, "(6, 4)": 0.1817603957031702, "(6, 5)": 0.0029861759341105196}, "state": {"2": [[-0.14449300445182264, 0.14322019405167105, 0.6669382573344224], [-6.096696781396554e-07, -2.1682410822747532e-05, 0.28479116300453916, 0.9585895852783001]], "3": [[0.060178430648615173, 0.28894473303235374, 0.6749577844455871], [-0.488345187179423, 0.5143380062590327, 0.5068846643459889, -0.48994217059468537]], "4": [[0.15439798858341883, 0.0036549299921998972, 0.6341483649721236], [-0.008603326687353922, 0.0014003213317610081, 0.99996185621013, 0.0005549728549476583]], "5": [[0.22495438663182812, 0.20868422618919827, 0.6904274855861716], [0.05403701392818214, -0.026025781127917865, -0.47710832049603685, 0.8767954780653572]], "6": [[0.1777507203626119, 0.25233391681291534, 0.636629004141971], [-0.0007439088926790359, 0.006794765880202494, -0.7081701496137964, 0.7060087230000532]]}, "pickable_objects": [2, 3, 4, 5, 6], "scene_graph": {"left": [[5, 4], [6, 4]], "right": [[4, 5], [4, 6]], "front": [[2, 6], [3, 6], [6, 5]], "behind": [[5, 6], [6, 3], [6, 2]], "on": [], "under": [], "leftbehind": [[3, 2]], "leftfront": [[2, 4]], "rightbehind": [[4, 2]], "rightfront": [[2, 3]]}}