{"objects": {"2": "plate", "3": "cutlery-fork_1_new", "4": "cutlery-knife_2_new", "5": "plastic_lemon", "6": "green_bowl", "7": "glass-new_13"}, "semantic_label": {"2": "plate_0", "3": "fork_0", "4": "knife_0", "5": "fruit_0", "6": "bowl_0", "7": "glass_0"}, "obj_aabb": {"2": [[-0.1273130791939287, -0.0063522360672765565, 0.6229861994499505], [0.08757857967201152, 0.2098126260340549, 0.6519169693464409]], "3": [[-0.09922189483588872, -0.06997310174257156, 0.6183172695096799], [0.09665815816019668, -0.03755567708811702, 0.6482687984612656]], "4": [[-0.09871506020382093, 0.24209339762072768, 0.622989999193854], [0.1145467639079435, 0.26809222337061067, 0.633838537437862]], "5": [[-0.05042225066020957, 0.05761788716640355, 0.6095156598850662], [0.036098918641836536, 0.15670654899181075, 0.7135439808505535]], "6": [[-0.24356468548261062, 0.02951194308987322, 0.6155940594963147], [-0.09582529905800337, 0.16503515041855243, 0.712377884078393]], "7": [[-0.04438613858841641, 0.32561473138266706, 0.6229335649739449], [0.01973000576101868, 0.391090170647457, 0.8035760044516449]]}, "sizes": {"2": "medium", "3": "medium", "4": "medium", "5": "medium", "6": "small", "7": "medium"}, "distances": {"(2, 3)": 0.04204450340970256, "(2, 4)": 0.04002795417778038, "(2, 5)": -1.1373579927487394e-05, "(2, 6)": 5.2395293676350384e-05, "(2, 7)": 0.12111121544427997, "(3, 2)": 0.04204450340970256, "(3, 4)": 0.28401480826361536, "(3, 5)": 0.12209756047229503, "(3, 6)": 0.10187302244829574, "(3, 7)": 0.370362425026398, "(4, 2)": 0.04002795417778038, "(4, 3)": 0.28401480826361536, "(4, 5)": 0.11071251318690352, "(4, 6)": 0.11159655994577845, "(4, 7)": 0.06402334782126541, "(5, 2)": -1.1373579927487828e-05, "(5, 3)": 0.12209756047229503, "(5, 4)": 0.11071251318690352, "(5, 6)": 0.07067661414342687, "(5, 7)": 0.19045121040075175, "(6, 2)": 5.2395293676350384e-05, "(6, 3)": 0.10187302244829574, "(6, 4)": 0.11159655994577845, "(6, 5)": 0.07067661414342687, "(6, 7)": 0.21844431480803608, "(7, 2)": 0.12111121544427997, "(7, 3)": 0.370362425026398, "(7, 4)": 0.06402334782126541, "(7, 5)": 0.19045121040075175, "(7, 6)": 0.21844431480803608}, "state": {"2": [[-0.01031430308980545, 0.10171691947667816, 0.629112955661705], [-3.0427253416403857e-06, -8.968504882548654e-06, -2.2071067733416223e-05, 0.9999999997115878]], "3": [[-0.0012969916942719175, -0.05374746343153094, 0.6332309404356125], [0.010161017250832887, 0.7126224147247879, 0.7014015377820143, -0.010096066425408987]], "4": [[0.007713944941628506, 0.25493176932930117, 0.62836067082699], [-2.1613806939707275e-07, 0.7071068006773973, 0.7071067616956311, -2.1616551836431703e-07]], "5": [[-0.0021717602988495063, 0.1017608634431183, 0.6226789524486012], [0.2638451199517582, 0.09958828170430409, 0.012700894756112543, 0.9593261249946343]], "6": [[-0.1696417058593644, 0.0971902409896092, 0.6638787086964065], [0.0017479942453496927, -0.14415554679057396, -5.6079850358021014e-05, 0.9895534951182171]], "7": [[-0.012568174338147598, 0.3585655757856522, 0.7130187955197078], [0.7072846808890697, -0.00020052594119509436, 0.00020258048674364108, 0.7069287792487587]]}, "pickable_objects": [3, 4, 5, 6, 7], "scene_graph": {"left": [[4, 2], [4, 5], [7, 4], [2, 3], [6, 3], [5, 3]], "right": [[3, 2], [3, 6], [3, 5], [4, 7], [2, 4], [5, 4]], "front": [[6, 2], [6, 5]], "behind": [[2, 6], [5, 6]], "on": [[2, 5]], "under": [[5, 2]], "leftbehind": [], "leftfront": [], "rightbehind": [], "rightfront": []}}