{"objects": {"2": "soap_dish", "3": "soap", "4": "bottle-avene_skincare", "5": "tube-shoe_polish"}, "semantic_label": {"2": "soap_dish_0", "3": "soap_0", "4": "shampoo_0", "5": "cleanser_0"}, "obj_aabb": {"2": [[-0.1581675507184227, -0.13321237228418725, 0.6229476466942582], [0.0018970711063459877, 0.026845975031763544, 0.6719826276796695]], "3": [[-0.10592138430944056, -0.10892311330029684, 0.6253529376020556], [-0.03916112771162462, 0.004600338124060785, 0.6805256625388237]], "4": [[-0.23402632638294182, 0.21638738274557406, 0.6223335481053098], [-0.1295606596075574, 0.31903988440618386, 0.8540025358280654]], "5": [[-0.10675121700659472, 0.1625518446595075, 0.6226770278164687], [-0.06555086428129221, 0.22395796044845223, 0.7878366960597613]]}, "sizes": {"2": "medium", "3": "medium", "4": "medium", "5": "medium"}, "distances": {"(2, 3)": -1.1874944834494323e-05, "(2, 4)": 0.22358664633304678, "(2, 5)": 0.14995139899844984, "(3, 2)": -1.1874944834497792e-05, "(3, 4)": 0.24821062903840557, "(3, 5)": 0.17383788634626593, "(4, 2)": 0.22358664633304678, "(4, 3)": 0.24821062903840557, "(4, 5)": 0.06752835740600616, "(5, 2)": 0.14995139899844984, "(5, 3)": 0.17383788634626593, "(5, 4)": 0.06752835740600616}, "state": {"2": [[-0.0779048374334348, -0.05317592522568484, 0.6473303145278596], [6.126208791802411e-05, 0.0001597975289550909, 0.7073301153527092, 0.7068833557432439]], "3": [[-0.0727796615215287, -0.05216539489239484, 0.6532408561806041], [0.026019890975916376, -0.007991088790928837, 0.7083781056192775, 0.7053081363863462]], "4": [[-0.18187420044456423, 0.2676199116802786, 0.7386340406352488], [0.6172091028459776, 0.3395848024091437, 0.3475615792625125, 0.618818255998766]], "5": [[-0.08639861088210773, 0.19321017083307715, 0.7053970217414899], [0.70836212619074, -0.002061268310593564, 0.002048374916166722, 0.705843221623392]]}, "pickable_objects": [3, 4, 5], "scene_graph": {"left": [[4, 2], [5, 2], [5, 3]], "right": [[2, 5], [3, 5], [2, 4]], "front": [[4, 5]], "behind": [[5, 4]], "on": [[2, 3]], "under": [[3, 2]], "leftbehind": [], "leftfront": [[4, 3]], "rightbehind": [[3, 4]], "rightfront": []}}