{"objects": {"2": "cup-red_heart", "3": "can-redbull", "4": "black_marker", "5": "stapler_1", "6": "glue_1"}, "semantic_label": {"2": "cup_0", "3": "can_drink_0", "4": "marker_0", "5": "stapler_0", "6": "glue_0"}, "obj_aabb": {"2": [[0.03152992914302293, 0.04768582004119515, 0.6203763696116089], [0.14315308370366558, 0.19296006288678325, 0.7223604064709335]], "3": [[-0.14544172075460848, 0.04658833064898801, 0.621337589144257], [-0.055930337182185555, 0.13647992014769658, 0.7660854242256383]], "4": [[-0.011228463790159043, -0.024834865300828766, 0.6209958338395335], [0.14036400409835317, 0.0009365527257784896, 0.6470578866366407]], "5": [[-0.21612467048025644, -0.17001079338115294, 0.6218052792444205], [-0.1593887151763623, -0.08025286706641264, 0.6820970642346166]], "6": [[-0.02402260621316385, -0.12341533840698483, 0.6162255047542738], [0.07348547705173253, -0.049997444634486285, 0.7647069426887575]]}, "sizes": {"2": "medium", "3": "medium", "4": "medium", "5": "medium", "6": "medium"}, "distances": {"(2, 3)": 0.10982432921635295, "(2, 4)": 0.06295388295051237, "(2, 5)": 0.2684970516765991, "(2, 6)": 0.11629602531650957, "(3, 2)": 0.10982432921635295, "(3, 4)": 0.10650673727981932, "(3, 5)": 0.16490009458761984, "(3, 6)": 0.17044746563899577, "(4, 2)": 0.06295388295051237, "(4, 3)": 0.10650673727981932, "(4, 5)": 0.1717012535683458, "(4, 6)": 0.03664641587006385, "(5, 2)": 0.2684970516765991, "(5, 3)": 0.16490009458761984, "(5, 4)": 0.1717012535683458, "(5, 6)": 0.15836744147658086, "(6, 2)": 0.11629602531650957, "(6, 3)": 0.17044746563899577, "(6, 4)": 0.03664641587006384, "(6, 5)": 0.15836744147658086}, "state": {"2": [[0.08733071792419733, 0.12043273754488702, 0.6714292058611282], [0.48716239248410537, -0.4974054542827782, -0.5024958684488783, 0.5125997655000564]], "3": [[-0.10058158058207796, 0.09152198683323244, 0.693658767303163], [0.6704233222710854, -0.2607881440092338, -0.25135021378015937, 0.6475686704372654]], "4": [[0.06456056439005876, -0.01203585547886799, 0.6340759681146643], [0.04415539185677774, 0.004214206481186694, 0.0020545360408977106, 0.9990136739381323]], "5": [[-0.1879659738356617, -0.1251020405369687, 0.6518322722832155], [-0.009384572770764968, -0.004961349332143364, -0.7718728356070024, 0.6356883202157488]], "6": [[0.02474096762219037, -0.08655619607137231, 0.6904758064909607], [0.052231280586358585, -0.02804344242721167, -0.5452944624433238, 0.8361455662106851]]}, "pickable_objects": [2, 3, 4, 5, 6], "scene_graph": {"left": [[2, 4], [4, 6]], "right": [[4, 2], [6, 4]], "front": [[3, 2], [5, 6]], "behind": [[2, 3], [6, 5]], "on": [], "under": [], "leftbehind": [[3, 5], [4, 5]], "leftfront": [[3, 4]], "rightbehind": [[4, 3]], "rightfront": [[5, 3], [5, 4]]}}