{"objects": {"2": "soap_dish", "3": "soap", "4": "bottle-avene_skincare", "5": "tube-signal"}, "semantic_label": {"2": "soap_dish_0", "3": "soap_0", "4": "shampoo_0", "5": "cleanser_0"}, "obj_aabb": {"2": [[0.05230962807707858, -0.38061772305036445, 0.6229179446591342], [0.21228378197463393, -0.22064224738535088, 0.6720067655194393]], "3": [[0.10440666539007226, -0.356232664738729, 0.6253063966858233], [0.17114167802047597, -0.24285540807233102, 0.6805881607952476]], "4": [[-0.34331327389737, -0.3944712587953518, 0.6222549873187349], [-0.2412508745769252, -0.29420386403059856, 0.8541071780759739]], "5": [[0.10529348370417946, -0.011416759046903766, 0.6229296887071003], [0.13864808261951214, 0.03755818740446089, 0.7746149077060265]]}, "sizes": {"2": "medium", "3": "medium", "4": "medium", "5": "medium"}, "distances": {"(2, 3)": -9.264421020918796e-06, "(2, 4)": 0.3148974895351557, "(2, 5)": 0.2191662745071567, "(3, 2)": -9.2644210209227e-06, "(3, 4)": 0.36561911190673985, "(3, 5)": 0.24283221452205814, "(4, 2)": 0.3148974895351557, "(4, 3)": 0.36561911190673985, "(4, 5)": 0.49646144254407426, "(5, 2)": 0.2191662745071567, "(5, 3)": 0.24283221452205814, "(5, 4)": 0.49646144254407426}, "state": {"2": [[0.13252709996638604, -0.30062289934333747, 0.647327509745188], [6.556957255069285e-06, 0.0002787962459151788, 0.7070932130992219, 0.7071202940226493]], "3": [[0.1375359177903982, -0.29954655006181297, 0.6532489707810616], [0.026430736178915608, -0.008114371993657164, 0.7058568732881507, 0.7078146986210901]], "4": [[-0.29220985767316543, -0.3442363267625003, 0.7386469030045765], [-0.36799648526678647, 0.6001636980936808, 0.6017022751160235, -0.3772750912027061]], "5": [[0.12197773085272909, 0.012803504770072003, 0.6989305793009092], [0.7066508501354462, 0.0002482505859706817, -0.0002252112058217845, 0.7075623390588356]]}, "pickable_objects": [3, 4, 5], "scene_graph": {"left": [[5, 2], [5, 3]], "right": [[2, 5], [3, 5]], "front": [], "behind": [], "on": [[2, 3]], "under": [[3, 2]], "leftbehind": [], "leftfront": [], "rightbehind": [], "rightfront": []}}