{"objects": {"2": "blue_cup", "3": "can-redbull", "4": "black_marker", "5": "stapler_1", "6": "glue_1"}, "semantic_label": {"2": "cup_0", "3": "can_drink_0", "4": "marker_0", "5": "stapler_0", "6": "glue_0"}, "obj_aabb": {"2": [[-0.018238688153322025, 0.15689664231043812, 0.6229855633852911], [0.15051496192393976, 0.3159660433396969, 0.7110232498232915]], "3": [[0.003775059053389474, 0.030206207543528665, 0.6213828920425384], [0.0631332529031041, 0.09776943173804885, 0.7660594191604351]], "4": [[-0.047017566591130266, 0.08858489631357072, 0.6209074486382931], [0.10480627773293125, 0.15958146861329886, 0.6471454936271182]], "5": [[0.02522173314490098, -0.20838837397914772, 0.6226591197130503], [0.06687565298598848, -0.12566366508564408, 0.6816019364558298]], "6": [[0.14250054431265466, -0.2274854439340849, 0.616268460822919], [0.18339042309373813, -0.13768598509677696, 0.764637273208582]]}, "sizes": {"2": "medium", "3": "medium", "4": "medium", "5": "medium", "6": "medium"}, "distances": {"(2, 3)": 0.08708567229938048, "(2, 4)": 0.03474336703468099, "(2, 5)": 0.30699908321253766, "(2, 6)": 0.34648827637523183, "(3, 2)": 0.08708567229938047, "(3, 4)": 0.022184273441925507, "(3, 5)": 0.1643756864244764, "(3, 6)": 0.22085707993321071, "(4, 2)": 0.03474336703468099, "(4, 3)": 0.022184273441925507, "(4, 5)": 0.231041431363577, "(4, 6)": 0.2947073784515972, "(5, 2)": 0.30699908321253766, "(5, 3)": 0.16437568642447645, "(5, 4)": 0.231041431363577, "(5, 6)": 0.08103473016175379, "(6, 2)": 0.34648827637523183, "(6, 3)": 0.22085707993321071, "(6, 4)": 0.2947073784515972, "(6, 5)": 0.08103473016175379}, "state": {"2": [[0.053938565162617524, 0.22859649401844975, 0.6628060733887216], [1.3107636276796798e-05, -2.241040057490916e-05, 0.27405209741149067, 0.9617148471508208]], "3": [[0.0335393784256065, 0.06404934557921148, 0.693668335662772], [0.719004994663097, -0.00014501422100409502, 0.00022542211864257062, 0.6950048530803681]], "4": [[0.028914202497518172, 0.12399810566393565, 0.63407493033253], [0.04664564641281438, 0.011667684084715576, 0.15706693756241244, 0.9864167607779154]], "5": [[0.0462594984181789, -0.1670177214851615, 0.6520108815556197], [0.0014856834891986495, -0.002516394538997231, 0.7057938754317109, 0.7084112265528975]], "6": [[0.163078769592844, -0.18265563172810126, 0.6904622382678098], [-0.004482823668818928, 0.058372091124779604, 0.9982821832428023, 0.002299106273928396]]}, "pickable_objects": [2, 3, 4, 5, 6], "scene_graph": {"left": [[2, 4], [3, 5], [4, 3]], "right": [[3, 4], [4, 2], [5, 3]], "front": [[5, 6]], "behind": [[6, 5]], "on": [], "under": [], "leftbehind": [], "leftfront": [[3, 6], [4, 6]], "rightbehind": [[6, 3], [6, 4]], "rightfront": []}}