{"objects": {"2": "soap_dish", "3": "soap", "4": "bottle-baby_cleansing_water", "5": "tube-skincare_hydralist"}, "semantic_label": {"2": "soap_dish_0", "3": "soap_0", "4": "shampoo_0", "5": "cleanser_0"}, "obj_aabb": {"2": [[0.014345271697049244, -0.0939251473153587, 0.6229818306884995], [0.17436272310258868, 0.06609610235796251, 0.6719589033197138]], "3": [[0.07370467185634408, 0.1571224704669451, 0.6192224412445979], [0.18641193814389115, 0.2883152280946869, 0.6759598593591354]], "4": [[0.04813756452228713, 0.10587919402465333, 0.6225593793544275], [0.11840441650336933, 0.17700173578934741, 0.785855445792712]], "5": [[0.060981181447349236, 0.22873787044358423, 0.6225159234676544], [0.10490853961196953, 0.2974228469468368, 0.7688291516615674]]}, "sizes": {"2": "medium", "3": "medium", "4": "medium", "5": "medium"}, "distances": {"(2, 3)": 0.10648991847979336, "(2, 4)": 0.04414945972822399, "(2, 5)": 0.1764356275607909, "(3, 2)": 0.10648991847979336, "(3, 4)": 0.008178575564191737, "(3, 5)": 0.009415688247295429, "(4, 2)": 0.04414945972822399, "(4, 3)": 0.008178575564191737, "(4, 5)": 0.061510747869320564, "(5, 2)": 0.1764356275607909, "(5, 3)": 0.00941568824729543, "(5, 4)": 0.061510747869320564}, "state": {"2": [[0.09458445333104168, -0.013907481769331195, 0.6473356235543942], [-3.176805682425893e-05, 1.1511208937839173e-05, 0.706956968176008, 0.7072565616561429]], "3": [[0.13028104166750318, 0.2226063153454231, 0.6478835777700112], [-0.03346181724801509, -0.013064657980798209, -0.8609605270959659, 0.5074018055554611]], "4": [[0.08308595779858667, 0.1412944525071736, 0.7039764426330822], [0.7048138100564412, 0.0005933902366908621, -0.000588320769180574, 0.7093918486424992]], "5": [[0.08310314370404442, 0.2631099439874229, 0.6957418281079918], [0.704135914098806, 0.0007112735670534138, -0.0007044688413847013, 0.7100645127661311]]}, "pickable_objects": [2, 3, 4, 5], "scene_graph": {"left": [[3, 4], [4, 2], [5, 4]], "right": [[2, 4], [4, 3], [4, 5]], "front": [], "behind": [], "on": [], "under": [], "leftbehind": [], "leftfront": [[5, 3]], "rightbehind": [[3, 5]], "rightfront": []}}