{"objects": {"2": "round_plate_3", "3": "cutlery-fork_1", "4": "cutlery-knife_1", "5": "plastic_plum", "6": "doraemon_bowl", "7": "glass-new_4"}, "semantic_label": {"2": "plate_0", "3": "fork_0", "4": "knife_0", "5": "fruit_0", "6": "bowl_0", "7": "glass_0"}, "obj_aabb": {"2": [[0.07663362091563836, -0.23833892599600004, 0.6200043139957822], [0.2686957486789919, -0.04636228730209513, 0.6585881868923996]], "3": [[0.08204411465470922, -0.348705163376787, 0.6086022602679361], [0.2845121008992595, -0.3012495608924716, 0.6661061118024599]], "4": [[0.08760749080385083, 0.023743941871144238, 0.6229899963601424], [0.3006926308858562, 0.05258010707197002, 0.6352289022915341]], "5": [[0.13202762882558652, -0.19413778735300072, 0.615157183842101], [0.2265883582678496, -0.08456142129904778, 0.730753776158583]], "6": [[-0.07920199959299494, -0.23789630051822003, 0.6212995288518568], [0.058730197253143226, -0.056869877947683944, 0.6866218477570942]], "7": [[-0.05850134557610564, 0.0997802244860658, 0.6208249559597021], [0.03175585088382312, 0.19443994965102115, 0.7900878522195554]]}, "sizes": {"2": "medium", "3": "medium", "4": "medium", "5": "medium", "6": "small", "7": "medium"}, "distances": {"(2, 3)": 0.08108728161682784, "(2, 4)": 0.07850309986081977, "(2, 5)": -2.7700570002487778e-05, "(2, 6)": 0.028481110291882668, "(2, 7)": 0.2103591189550617, "(3, 2)": 0.08108728161682784, "(3, 4)": 0.3365912060951281, "(3, 5)": 0.14839220806389603, "(3, 6)": 0.11139765800557594, "(3, 7)": 0.434428924222123, "(4, 2)": 0.07850309986081977, "(4, 3)": 0.3365912060951281, "(4, 5)": 0.13557689418890453, "(4, 6)": 0.1317641925284717, "(4, 7)": 0.11145994724050352, "(5, 2)": -2.7700570002487778e-05, "(5, 3)": 0.14839220806389603, "(5, 4)": 0.13557689418890453, "(5, 6)": 0.08818408212052913, "(5, 7)": 0.27027252298636556, "(6, 2)": 0.028481110291882668, "(6, 3)": 0.11139765800557594, "(6, 4)": 0.1317641925284717, "(6, 5)": 0.08818408212052913, "(6, 7)": 0.17045207503909823, "(7, 2)": 0.2103591189550617, "(7, 3)": 0.434428924222123, "(7, 4)": 0.11145994724050352, "(7, 5)": 0.27027252298636556, "(7, 6)": 0.17045207503909823}, "state": {"2": [[0.1726562648772591, -0.14208248506850113, 0.6394697227927727], [0.006931540408069139, -0.005462299402129142, 0.9999610577403252, -5.9718397298471555e-06]], "3": [[0.18326069448653295, -0.32501728429761273, 0.6371779268226737], [0.022049005187132462, 0.5918852566385536, 0.8051522059177951, -0.030259042448162177]], "4": [[0.19386738954222973, 0.03822116950961789, 0.6291501817644964], [-3.992850175703189e-10, 0.7071067924258244, 0.7071067699472705, -3.985057564763595e-10]], "5": [[0.17942985303772616, -0.1365933355933143, 0.6328128787137252], [0.34128583830268555, 0.12566942665715886, 0.01660650761183507, 0.9313728553499034]], "6": [[-0.010295899315125234, -0.147382613427777, 0.6539536048464157], [-0.00023991682840258726, 0.005920551197351837, 0.7070915713038943, 0.7070971639770766]], "7": [[-0.012947470124210346, 0.14693076511679476, 0.705326053339404], [0.6925982986163066, -0.002002214447238121, 0.001998034233759795, 0.7213179574572544]]}, "pickable_objects": [3, 4, 5, 6, 7], "scene_graph": {"left": [[4, 2], [7, 6], [2, 3], [5, 3]], "right": [[3, 2], [3, 5], [2, 4], [6, 7]], "front": [[6, 2], [6, 5]], "behind": [[2, 6], [5, 6]], "on": [[2, 5]], "under": [[5, 2]], "leftbehind": [[4, 6]], "leftfront": [[6, 3], [7, 4], [7, 2]], "rightbehind": [[3, 6], [4, 7], [2, 7]], "rightfront": [[6, 4]]}}