{"objects": {"2": "cup-white_hogermann", "3": "can-monster_blue", "4": "remote-seki_care"}, "semantic_label": {"2": "cup_0", "3": "can_drink_0", "4": "remote_0"}, "obj_aabb": {"2": [[0.1463163255201915, 0.071344635230833, 0.6222485947918011], [0.27679715494280666, 0.22824551855285485, 0.708342827139745]], "3": [[0.11519861108700824, -0.1652477848929161, 0.622760465648218], [0.18742312699523656, -0.09299800749017403, 0.7980933041072402]], "4": [[-0.014210343651208896, -0.1851153900791518, 0.6140288514621741], [0.053080152740251116, 0.05017198660124998, 0.6543359634202288]]}, "sizes": {"2": "medium", "3": "medium", "4": "medium"}, "distances": {"(2, 3)": 0.18284131413138902, "(2, 4)": 0.13210666266474427, "(3, 2)": 0.18284131413138896, "(3, 4)": 0.06925530822221457, "(4, 2)": 0.13210666266474427, "(4, 3)": 0.06925530822221457}, "state": {"2": [[0.2117251162674216, 0.1499244255281533, 0.6652372152153513], [-0.4607264267034137, 0.5406774821742234, 0.5356043359744456, -0.4566475832545484]], "3": [[0.1512228595916187, -0.12906707182193713, 0.7103998362153179], [0.7069602581390417, -0.001351596220981638, 0.0013904379857588682, 0.707250615610791]], "4": [[0.01951542914943023, -0.06733829353053446, 0.6335984493582915], [0.5155891975817235, -0.4948989382283135, -0.5044100381640035, 0.4845754158816882]]}, "pickable_objects": [2, 3, 4], "scene_graph": {"left": [[2, 3]], "right": [[3, 2]], "front": [[4, 3]], "behind": [[3, 4]], "on": [], "under": [], "leftbehind": [[2, 4]], "leftfront": [], "rightbehind": [], "rightfront": [[4, 2]]}}