{"objects": {"2": "cup-red_heart", "3": "can-hoegaarden", "4": "black_marker", "5": "stapler_2", "6": "glue_2"}, "semantic_label": {"2": "cup_0", "3": "can_drink_0", "4": "marker_0", "5": "stapler_0", "6": "glue_0"}, "obj_aabb": {"2": [[0.1485037137351537, 0.13253450798785738, 0.6227072009285336], [0.25743166253760436, 0.27600190547250003, 0.7189932063627563]], "3": [[0.05232687564281351, 0.15808708716829206, 0.6217216343004602], [0.13170415517856252, 0.2392213620091742, 0.7570102486735316]], "4": [[0.10375113240024046, 0.04820943722529614, 0.62099475279865], [0.25531286016951493, 0.07377905268437804, 0.6470545854691913]], "5": [[-0.04959858120463356, -0.15690354568287967, 0.6217672093879183], [0.07271376556137403, -0.06996662408121342, 0.6513992629290988]], "6": [[0.20496832425334982, -0.12286313125295042, 0.6196421599172823], [0.27150336761377464, -0.053502552637080814, 0.7925158840754503]]}, "sizes": {"2": "medium", "3": "medium", "4": "medium", "5": "medium", "6": "medium"}, "distances": {"(2, 3)": 0.022674407248892248, "(2, 4)": 0.07284336210009976, "(2, 5)": 0.25526211022381484, "(2, 6)": 0.19565967749109406, "(3, 2)": 0.022674407248892248, "(3, 4)": 0.09323350478264779, "(3, 5)": 0.24050086360579065, "(3, 6)": 0.25184823609171436, "(4, 2)": 0.07284336210009974, "(4, 3)": 0.09323350478264779, "(4, 5)": 0.13997534332792644, "(4, 6)": 0.1110476608671798, "(5, 2)": 0.25526211022381484, "(5, 3)": 0.24050086360579065, "(5, 4)": 0.13997534332792644, "(5, 6)": 0.14827273980768182, "(6, 2)": 0.19565967749109406, "(6, 3)": 0.25184823609171436, "(6, 4)": 0.1110476608671798, "(6, 5)": 0.14827273980768182}, "state": {"2": [[0.20295513232957454, 0.20437663874499215, 0.6709130942505515], [0.4998907368438568, -0.49904910627082044, -0.5009512051015935, 0.500107119380701]], "3": [[0.0918490243080549, 0.1985279111727787, 0.6894245407169947], [0.7018370259761236, 0.0025451770690397193, -0.0025425918611054706, 0.7123284679621509]], "4": [[0.17952468110171338, 0.06090757322257586, 0.6340738092934535], [0.04397357654794364, 0.004203944870299791, 0.0014124579396095447, 0.9990228507775377]], "5": [[0.011572201651353836, -0.11346967066094925, 0.6366722217316205], [-0.010675239519724688, 0.0021220325105522496, 0.23353105940501212, 0.9722884245594994]], "6": [[0.23806211144225137, -0.08800998355392517, 0.703421483418795], [-0.02101292258262655, 0.034864895871465504, -0.7076668778291837, 0.7053725867539109]]}, "pickable_objects": [2, 3, 4, 5, 6], "scene_graph": {"left": [[2, 4], [3, 4], [3, 5], [4, 6]], "right": [[4, 2], [4, 3], [5, 3], [6, 4]], "front": [[3, 2], [5, 6]], "behind": [[2, 3], [6, 5]], "on": [], "under": [], "leftbehind": [[4, 5]], "leftfront": [], "rightbehind": [], "rightfront": [[5, 4]]}}