{"objects": {"2": "cup-white_coffee_round_handle", "3": "can-beer_delta", "4": "black_marker", "5": "glue_2", "6": "stapler_1"}, "semantic_label": {"2": "cup_0", "3": "can_drink_0", "4": "marker_0", "5": "glue_0", "6": "stapler_0"}, "obj_aabb": {"2": [[0.17151260268624213, -0.14252558873016535, 0.6164037589253433], [0.290113005287652, 0.014148676414627206, 0.7168335319117491]], "3": [[0.16410776452317838, -0.3016581831894747, 0.6224621328863423], [0.2430630888560686, -0.22068589764494806, 0.7567000347462974]], "4": [[0.16083518010170256, 0.09316911339645786, 0.6209947206121146], [0.312407968005545, 0.11881118438136415, 0.6470559779629005]], "5": [[0.20647919237784, 0.1958953332801626, 0.6196420745072798], [0.27301220397048437, 0.26525261620185936, 0.7925158892896834]], "6": [[0.23876625716565086, 0.31645486941190354, 0.6218044554133809], [0.2802601784820023, 0.39992211753511103, 0.6821004191864087]]}, "sizes": {"2": "medium", "3": "medium", "4": "medium", "5": "medium", "6": "medium"}, "distances": {"(2, 3)": 0.08675705198514762, "(2, 4)": 0.0938470312283856, "(2, 5)": 0.19371835429674014, "(2, 6)": 0.310989436549882, "(3, 2)": 0.08675705198514762, "(3, 4)": 0.3206007955128437, "(3, 5)": 0.42583433731373294, "(3, 6)": 0.5442863791247519, "(4, 2)": 0.0938470312283856, "(4, 3)": 0.3206008460546402, "(4, 5)": 0.08552959274409964, "(4, 6)": 0.20447468328333038, "(5, 2)": 0.19371835429674014, "(5, 3)": 0.42583433731373294, "(5, 4)": 0.08552959274409964, "(5, 6)": 0.05974717615160394, "(6, 2)": 0.310989436549882, "(6, 3)": 0.5442863791247519, "(6, 4)": 0.20447468328333038, "(6, 5)": 0.05974717615160394}, "state": {"2": [[0.23078203117181162, -0.06427130775863601, 0.6665998824963804], [0.5145208485811225, 0.4782934068656244, 0.5208438691358307, 0.4850003889770126]], "3": [[0.2038963865045525, -0.26104084507475644, 0.6896110214131154], [-0.0033828318685317905, 0.7102578658890016, 0.7039273008724581, -0.0029454163994420274]], "4": [[0.23661429809179024, 0.1059034666359671, 0.6340744767112215], [0.04404556113798512, 0.004208710488512094, 0.0016419765208556599, 0.9990193087288999]], "5": [[0.2395719424453455, 0.23074682063259105, 0.7034214438963848], [-0.021016099494755504, 0.03486557854194468, -0.7076507282703423, 0.7053886600828059]], "6": [[0.25972426650027225, 0.3581993801751594, 0.6518334289720951], [0.006143091709031642, -0.008789038641232637, 0.7070043575643494, 0.707127890560851]]}, "pickable_objects": [2, 3, 4, 5, 6], "scene_graph": {"left": [[2, 3], [4, 2], [5, 4], [6, 5]], "right": [[2, 4], [3, 2], [4, 5], [5, 6]], "front": [], "behind": [], "on": [], "under": [], "leftbehind": [], "leftfront": [], "rightbehind": [], "rightfront": []}}