{"objects": {"2": "bottle-avene_skincare", "3": "tube-skincare_provencale", "4": "soap_dish", "5": "soap"}, "semantic_label": {"2": "shampoo_0", "3": "cleanser_0", "4": "soap_dish_0", "5": "soap_0"}, "obj_aabb": {"2": [[-0.26870386362162657, -0.07211062041077872, 0.6223180889952057], [-0.19278538041685137, 0.0038047513138718264, 0.854023240702899]], "3": [[0.008853986046460607, -0.057485826762957895, 0.6223673162206065], [0.0723939869604356, 0.014437074689188482, 0.7698155965087126]], "4": [[-0.15829945656163713, -0.01933064701218188, 0.6229862612939709], [0.001778451654073046, 0.14075035376067357, 0.6719552759092997]], "5": [[0.14482888373243424, 0.2536882444171503, 0.6203359985940913], [0.27213631768373453, 0.35240856535441945, 0.6735355116710882]]}, "sizes": {"2": "medium", "3": "medium", "4": "medium", "5": "medium"}, "distances": {"(2, 3)": 0.21674631897319793, "(2, 4)": 0.0657750063234103, "(2, 5)": 0.4709643647596466, "(3, 2)": 0.21674631897319793, "(3, 4)": 0.047162768333722224, "(3, 5)": 0.31173490302192414, "(4, 2)": 0.0657750063234103, "(4, 3)": 0.04716276833372223, "(4, 5)": 0.25143938069190286, "(5, 2)": 0.4709643647596466, "(5, 3)": 0.31173490302192414, "(5, 4)": 0.25143938069190286}, "state": {"2": [[-0.23086694998639723, -0.03413374365060536, 0.7386366260309992], [0.704371342268211, -0.0031937967249470963, 0.0031873252595669265, 0.7098173376379645]], "3": [[0.04039629866623384, -0.021295541145262963, 0.696183845252907], [0.6855162539500289, -0.15536750144791858, -0.16163296571213764, 0.6926782726917666]], "4": [[-0.07803004912779798, 0.060716817786864656, 0.6473360167312799], [1.3956242244112495e-05, -6.4196249786399665e-06, 0.7068212630426846, 0.7073921839225792]], "5": [[0.20856152431788277, 0.3032660807612254, 0.6472426388415188], [0.022494318623130498, -0.012173703430510413, -0.15951789996285431, 0.9868636411206504]]}, "pickable_objects": [2, 3, 4, 5], "scene_graph": {"left": [], "right": [], "front": [[2, 4], [2, 3]], "behind": [[3, 2], [4, 2]], "on": [], "under": [], "leftbehind": [[5, 4]], "leftfront": [[4, 3]], "rightbehind": [[3, 4]], "rightfront": [[4, 5]]}}