{"objects": {"2": "bottle-avene_skincare", "3": "tube-perfax", "4": "soap_dish", "5": "soap"}, "semantic_label": {"2": "shampoo_0", "3": "cleanser_0", "4": "soap_dish_0", "5": "soap_0"}, "obj_aabb": {"2": [[-0.18097205002262556, -0.15586332689207336, 0.6223169435784531], [-0.10505206558934006, -0.07994089271248331, 0.8540247794877146]], "3": [[-0.01581855898951209, 0.3083034286726922, 0.6229867480375597], [0.04702685148461094, 0.37045125299456183, 0.780394766722214]], "4": [[-0.08080748383247978, -0.10940953148588847, 0.6229689712018066], [0.07929932131778726, 0.05070979373939691, 0.6719729645259883]], "5": [[-0.03597821065320152, -0.08624125927284765, 0.6257454301799527], [0.03386760401677008, 0.027190946068956078, 0.6797376087563424]]}, "sizes": {"2": "medium", "3": "medium", "4": "medium", "5": "medium"}, "distances": {"(2, 3)": 0.42798073404738485, "(2, 4)": 0.05376153303555756, "(2, 5)": 0.0866756294945345, "(3, 2)": 0.42798073404738485, "(3, 4)": 0.27501370936991565, "(3, 5)": 0.29924287175451053, "(4, 2)": 0.053761533035557564, "(4, 3)": 0.27501370936991565, "(4, 5)": -9.521084126271236e-06, "(5, 2)": 0.0866756294945345, "(5, 3)": 0.29924287175451053, "(5, 4)": -9.521084126271236e-06}, "state": {"2": [[-0.14313439073011086, -0.11788290773273853, 0.7386368209534097], [0.7043617544924138, -0.0031932741759007435, 0.003195063756094727, 0.7098268192848173]], "3": [[0.015595698365060256, 0.33940454497359385, 0.7017958759359126], [0.6491643110722253, -0.28024428555191166, -0.28025988216130804, 0.6492328057765963]], "4": [[-0.0005236220935014022, -0.029342980687817686, 0.6473362220596364], [-9.12418762685421e-05, 7.449512845041381e-05, 0.706758699892749, 0.7074546814116839]], "5": [[-0.0012859617754491439, -0.029525511381407923, 0.6530490676497007], [0.02588996810935434, 0.010368469225536145, 0.7144094093157518, 0.6991719389952191]]}, "pickable_objects": [2, 3, 5], "scene_graph": {"left": [[3, 4], [3, 5]], "right": [[4, 3], [5, 3]], "front": [[2, 4], [2, 5]], "behind": [[4, 2], [5, 2]], "on": [[4, 5]], "under": [[5, 4]], "leftbehind": [], "leftfront": [], "rightbehind": [], "rightfront": []}}