{"objects": {"2": "square_plate_3", "3": "cutlery-fork_1_new", "4": "cutlery-knife_1_new", "5": "plastic_lemon", "6": "green_bowl", "7": "glass-new_1"}, "semantic_label": {"2": "plate_0", "3": "fork_0", "4": "knife_0", "5": "fruit_0", "6": "bowl_0", "7": "glass_0"}, "obj_aabb": {"2": [[0.045230820808573685, -0.14800256585503874, 0.6229636729336789], [0.22983510533400384, 0.03529036796907151, 0.6552835597689788]], "3": [[-0.20372548832205822, -0.22359786927384312, 0.618262298894814], [-0.005977646783100893, -0.14526736312996885, 0.648322717965642]], "4": [[0.05390205454719395, 0.12106573752099999, 0.6228066203430319], [0.2659093762471358, 0.1485763849373966, 0.6331353273260082]], "5": [[0.09950310618637032, -0.09716716665553622, 0.6110325795797674], [0.18972494410928575, 0.00044776224628285954, 0.7171831512053394]], "6": [[-0.11579796118250167, 0.29215899091607034, 0.6221020386612162], [0.06286663633019045, 0.4697882760050853, 0.6835896173765306]], "7": [[0.08534302743041075, 0.2112393075505344, 0.6200546292881749], [0.1842550933136837, 0.31685450118891445, 0.7618986044164439]]}, "sizes": {"2": "medium", "3": "medium", "4": "medium", "5": "medium", "6": "small", "7": "medium"}, "distances": {"(2, 3)": 0.07380370046432125, "(2, 4)": 0.09199744263740799, "(2, 5)": -1.0017682668382946e-05, "(2, 6)": 0.29751080223786375, "(2, 7)": 0.1894160803226337, "(3, 2)": 0.07380370046432125, "(3, 4)": 0.28994323987768045, "(3, 5)": 0.15395691868361133, "(3, 6)": 0.4744079197946392, "(3, 7)": 0.4063551258038767, "(4, 2)": 0.09199744263740799, "(4, 3)": 0.28994323987768045, "(4, 5)": 0.14462404464330972, "(4, 6)": 0.1987589419698501, "(4, 7)": 0.08265800054334115, "(5, 2)": -1.0017693928933598e-05, "(5, 3)": 0.15395691868361133, "(5, 4)": 0.14462404464330972, "(5, 6)": 0.36599605844148436, "(5, 7)": 0.23511075981596602, "(6, 2)": 0.29751080223786375, "(6, 3)": 0.4744079197946392, "(6, 4)": 0.1987589419698501, "(6, 5)": 0.36599605844148436, "(6, 7)": 0.09272841758257518, "(7, 2)": 0.1894160803226337, "(7, 3)": 0.4063551258038767, "(7, 4)": 0.08265800054334115, "(7, 5)": 0.23511075981596602, "(7, 6)": 0.09272841758257518}, "state": {"2": [[0.13752279820471858, -0.05612926200894223, 0.6393467834731659], [-2.776070488468724e-06, 0.00010435244970277965, 0.7071068746619862, 0.7071066800056537]], "3": [[-0.10487026296744358, -0.18441999365553088, 0.63323036370754], [-0.07599740763362342, 0.7097217139088986, 0.693962239067517, -0.09452985553560721]], "4": [[0.15997381022889443, 0.13471478392471534, 0.6279898569911838], [-0.0002635856844271982, 0.7044841088675473, 0.7097196551635518, 0.0002862694775664121]], "5": [[0.14797073869066377, -0.053828020984969784, 0.6250912831116122], [0.26567498750554747, 0.11480133201741699, -0.004086528725424329, 0.9571942098988744]], "6": [[-0.026453057782780214, 0.3810587952721136, 0.6527280432511475], [0.004469419216854839, 0.0005846246293808874, 0.9800908224904319, 0.19849851932932772]], "7": [[0.13474607326471852, 0.2638726768185227, 0.6909078782286919], [0.7241587353160223, 0.00011838346674151418, -0.0002063191410913346, 0.6896332862349859]]}, "pickable_objects": [3, 4, 5, 6, 7], "scene_graph": {"left": [[4, 2], [4, 5], [6, 4], [7, 4]], "right": [[4, 7], [5, 4], [2, 4], [4, 6]], "front": [[3, 2], [6, 7]], "behind": [[2, 3], [7, 6]], "on": [[2, 5]], "under": [[5, 2]], "leftbehind": [[5, 3], [4, 3]], "leftfront": [], "rightbehind": [], "rightfront": [[3, 5], [3, 4]]}}