{"objects": {"2": "bottle-avene_skincare", "3": "tube-skincare_provencale", "4": "soap_dish", "5": "soap"}, "semantic_label": {"2": "shampoo_0", "3": "cleanser_0", "4": "soap_dish_0", "5": "soap_0"}, "obj_aabb": {"2": [[-0.26870378921477456, -0.0721106568986127, 0.6223180890576727], [-0.19278558195162204, 0.0038049877451256514, 0.8540232405438601]], "3": [[0.008853986046460621, -0.057485826762958825, 0.622365532567009], [0.07239398696043235, 0.014437074689187975, 0.7698138128551142]], "4": [[-0.15823595475968466, -0.019308809455312104, 0.6229861843061946], [0.0017443341364083292, 0.14067452187730112, 0.6719553273950198]], "5": [[0.2317028023667433, -0.028552692034387803, 0.6203356963409336], [0.3548184513537262, 0.05981878776258841, 0.6735369141925903]]}, "sizes": {"2": "medium", "3": "medium", "4": "medium", "5": "medium"}, "distances": {"(2, 3)": 0.21674641110529422, "(2, 4)": 0.06577659526027949, "(2, 5)": 0.43563619412124555, "(3, 2)": 0.21674641110529422, "(3, 4)": 0.047134817004864854, "(3, 5)": 0.18330100150240627, "(4, 2)": 0.06577659526027949, "(4, 3)": 0.047134817004864854, "(4, 5)": 0.24174277724868273, "(5, 2)": 0.43563619412124555, "(5, 3)": 0.18330100150240627, "(5, 4)": 0.24174277724868273}, "state": {"2": [[-0.23086701363246775, -0.03413364416121294, 0.7386366259810211], [0.7043713554669763, -0.0031924408217666005, 0.0031887036784760815, 0.7098173244490902]], "3": [[0.040396298666232226, -0.021295541145263688, 0.6961820615993091], [0.6855162539500304, -0.15536750144791917, -0.1616329657121251, 0.692678272691768]], "4": [[-0.07801536140655702, 0.06068996139160503, 0.6473360037685457], [1.42422202255748e-05, -6.0522282046778835e-06, 0.7070373036593837, 0.7071762517184794]], "5": [[0.29331373162390145, 0.01585843088334026, 0.6472431793654614], [0.0231410196829055, -0.010862487960330224, -0.10185473224578313, 0.9944707703509877]]}, "pickable_objects": [2, 3, 4, 5], "scene_graph": {"left": [], "right": [], "front": [[2, 4], [2, 3], [3, 5], [4, 5]], "behind": [[3, 2], [4, 2], [5, 3], [5, 4]], "on": [], "under": [], "leftbehind": [], "leftfront": [[4, 3]], "rightbehind": [[3, 4]], "rightfront": []}}