{"objects": {"2": "soap_dish", "3": "soap", "4": "bottle-baby_cleansing_water", "5": "tube-shoe_polish"}, "semantic_label": {"2": "soap_dish_0", "3": "soap_0", "4": "shampoo_0", "5": "cleanser_0"}, "obj_aabb": {"2": [[-0.08454319782453869, -0.2375846618725062, 0.6229832756082684], [0.07540741379237474, -0.07762899460521538, 0.6719590728194976]], "3": [[0.033851706566899634, 0.08612331581645132, 0.6196600429083681], [0.1572409634168872, 0.21403226727365382, 0.6748574042000957]], "4": [[-0.048997700491272736, -0.029806269870026266, 0.6225606621846048], [0.021261010782276293, 0.041318728845461415, 0.7858538709106792]], "5": [[-0.03438555418599353, 0.10405635387608589, 0.6226760538979437], [0.006815138803651638, 0.16546194399740652, 0.7878358397311287]]}, "sizes": {"2": "medium", "3": "medium", "4": "medium", "5": "medium"}, "distances": {"(2, 3)": 0.19843493611032606, "(2, 4)": 0.05215918018184504, "(2, 5)": 0.195825719612211, "(3, 2)": 0.19843493611032606, "(3, 4)": 0.11441352975410901, "(3, 5)": 0.047718751591358244, "(4, 2)": 0.05214996327090989, "(4, 3)": 0.11441352975410901, "(4, 5)": 0.07353770289298085, "(5, 2)": 0.195825719612211, "(5, 3)": 0.047718751591358244, "(5, 4)": 0.07352574589918365}, "state": {"2": [[-0.004337441279701444, -0.15759969358725892, 0.6473364268209111], [-2.8951148006469434e-05, 2.0590603093275428e-05, 0.7071029383970302, 0.7071106230627171]], "3": [[0.09572741610624878, 0.15023259746755166, 0.6475604421153471], [0.001633711312559994, -0.027254702791255768, -0.42385346694619286, 0.9053191430212885]], "4": [[-0.014053369422721859, 0.0056102192094545, 0.7039762887403815], [0.7048111230975498, 0.0005687728266015526, -0.0005786638138529324, 0.7093945463588178]], "5": [[-0.014032776953957748, 0.13471441157187983, 0.7053961065393851], [0.7083628468368256, -0.0020535784185550933, 0.0020560089671549566, 0.7058424986241858]]}, "pickable_objects": [2, 3, 4, 5], "scene_graph": {"left": [[3, 2], [4, 2], [5, 4]], "right": [[2, 4], [2, 3], [4, 5]], "front": [[5, 3]], "behind": [[3, 5]], "on": [], "under": [], "leftbehind": [[3, 4]], "leftfront": [], "rightbehind": [], "rightfront": [[4, 3]]}}