{"objects": {"2": "round_plate_3", "3": "cutlery-fork_2_new", "4": "cutlery-knife_3_new", "5": "plastic_apple", "6": "green_bowl", "7": "glass-new_12"}, "semantic_label": {"2": "plate_0", "3": "fork_0", "4": "knife_0", "5": "fruit_0", "6": "bowl_0", "7": "glass_0"}, "obj_aabb": {"2": [[0.10168327049493235, -0.2981795153458895, 0.6200068543673798], [0.29374601957011043, -0.10620444923068152, 0.6585855646073462]], "3": [[0.11633774365161181, -0.425300814497173, 0.617784422071484], [0.30256259361478854, -0.3938291934776475, 0.6492186578201057]], "4": [[-0.3579424175349486, -0.37027116289484246, 0.6213797347263206], [-0.1401478207532188, -0.28356898854299334, 0.6345910300750814]], "5": [[-0.3294849908229966, -0.44656763861642423, 0.6217186709872834], [-0.2143119710533739, -0.32963640425701135, 0.703938180688359]], "6": [[-0.07834888278669089, -0.27556664732102365, 0.6221065921148246], [0.05840198454896802, -0.14015546766461132, 0.6835803089164623]], "7": [[-0.06647333787081589, 0.07210604140223295, 0.6229678816324532], [0.040585258991248284, 0.1799649833793637, 0.8004441623372306]]}, "sizes": {"2": "medium", "3": "medium", "4": "medium", "5": "medium", "6": "small", "7": "medium"}, "distances": {"(2, 3)": 0.1052638229949502, "(2, 4)": 0.26284185441621283, "(2, 5)": 0.371001241038616, "(2, 6)": 0.05300144624198837, "(2, 7)": 0.2539833911851856, "(3, 2)": 0.1052638229949502, "(3, 4)": 0.2868227607162325, "(3, 5)": 0.35226105421942083, "(3, 6)": 0.16822159259632044, "(3, 7)": 0.4990834937088193, "(4, 2)": 0.26284185441621283, "(4, 3)": 0.2868227607162325, "(4, 5)": 0.015800612043839486, "(4, 6)": 0.10324180171073451, "(4, 7)": 0.39188095455460953, "(5, 2)": 0.371001241038616, "(5, 3)": 0.35226105421942083, "(5, 4)": 0.015800612043839486, "(5, 6)": 0.21251317901815234, "(5, 7)": 0.49366332978704375, "(6, 2)": 0.05300144624198837, "(6, 3)": 0.16822159259632044, "(6, 4)": 0.10324180171073451, "(6, 5)": 0.21251317901815234, "(6, 7)": 0.2300560708777432, "(7, 2)": 0.2539833911851856, "(7, 3)": 0.4990834937088193, "(7, 4)": 0.39188095455460953, "(7, 5)": 0.49366332978704375, "(7, 6)": 0.2300560708777432}, "state": {"2": [[0.19770622851040356, -0.20192385257170822, 0.6394696694251276], [0.0069415025089339345, -0.00543884301153429, 0.999961116491655, -5.8632086057012e-06]], "3": [[0.20974239288527213, -0.40956889737849544, 0.6334562908151617], [0.01308396859606028, 0.7064780044222264, 0.7074815915795477, -0.01369074904583806]], "4": [[-0.24886493069716195, -0.3268646816128759, 0.6280708878591622], [0.7009191667134677, 0.10460742736126523, 0.09627830313365708, 0.6989278190344547]], "5": [[-0.2708929906469973, -0.3857586608921546, 0.6272031776438344], [-0.01489566553006098, -0.0011813777579138772, -0.29104104913346046, 0.9565938695257796]], "6": [[-0.0099519374907561, -0.2079444114448249, 0.6527256624380298], [0.0014654737959734398, -0.004208092134254919, -1.991210579013902e-06, 0.9999900721223076]], "7": [[-0.012950045665341539, 0.1260902245044364, 0.7116639271314753], [0.7071776887881328, 2.1690716995934254e-05, -2.3663892488192322e-05, 0.7070358657450185]]}, "pickable_objects": [2, 3, 4, 5, 6, 7], "scene_graph": {"left": [[2, 3], [4, 5], [7, 6]], "right": [[3, 2], [5, 4], [6, 7]], "front": [[4, 6], [6, 2]], "behind": [[2, 6], [6, 4]], "on": [], "under": [], "leftbehind": [[6, 5]], "leftfront": [[6, 3], [7, 2], [4, 3]], "rightbehind": [[2, 7], [3, 6], [3, 4]], "rightfront": [[5, 6]]}}