{"objects": {"2": "plate", "3": "cutlery-fork_1", "4": "cutlery-knife_1", "5": "plastic_apple", "6": "doraemon_bowl", "7": "glass-small_3"}, "semantic_label": {"2": "plate_0", "3": "fork_0", "4": "knife_0", "5": "fruit_0", "6": "bowl_0", "7": "glass_0"}, "obj_aabb": {"2": [[-0.05129269549782998, -0.14081889994991476, 0.6229827896688186], [0.16359833188461564, 0.07534487425569278, 0.6519229664952192]], "3": [[-0.026455299442847358, -0.21383061865426234, 0.608600983513737], [0.17601226417877938, -0.1663717191112563, 0.6661127628501194]], "4": [[-0.022373829972546583, 0.10789416447280406, 0.6229899995861681], [0.1907113101094586, 0.13673032967362736, 0.6352289055175566]], "5": [[0.028995013927235157, -0.07300569342881807, 0.6280257545131658], [0.11338377028317317, 0.010132552072373985, 0.7093838243384822]], "6": [[-0.1745055081882549, -0.12909622993964925, 0.6028128338101773], [-0.026504371429591236, 0.060614574361419316, 0.7137311132501842]], "7": [[-0.1266029458866349, 0.18303656231238064, 0.6216418769161872], [-0.06127448633194095, 0.2489408434908738, 0.753674733119056]]}, "sizes": {"2": "medium", "3": "medium", "4": "medium", "5": "medium", "6": "small", "7": "medium"}, "distances": {"(2, 3)": 0.04214177829909471, "(2, 4)": 0.0410563382114361, "(2, 5)": -1.1513703841416895e-05, "(2, 6)": -1.9993430100508428e-05, "(2, 7)": 0.15537778072691744, "(3, 2)": 0.04214177829909471, "(3, 4)": 0.2858711016666664, "(3, 5)": 0.11708492550605511, "(3, 6)": 0.08942953158361074, "(3, 7)": 0.3744648534533026, "(4, 2)": 0.0410563382114361, "(4, 3)": 0.2858711016666664, "(4, 5)": 0.11132530471985234, "(4, 6)": 0.09838135789118507, "(4, 7)": 0.08971152781088076, "(5, 2)": -1.1513703841416895e-05, "(5, 3)": 0.11708492550605511, "(5, 4)": 0.11132530471985234, "(5, 6)": 0.07166489059227361, "(5, 7)": 0.23156607367336632, "(6, 2)": -1.999343010050626e-05, "(6, 3)": 0.08942953158361074, "(6, 4)": 0.09838135789118507, "(6, 5)": 0.07166489059227361, "(6, 7)": 0.13517802166715717, "(7, 2)": 0.15537778072691744, "(7, 3)": 0.3744648534533026, "(7, 4)": 0.08971152781088076, "(7, 5)": 0.23156607367336632, "(7, 6)": 0.13517802166715717}, "state": {"2": [[0.06570521751135043, -0.03274962624066345, 0.6291136212974733], [-9.945692013644788e-06, 2.391346855526184e-05, 1.8610588686255175e-05, 0.9999999994914376]], "3": [[0.07476106412989551, -0.19014105972648476, 0.6371806073674584], [0.022061003688902382, 0.5918138260109376, 0.8052042872225228, -0.030261581204605686]], "4": [[0.08388606876583224, 0.12237139211127647, 0.6291501849905206], [-3.9928311418921195e-10, 0.7071067924257854, 0.7071067699473095, -3.985038458959986e-10]], "5": [[0.07111244555799492, -0.027723416684963198, 0.6331820189130689], [0.003057125583879586, -0.011014980258238417, 9.603151259339594e-05, 0.9999346553505502]], "6": [[-0.10056269294453929, -0.034242287109885056, 0.6582542923281458], [-0.11281380417417596, -0.008826474364346854, 0.7033429606199033, 0.7017861630756732]], "7": [[-0.09404651779600069, 0.2158981387265848, 0.6876218699933583], [0.7131872008685962, -0.00460127228768843, 0.004560029405047355, 0.7009436859993651]]}, "pickable_objects": [3, 4, 5, 6, 7], "scene_graph": {"left": [[4, 2], [4, 6], [7, 6], [7, 2], [2, 3], [6, 3], [5, 3]], "right": [[3, 2], [3, 6], [3, 5], [2, 4], [6, 4], [6, 7], [2, 7]], "front": [[6, 2], [6, 5]], "behind": [[2, 6], [5, 6]], "on": [[2, 5]], "under": [[5, 2]], "leftbehind": [], "leftfront": [[7, 4]], "rightbehind": [[4, 7]], "rightfront": []}}