{"objects": {"2": "square_plate_3", "3": "fork", "4": "cutlery-knife_2_new", "5": "plastic_lemon", "6": "green_bowl", "7": "glass-small_3"}, "semantic_label": {"2": "plate_0", "3": "fork_0", "4": "knife_0", "5": "fruit_0", "6": "bowl_0", "7": "glass_0"}, "obj_aabb": {"2": [[0.07113828150080062, -0.21260496795004755, 0.6229306441991778], [0.2559631047531964, -0.029090137922893583, 0.6553248214951193]], "3": [[0.07240786575070172, -0.3324972508709344, 0.6147538415054224], [0.2772271276554525, -0.2982751729917503, 0.6473990280786782]], "4": [[0.07971649350417605, 0.058805510335016395, 0.6229900000926207], [0.2929783017207622, 0.0848042051053904, 0.6338385368958177]], "5": [[0.16692770323464354, -0.11673854723676673, 0.6121771149945682], [0.2567376855338243, -0.01965837363026178, 0.7164245996316329]], "6": [[0.05487804023002173, -0.23073683888753832, 0.6296245025542723], [0.23320194576305914, -0.05055340787360506, 0.6937800721844304]], "7": [[0.12863009786344823, 0.1687247508929497, 0.6218340683357582], [0.19353474345585484, 0.23437956717967262, 0.7535467243876286]]}, "sizes": {"2": "medium", "3": "medium", "4": "medium", "5": "medium", "6": "small", "7": "medium"}, "distances": {"(2, 3)": 0.09173610286090889, "(2, 4)": 0.09388739040568243, "(2, 5)": -2.261493615202375e-05, "(2, 6)": -1.8008508419563307e-05, "(2, 7)": 0.20472405795974122, "(3, 2)": 0.09173610286090889, "(3, 4)": 0.3612964356787539, "(3, 5)": 0.2055149553272592, "(3, 6)": 0.10556594865717345, "(3, 7)": 0.47437134911703255, "(4, 2)": 0.09388739040568243, "(4, 3)": 0.3612964356787539, "(4, 5)": 0.10521123038228909, "(4, 6)": 0.14583064939037252, "(4, 7)": 0.09104106886011505, "(5, 2)": -2.2614936152011173e-05, "(5, 3)": 0.20551495532725922, "(5, 4)": 0.10521123038228909, "(5, 6)": -3.257226399440427e-05, "(5, 7)": 0.2159867847711661, "(6, 2)": -1.8008508419563307e-05, "(6, 3)": 0.10556594865717349, "(6, 4)": 0.14583064939037252, "(6, 5)": -2.8090506947687967e-05, "(6, 7)": 0.24979197874169867, "(7, 2)": 0.20472405795974122, "(7, 3)": 0.47437134911703255, "(7, 4)": 0.09104106886011505, "(7, 5)": 0.2159867847711661, "(7, 6)": 0.24979197874169867}, "state": {"2": [[0.16354030897714666, -0.12062068354835775, 0.6393508568790139], [-9.119828337483626e-07, 0.00024714271139844953, 0.7075196681536395, 0.7066936097740042]], "3": [[0.17486569499265964, -0.31464102990163945, 0.6312178888049095], [-0.025417350331975987, 0.005830320790509448, 0.9996599245310649, 3.0791673200829335e-05]], "4": [[0.1861454906035827, 0.07164381668023127, 0.6283606709964616], [3.0039330985296765e-13, 0.7071067811779526, 0.7071067811951425, -6.120867929883456e-14]], "5": [[0.2161951553010987, -0.07376001053319432, 0.6253971065400048], [0.2742082133037233, 0.08328517596385276, -0.04389830111566981, 0.9570508734548063]], "6": [[0.1439551644612446, -0.14062783330908324, 0.6615848572381482], [0.007084984260015859, 0.00979130669019456, -0.8358855260070637, 0.5487707360302918]], "7": [[0.16097450313258552, 0.20146152324674468, 0.6876544861200634], [0.7125236594223565, -0.003446070939614103, 0.0034099347378581143, 0.7016313360330597]]}, "pickable_objects": [2, 3, 4, 5, 6, 7], "scene_graph": {"left": [[4, 2], [4, 5], [7, 4], [2, 3], [6, 3], [5, 3]], "right": [[3, 2], [3, 6], [3, 5], [4, 7], [2, 4], [5, 4]], "front": [], "behind": [], "on": [], "under": [], "leftbehind": [[2, 6], [5, 2]], "leftfront": [], "rightbehind": [], "rightfront": [[2, 5], [6, 2]]}}