{"objects": {"2": "cup-yellow_white_border", "3": "can-redbull", "4": "red_marker", "5": "stapler_2", "6": "glue_1"}, "semantic_label": {"2": "cup_0", "3": "can_drink_0", "4": "marker_0", "5": "stapler_0", "6": "glue_0"}, "obj_aabb": {"2": [[0.20214906032803803, 0.14210190519294097, 0.6227884454615604], [0.3090240441191995, 0.2860135664746841, 0.7621511851480196]], "3": [[0.12013289133002747, 0.17467338587695375, 0.6213834526932503], [0.17949008558254181, 0.24222872192857742, 0.7660571458763986]], "4": [[0.15733356443226185, 0.06666182667583546, 0.6207829151319777], [0.30968776361730543, 0.09113768742850319, 0.6476985026647653]], "5": [[0.14574468332475818, -0.10427126208005662, 0.6218972325561055], [0.1828038345158897, 0.014770781705199534, 0.6511515250024057]], "6": [[0.27109210439762343, -0.10665925795111342, 0.6162639246610171], [0.31195663463737267, -0.016835882492227255, 0.764636591004147]]}, "sizes": {"2": "medium", "3": "medium", "4": "medium", "5": "medium", "6": "medium"}, "distances": {"(2, 3)": 0.026976819712076668, "(2, 4)": 0.06498979113834025, "(2, 5)": 0.1582442287205808, "(2, 6)": 0.1849759694917542, "(3, 2)": 0.026976819712076668, "(3, 4)": 0.0940043763885882, "(3, 5)": 0.16855761569974656, "(3, 6)": 0.24745657402433485, "(4, 2)": 0.06498979113834025, "(4, 3)": 0.0940043763885882, "(4, 5)": 0.05718902160194514, "(4, 6)": 0.10273634933017561, "(5, 2)": 0.15824422872058078, "(5, 3)": 0.16855761569974656, "(5, 4)": 0.05718902160194514, "(5, 6)": 0.09426202062395293, "(6, 2)": 0.1849759694917542, "(6, 3)": 0.24745657402433485, "(6, 4)": 0.10273634933017561, "(6, 5)": 0.09426202062395293}, "state": {"2": [[0.25576730967808453, 0.2140892124183387, 0.6923965933331855], [-0.5006333565695006, 0.5006643813342048, 0.4993346912865392, -0.49936588352726924]], "3": [[0.1498967119605428, 0.2085125757907316, 0.693667476333547], [0.7189879907486372, -0.00015118340614792719, 0.00021943789351033346, 0.695022444349696]], "4": [[0.23351301254251217, 0.07891045202269521, 0.6341337024833331], [-0.008584837838629728, 0.0014171879555481446, 0.9999619911664953, 0.0005553016486452458]], "5": [[0.1642360040343037, -0.044747398705834045, 0.6366130158747809], [-0.0006550406760714926, 0.006825924699849374, -0.7081263287595955, 0.7060524627753676]], "6": [[0.29165765673776434, -0.06181748628651091, 0.6904596187173054], [-0.00439641801557633, 0.05846317276764666, 0.9982772453440725, 0.002295727950569403]]}, "pickable_objects": [2, 3, 4, 5, 6], "scene_graph": {"left": [[2, 4], [3, 4], [4, 5], [4, 6]], "right": [[4, 2], [4, 3], [5, 4], [6, 4]], "front": [[3, 2], [5, 6]], "behind": [[2, 3], [6, 5]], "on": [], "under": [], "leftbehind": [[2, 5]], "leftfront": [], "rightbehind": [], "rightfront": [[5, 2]]}}