{"objects": {"2": "square_plate_1", "3": "cutlery-fork_1_new", "4": "cutlery-knife_1", "5": "plastic_lemon", "6": "green_bowl", "7": "glass-new_3"}, "semantic_label": {"2": "plate_0", "3": "fork_0", "4": "knife_0", "5": "fruit_0", "6": "bowl_0", "7": "glass_0"}, "obj_aabb": {"2": [[-0.10187057766229216, 0.12996982752566, 0.8376367030667053], [0.1549796073271074, 0.387132571871009, 0.8755345916694426]], "3": [[0.26559488021016275, 0.0948884860576788, 0.6183191869754405], [0.30483710320961055, 0.2917755663113214, 0.6482681350005866]], "4": [[-0.05718008686764294, 0.07642097488499273, 0.6229899963618717], [0.15590505321437456, 0.10525714008604085, 0.6352289022936024]], "5": [[0.2159493924428138, -0.17446453435264708, 0.6035591080478168], [0.3298958051712994, -0.05557431023143748, 0.7076707943954149]], "6": [[-0.23768648243109441, -0.17523904546581598, 0.6220998497654883], [-0.10093429888228701, -0.03982330834649614, 0.6835867085568043]], "7": [[-0.02559811321190498, 0.17215210070465756, 0.6227873074579168], [0.07220122504222437, 0.27038666396507294, 0.8455579214519499]]}, "sizes": {"2": "medium", "3": "medium", "4": "medium", "5": "medium", "6": "small", "7": "medium"}, "distances": {"(2, 3)": 0.2653904186900493, "(2, 4)": 0.2220543427576223, "(2, 5)": 0.3687185537060044, "(2, 6)": 0.3160305679654264, "(2, 7)": -4.2862744969240224e-05, "(3, 2)": 0.2653904186900493, "(3, 4)": 0.11743998302006947, "(3, 5)": 0.18370803243575093, "(3, 6)": 0.4223174980026441, "(3, 7)": 0.21659896905693832, "(4, 2)": 0.2220543427576223, "(4, 3)": 0.11743998302006947, "(4, 5)": 0.1993659224596287, "(4, 6)": 0.16122205585564023, "(4, 7)": 0.08351068198372946, "(5, 2)": 0.36871855370600437, "(5, 3)": 0.18370803243575093, "(5, 4)": 0.1993659224596287, "(5, 6)": 0.33639236172880155, "(5, 7)": 0.3468900617387632, "(6, 2)": 0.3160305679654264, "(6, 3)": 0.4223174980026441, "(6, 4)": 0.16122205585564023, "(6, 5)": 0.33639236172880155, "(6, 7)": 0.28175887996498256, "(7, 2)": -4.286274496924716e-05, "(7, 3)": 0.21659896905693832, "(7, 4)": 0.08351068198372946, "(7, 5)": 0.3468900617387632, "(7, 6)": 0.28175887996498256}, "state": {"2": [[0.02664235040852023, 0.25865948702708336, 0.8564487935777784], [0.0011997740424581544, 0.008381226839619609, 0.8862596865263762, -0.46311130802117034]], "3": [[0.28519853485050844, 0.19331750789176205, 0.6332315699982605], [-0.48760216545138474, 0.5197180683765329, 0.49764337228486877, -0.49445761362429164]], "4": [[0.04907981187074202, 0.0908982025235779, 0.6291501817663946], [-3.9944724699079133e-10, 0.7071067924298146, 0.7071067699432804, -3.986229697404991e-10]], "5": [[0.2697999177293529, -0.12266492721522008, 0.6169463742328749], [0.26615972491572104, -0.008547584463951843, -0.4194246250531836, 0.8678530541120517]], "6": [[-0.16928887691186467, -0.1076145212379034, 0.6527254846628194], [0.0015060675439036266, -0.004216115680683611, -7.944822457757388e-07, 0.9999899780140244]], "7": [[0.023528186315106295, 0.22137274704555873, 0.734191635347292], [0.7063617173353252, -0.000263911764114581, 0.0003091264831622033, 0.7078509441079305]]}, "pickable_objects": [2, 3, 4, 5, 6], "scene_graph": {"left": [[3, 5], [7, 4]], "right": [[4, 7], [5, 3]], "front": [[4, 3], [7, 3]], "behind": [[3, 4], [3, 7]], "on": [[7, 2]], "under": [[2, 7]], "leftbehind": [[4, 6], [7, 6]], "leftfront": [[4, 5]], "rightbehind": [[5, 4]], "rightfront": [[6, 4], [6, 7]]}}