{"objects": {"2": "square_plate_1", "3": "cutlery-fork_1_new", "4": "cutlery-knife_1", "5": "plastic_lemon", "6": "green_bowl", "7": "glass-new_3"}, "semantic_label": {"2": "plate_0", "3": "fork_0", "4": "knife_0", "5": "fruit_0", "6": "bowl_0", "7": "glass_0"}, "obj_aabb": {"2": [[-0.06597649537497012, -0.1939940288596871, 0.62137438866932], [0.1187857239888729, -0.009603522242390583, 0.6570335964274742]], "3": [[-0.060186782290253295, -0.3138345762119162, 0.6183182523706314], [0.13569282672066255, -0.2814175379277976, 0.6482645066329069]], "4": [[-0.05718008686764021, 0.0764209748850202, 0.6229899963619395], [0.1559050532143718, 0.10525714008596848, 0.635228902293519]], "5": [[-0.013014240481853637, -0.1392472425318541, 0.6114170344052687], [0.07669204479157585, -0.04410548362981065, 0.7156700911024698]], "6": [[-0.23767405792041907, -0.1752295593623282, 0.6221310062300245], [-0.10093479081111033, -0.039823301482731596, 0.6835671627664492]], "7": [[-0.025536667254994344, 0.17215547840793588, 0.6228092629879384], [0.07219671731286062, 0.2703269295189244, 0.8455285844671737]]}, "sizes": {"2": "medium", "3": "medium", "4": "medium", "5": "medium", "6": "small", "7": "medium"}, "distances": {"(2, 3)": 0.09368538497063066, "(2, 4)": 0.09373972592136282, "(2, 5)": -9.993252877156522e-06, "(2, 6)": 0.04457290571798105, "(2, 7)": 0.19767506441666213, "(3, 2)": 0.09368538497063066, "(3, 4)": 0.362783787464564, "(3, 5)": 0.16715264169919725, "(3, 6)": 0.14977133445419866, "(3, 7)": 0.46976182164260266, "(4, 2)": 0.09373972592136282, "(4, 3)": 0.362783787464564, "(4, 5)": 0.1437361405685827, "(4, 6)": 0.16120928948862862, "(4, 7)": 0.08350999523599893, "(5, 2)": -9.993252877156956e-06, "(5, 3)": 0.16715264169919725, "(5, 4)": 0.1437361405685827, "(5, 6)": 0.10185646687424944, "(5, 7)": 0.24598003475046054, "(6, 2)": 0.04457290571798105, "(6, 3)": 0.14977133445419866, "(6, 4)": 0.16120928948862862, "(6, 5)": 0.10185646687424944, "(6, 7)": 0.28174443569662405, "(7, 2)": 0.19767506441666213, "(7, 3)": 0.46976182164260266, "(7, 4)": 0.08350999523599893, "(7, 5)": 0.24598003475046054, "(7, 6)": 0.28174443569662405}, "state": {"2": [[0.026394670741161072, -0.10193916370161787, 0.6390684842955369], [0.004058403519069442, 0.003995332098342126, 0.7070957323213453, 0.7070948960466629]], "3": [[0.0377379005184843, -0.29760913119646265, 0.6332292855175997], [0.010150668048349553, 0.7126230017230892, 0.7014012204355445, -0.010087087036146324]], "4": [[0.04907981187074202, 0.0908982025235553, 0.6291501817663872], [-3.9937405727239336e-10, 0.7071067924280343, 0.7071067699450606, -3.985693773540466e-10]], "5": [[0.0356000938196799, -0.09901419059479634, 0.6248722109076592], [0.24382243729431693, 0.10710990164553233, -0.010959502297266029, 0.9638246611032214]], "6": [[-0.16928293581747114, -0.1076097939371326, 0.6527312989753055], [0.0014248836198727127, -0.004110130031691303, -1.9776356128672787e-06, 0.9999905382221781]], "7": [[0.02355666689051179, 0.2213445498965014, 0.7341879100552847], [0.706452683012972, -0.00019015184696622836, 0.00019214296101624054, 0.7077602232303897]]}, "pickable_objects": [3, 4, 5, 6, 7], "scene_graph": {"left": [[4, 2], [4, 5], [7, 4], [2, 3], [5, 3]], "right": [[3, 2], [3, 5], [4, 7], [2, 4], [5, 4]], "front": [[6, 2], [6, 5]], "behind": [[2, 6], [5, 6]], "on": [[2, 5]], "under": [[5, 2]], "leftbehind": [], "leftfront": [[6, 3]], "rightbehind": [[3, 6]], "rightfront": []}}