{"objects": {"2": "bottle-avene_skincare", "3": "tube-shoe_polish", "4": "soap_dish", "5": "soap"}, "semantic_label": {"2": "shampoo_0", "3": "cleanser_0", "4": "soap_dish_0", "5": "soap_0"}, "obj_aabb": {"2": [[0.2073943097946764, -0.0035301933795159265, 0.6223309316330906], [0.3044740661890471, 0.09479848761926574, 0.8540048001258659]], "3": [[-0.16138073086958915, -0.040069141848020955, 0.6226765263502794], [-0.1201808013620706, 0.021336423336802315, 0.7878361025463532]], "4": [[-0.09437872361720671, -0.16806690508431266, 0.6229521787125395], [0.0655972248624526, -0.008101938923068056, 0.6719853706073314]], "5": [[0.20024045096941934, -0.31105167948295565, 0.6199291249789219], [0.3209989205971615, -0.22780363083514724, 0.6739310316848898]]}, "sizes": {"2": "medium", "3": "medium", "4": "medium", "5": "medium"}, "distances": {"(2, 3)": 0.3474393564449649, "(2, 4)": 0.18804639423845107, "(2, 5)": 0.24525416300590602, "(3, 2)": 0.3474393564449649, "(3, 4)": 0.05255964805034001, "(3, 5)": 0.4057254260147448, "(4, 2)": 0.18804639423845107, "(4, 3)": 0.05255964805034001, "(4, 5)": 0.19592207371886047, "(5, 2)": 0.24525416300590602, "(5, 3)": 0.4057254260147448, "(5, 4)": 0.19592207371886047}, "state": {"2": [[0.2558273737557324, 0.04569656062086948, 0.7386338567796515], [0.6915962374295205, -0.13400363673655505, -0.12886047195829284, 0.6979488867255207]], "3": [[-0.1410283360483909, -0.009411092544117565, 0.7053964742911839], [0.7083615637377703, -0.0020587469193778444, 0.002050980664121727, 0.7058437858750463]], "4": [[-0.014160252019729173, -0.08807730175245179, 0.6473341062701621], [-0.00015582772291530218, -9.525867616499802e-05, 0.7070840548796099, 0.7071294831772426]], "5": [[0.26065872243263405, -0.26920104992837174, 0.6472381619945287], [0.025830138643278353, -0.012582587157093398, -0.0743495384707766, 0.9968182525251459]]}, "pickable_objects": [2, 3, 4, 5], "scene_graph": {"left": [[2, 5]], "right": [[5, 2]], "front": [[3, 4], [4, 2]], "behind": [[2, 4], [4, 3]], "on": [], "under": [], "leftbehind": [], "leftfront": [[4, 5]], "rightbehind": [[5, 4]], "rightfront": []}}