{"objects": {"2": "cup-red_heart", "3": "can-monster_blue", "4": "small_marker", "5": "glue_2", "6": "stapler_1"}, "semantic_label": {"2": "cup_0", "3": "can_drink_0", "4": "marker_0", "5": "glue_0", "6": "stapler_0"}, "obj_aabb": {"2": [[0.0718185439681237, -0.2736974804266263, 0.6227069391075133], [0.1807466010490335, -0.13022982326384636, 0.7189931482560339]], "3": [[-0.0640871070296767, -0.22703733554758115, 0.6227600463913255], [0.008136778265720016, -0.15476902252528996, 0.7980958627511651]], "4": [[0.011736499366557965, 0.02915762977875079, 0.6208781525370262], [0.0429755846309722, 0.18660955659178396, 0.6454089761377912]], "5": [[0.2393074028409177, 0.07298911243626724, 0.6204278559106543], [0.31247428922938975, 0.1484255014381147, 0.7920097457246099]], "6": [[0.13337184949089523, 0.1631308210902958, 0.6218063200005056], [0.17486439331016382, 0.24659758845915475, 0.6820985111208119]]}, "sizes": {"2": "medium", "3": "medium", "4": "medium", "5": "medium", "6": "medium"}, "distances": {"(2, 3)": 0.06821229972774245, "(2, 4)": 0.18740080302854623, "(2, 5)": 0.24993781998819292, "(2, 6)": 0.2990792154803352, "(3, 2)": 0.06821251812684502, "(3, 4)": 0.1952114169645169, "(3, 5)": 0.3640529431392192, "(3, 6)": 0.360647491938068, "(4, 2)": 0.18740080302854623, "(4, 3)": 0.1952114169645169, "(4, 5)": 0.21742275149138035, "(4, 6)": 0.10471468475656108, "(5, 2)": 0.24993781998819292, "(5, 3)": 0.3640529431392192, "(5, 4)": 0.21742275149138043, "(5, 6)": 0.09312046446701534, "(6, 2)": 0.2990792154803352, "(6, 3)": 0.360647491938068, "(6, 4)": 0.10471468475656108, "(6, 5)": 0.09312046446701534}, "state": {"2": [[0.12629512823058375, -0.20207208376879385, 0.6709129344609472], [0.4990490040461725, 0.49989098216916555, 0.500106400398253, 0.5009517799021903]], "3": [[-0.028063178961636633, -0.19084736331637148, 0.7104009047515859], [0.7069336720596154, -0.001312736258773281, 0.0014047948391789152, 0.7072772345999006]], "4": [[0.0272891987895911, 0.10789022928470793, 0.6329728497226311], [0.07330905323379645, -0.06505689309177243, -0.6861506411379068, 0.720826387586671]], "5": [[0.2757655325983059, 0.11086303202975917, 0.703557481365516], [-0.020179583319511713, 0.02782651279525635, -0.7553938970405923, 0.6543688026766965]], "6": [[0.15432916428812152, 0.2048750852662188, 0.6518333963996394], [0.006153310812500571, -0.008763865182366708, 0.7069981013997485, 0.7071343691620858]]}, "pickable_objects": [2, 3, 4, 5, 6], "scene_graph": {"left": [[4, 3], [6, 2]], "right": [[3, 4], [2, 6]], "front": [[3, 2], [4, 6], [4, 5]], "behind": [[2, 3], [5, 4], [6, 4]], "on": [], "under": [], "leftbehind": [[5, 2]], "leftfront": [[4, 2], [6, 5]], "rightbehind": [[2, 4], [5, 6]], "rightfront": [[2, 5]]}}