{"objects": {"2": "blue_cup", "3": "can-hoegaarden", "4": "red_marker", "5": "glue_1", "6": "stapler_2"}, "semantic_label": {"2": "cup_0", "3": "can_drink_0", "4": "marker_0", "5": "glue_0", "6": "stapler_0"}, "obj_aabb": {"2": [[0.10567461732636144, -0.40821371347522034, 0.622985090421061], [0.20970971158101845, -0.27416275333030576, 0.7110217058615789]], "3": [[-0.043406640173069236, -0.35539970443109875, 0.6217219903497292], [0.035965529840218835, -0.27425999019248165, 0.7570102127485533]], "4": [[-0.15002180668401738, -0.29210280840706465, 0.6204809898037077], [-0.03949378280070511, -0.1548828626762469, 0.6480892028321904]], "5": [[0.14817618782795364, -0.07237749463672549, 0.6162291066510358], [0.18917508992449508, 0.017609612700713984, 0.7646969305491157]], "6": [[0.16872231244539798, 0.03946873947527408, 0.6219218153489232], [0.2057983650583428, 0.1585107377809232, 0.6511589355123095]]}, "sizes": {"2": "medium", "3": "medium", "4": "medium", "5": "medium", "6": "medium"}, "distances": {"(2, 3)": 0.07429764839855561, "(2, 4)": 0.16020289150653488, "(2, 5)": 0.21129166985386233, "(2, 6)": 0.3206863485875306, "(3, 2)": 0.07429764839855561, "(3, 4)": 0.018124620070462567, "(3, 5)": 0.2604370335991628, "(3, 6)": 0.36326993451701056, "(4, 2)": 0.16020289150653488, "(4, 3)": 0.018124620070462567, "(4, 5)": 0.28676578710522194, "(4, 6)": 0.3649319602607253, "(5, 2)": 0.21129166985386233, "(5, 3)": 0.2604370335991628, "(5, 4)": 0.28676578710522194, "(5, 6)": 0.04153829482455195, "(6, 2)": 0.3206863485875306, "(6, 3)": 0.36326993451701056, "(6, 4)": 0.3649319602607253, "(6, 5)": 0.04153829482455195}, "state": {"2": [[0.157464712444828, -0.32669085302196577, 0.6628064188100931], [1.0710735617252263e-05, 1.9484744939295147e-05, -0.7071067807173592, 0.7071067813061598]], "3": [[-0.003887054785920886, -0.3149561499673378, 0.6894246997741308], [0.7018356560562644, 0.0025197405133767035, -0.00256189044225699, 0.712329838988358]], "4": [[-0.09476484333549676, -0.223495248198238, 0.6341777894346077], [0.01996681068956681, -0.0008205297923918463, -0.44925538341415305, 0.8931798551664436]], "5": [[0.16880889541510954, -0.027453890508562215, 0.6904725643840764], [-0.00477842767484761, 0.059038662114162505, 0.998241173945562, 0.0024822660035503613]], "6": [[0.18722209168805126, 0.09899259988874509, 0.6366290152654649], [-0.0007445805699349506, 0.006795442510219299, -0.7081701348152987, 0.7060087306234585]]}, "pickable_objects": [2, 3, 4, 5, 6], "scene_graph": {"left": [[5, 2], [6, 5]], "right": [[2, 5], [5, 6]], "front": [[3, 2], [4, 2]], "behind": [[2, 3], [2, 4]], "on": [], "under": [], "leftbehind": [[5, 3], [5, 4]], "leftfront": [[4, 3]], "rightbehind": [[3, 4]], "rightfront": [[3, 5], [4, 5]]}}