{"objects": {"2": "mug", "3": "can-coke_small", "4": "red_marker", "5": "glue_1", "6": "stapler_2"}, "semantic_label": {"2": "cup_0", "3": "can_drink_0", "4": "marker_0", "5": "glue_0", "6": "stapler_0"}, "obj_aabb": {"2": [[0.09776728059550063, -0.22593008453381308, 0.6229875458614974], [0.19754736382404373, -0.10240932923895818, 0.7108978944326662]], "3": [[-0.04201990568357588, -0.1854987131901538, 0.6222926264458644], [0.023163100783462072, -0.12035093012125722, 0.7277080303856522]], "4": [[0.07821807977519527, -0.008593261544668374, 0.6207949937778994], [0.23057312797729249, 0.015881800145448714, 0.6477159606754621]], "5": [[0.1396459699110286, 0.08372159271851558, 0.6162018425859858], [0.18015212309486525, 0.17395121097100757, 0.7646503449400929]], "6": [[0.1592505765168318, 0.19280537689803, 0.6218952393836544], [0.19632670731230908, 0.3118522466406235, 0.6511538072479822]]}, "sizes": {"2": "medium", "3": "medium", "4": "medium", "5": "medium", "6": "medium"}, "distances": {"(2, 3)": 0.07938654468174813, "(2, 4)": 0.10404847712449507, "(2, 5)": 0.19852745899410001, "(2, 6)": 0.3061164538277076, "(3, 2)": 0.07938654468174815, "(3, 4)": 0.14348226093000055, "(3, 5)": 0.2596454934997524, "(3, 6)": 0.3597932689343084, "(4, 2)": 0.10404847712449507, "(4, 3)": 0.14348226093000055, "(4, 5)": 0.0757515110414652, "(4, 6)": 0.18176290812833737, "(5, 2)": 0.19852745899410001, "(5, 3)": 0.2596454934997524, "(5, 4)": 0.07575123778830763, "(5, 6)": 0.03874270305575989, "(6, 2)": 0.3061164538277076, "(6, 3)": 0.3597932689343084, "(6, 4)": 0.18175945377114228, "(6, 5)": 0.03874270305575989}, "state": {"2": [[0.14862432198934686, -0.16418870794634635, 0.6669382424064852], [-5.321965430517759e-06, -1.1180247363601419e-05, 0.7071066882710906, 0.7071068739935777]], "3": [[-0.009254167946105394, -0.1527105365327676, 0.6749571095785155], [0.709221487324377, -0.003124659373731714, 0.003170579920115099, 0.7049716773347473]], "4": [[0.15439795669390718, 0.003654967451815924, 0.6341484712240709], [-0.008604973631972013, 0.0014023211507583448, 0.9999618392566078, 0.0005549366858822398]], "5": [[0.1600323367910331, 0.12876647480348316, 0.690435328121266], [-0.0031250198763511094, 0.059977271395759674, 0.9981920581688856, 0.002361392651821933]], "6": [[0.1777503944954554, 0.25233165694922804, 0.6366131635149811], [-0.0006788468675871658, 0.006858496546623828, -0.7081700926764342, 0.7060082294355364]]}, "pickable_objects": [2, 3, 4, 5, 6], "scene_graph": {"left": [[4, 2], [5, 4], [6, 5]], "right": [[2, 4], [4, 5], [5, 6]], "front": [[3, 2]], "behind": [[2, 3]], "on": [], "under": [], "leftbehind": [[4, 3], [5, 3]], "leftfront": [], "rightbehind": [], "rightfront": [[3, 4], [3, 5]]}}