{"objects": {"2": "cup-yellow_handle", "3": "can-beer_delta", "4": "black_marker", "5": "stapler_2", "6": "glue_1"}, "semantic_label": {"2": "cup_0", "3": "can_drink_0", "4": "marker_0", "5": "stapler_0", "6": "glue_0"}, "obj_aabb": {"2": [[0.08957936269210248, 0.01578330189702727, 0.6209347738891713], [0.2024246100903222, 0.163682358720798, 0.7413217797189984]], "3": [[0.00047626145901160516, 0.044188202549950796, 0.6224634170667974], [0.0787426349057476, 0.12444502943736269, 0.756704778824875]], "4": [[0.047679915041048695, -0.060562866188372484, 0.6209952110449499], [0.19923237312377212, -0.03505497030346965, 0.6470528630287182]], "5": [[-0.06443467204228202, -0.14011248643691646, 0.6220461505553554], [0.058206141270117605, -0.054082260543733496, 0.6510660813845988]], "6": [[0.16129141454370177, -0.23284247851034987, 0.6161968002875695], [0.20250444734737627, -0.1427500328852527, 0.7647716429857312]]}, "sizes": {"2": "medium", "3": "medium", "4": "medium", "5": "medium", "6": "medium"}, "distances": {"(2, 3)": 0.018611849275980925, "(2, 4)": 0.06588330817395968, "(2, 5)": 0.15520191295409308, "(2, 6)": 0.18119647486402485, "(3, 2)": 0.018611849275980925, "(3, 4)": 0.08741974742539374, "(3, 5)": 0.1276685342410949, "(3, 6)": 0.2406729883557088, "(4, 2)": 0.06588330817395968, "(4, 3)": 0.08741974742539374, "(4, 5)": 0.04505753301394297, "(4, 6)": 0.10348913492855395, "(5, 2)": 0.15520191295409308, "(5, 3)": 0.1276685342410949, "(5, 4)": 0.04505753301394297, "(5, 6)": 0.12483719153490172, "(6, 2)": 0.18119647486402485, "(6, 3)": 0.2406729883557088, "(6, 4)": 0.10348913492855395, "(6, 5)": 0.12483719153490172}, "state": {"2": [[0.14594101976422116, 0.0898098583548102, 0.6813123742270722], [0.49318278753060135, -0.4933505096489712, -0.506548258620737, 0.5067394541585897]], "3": [[0.03929733282283767, 0.08418821263538673, 0.6896141156740552], [0.710212809950926, 0.00027388209727114, -0.00027289348300413155, 0.7039869424210606]], "4": [[0.12344879610738017, -0.047895578705186556, 0.634073192183255], [0.043888391865733734, 0.0042001578309261356, 0.0012203314430415584, 0.9990268657672847]], "5": [[-0.0030943473299128747, -0.09706405594577393, 0.6366445538424569], [-0.0046703782965955756, -0.0016869035546903082, 0.9727925348765954, 0.23162475258773998]], "6": [[0.18203118739353005, -0.18786616872911482, 0.6904940324721535], [-0.005549573583985033, 0.05947244674762995, 0.998211587050366, 0.0024202870234533245]]}, "pickable_objects": [2, 3, 4, 5, 6], "scene_graph": {"left": [[2, 4], [3, 4], [3, 5], [4, 6]], "right": [[4, 2], [4, 3], [5, 3], [6, 4]], "front": [[3, 2], [5, 4], [5, 6]], "behind": [[2, 3], [4, 5], [6, 5]], "on": [], "under": [], "leftbehind": [[2, 5]], "leftfront": [], "rightbehind": [], "rightfront": [[5, 2]]}}