{"objects": {"2": "blue_cup", "3": "can-redbull", "4": "black_marker", "5": "stapler_1", "6": "glue_1"}, "semantic_label": {"2": "cup_0", "3": "can_drink_0", "4": "marker_0", "5": "stapler_0", "6": "glue_0"}, "obj_aabb": {"2": [[-0.01823880762179063, 0.1568964881722393, 0.6229853656044688], [0.15051496469587444, 0.3159660468947243, 0.7110234190691709]], "3": [[0.0037750002973401184, 0.030206069363296492, 0.6213828936576802], [0.0631333439424229, 0.09776945190430876, 0.7660594189378975]], "4": [[-0.04701756659771533, 0.08858489568990721, 0.6209074482280544], [0.10480627793793412, 0.1595814686716517, 0.6471454940156104]], "5": [[0.025221440022596207, -0.20839333574739102, 0.6226544736791354], [0.06687566497402511, -0.12566350070315016, 0.6816047191171467]], "6": [[0.16282130953945026, 0.02480026302504762, 0.6158526195440042], [0.22392378580183633, 0.12412799926391119, 0.765232063507449]]}, "sizes": {"2": "medium", "3": "medium", "4": "medium", "5": "medium", "6": "medium"}, "distances": {"(2, 3)": 0.08708558851527447, "(2, 4)": 0.034743326282984224, "(2, 5)": 0.3070021948755196, "(2, 6)": 0.12879494735749136, "(3, 2)": 0.08708558851527445, "(3, 4)": 0.022184330006263304, "(3, 5)": 0.1643766194886586, "(3, 6)": 0.11057655565701816, "(4, 2)": 0.034743326282984224, "(4, 3)": 0.022184330006263304, "(4, 5)": 0.23104171772698542, "(4, 6)": 0.09068831703251548, "(5, 2)": 0.3070021948755196, "(5, 3)": 0.1643766194886586, "(5, 4)": 0.23104171772698542, "(5, 6)": 0.21261049132567825, "(6, 2)": 0.12879494735749136, "(6, 3)": 0.11057655565701816, "(6, 4)": 0.09068831703251548, "(6, 5)": 0.21261049132567825}, "state": {"2": [[0.05393851264299204, 0.22859642625193557, 0.6628060281412883], [1.37788891310895e-05, -2.3323706521018495e-05, 0.2740520972855099, 0.9617148471556214]], "3": [[0.0335393944014755, 0.06404928679955392, 0.6936683363564176], [0.7190049950313278, -0.00014404441078266417, 0.0002263376315866118, 0.6950048526035517]], "4": [[0.02891420259725909, 0.12399810537976455, 0.6340749303187778], [0.04664566270225028, 0.011667687043017407, 0.15706693748882092, 0.9864167599843471]], "5": [[0.04625935846130175, -0.1670201096420347, 0.6520099516757332], [0.0015151562093953348, -0.0025493524159182633, 0.7057937229530307, 0.7084111982062545]], "6": [[0.1932630507533773, 0.07456723358285608, 0.6905533722864406], [0.06616009493872013, -0.002229139079113095, -0.1381444087013464, 0.9881973462427537]]}, "pickable_objects": [2, 3, 4, 5, 6], "scene_graph": {"left": [[2, 4], [4, 3], [3, 5]], "right": [[3, 4], [4, 2], [5, 3]], "front": [[3, 6], [4, 6]], "behind": [[6, 4], [6, 3]], "on": [], "under": [], "leftbehind": [[6, 5]], "leftfront": [[2, 6]], "rightbehind": [[6, 2]], "rightfront": [[5, 6]]}}