{"objects": {"2": "square_plate_2", "3": "cutlery-fork_2_new", "4": "cutlery-knife_2_new", "5": "plastic_lemon", "6": "green_bowl", "7": "glass-new_8"}, "semantic_label": {"2": "plate_0", "3": "fork_0", "4": "knife_0", "5": "fruit_0", "6": "bowl_0", "7": "glass_0"}, "obj_aabb": {"2": [[0.13681560991883573, -0.11808831692221053, 0.6213402956687413], [0.3222725926689069, 0.06767900407869867, 0.6575917124269741]], "3": [[0.14802600189640958, -0.24692812633348454, 0.6177752358495014], [0.33424893224493996, -0.21544618478347738, 0.6492283036917756]], "4": [[-0.16202503765936505, 0.2370401912848359, 0.622930101138287], [-0.09699386620007583, 0.451430055639638, 0.6338923179166976]], "5": [[0.18930651847499158, -0.057682162065213566, 0.6142653987862551], [0.27622692757231104, 0.034211072793742886, 0.7132336353343086]], "6": [[-0.2830709376156789, -0.13378655650837445, 0.6221143007405927], [-0.09216603440695462, 0.057138703733348464, 0.683579961565149]], "7": [[0.19216032903173497, 0.28080965349421816, 0.6219702806413961], [0.26118128793413176, 0.34805425472767315, 0.8329636918608491]]}, "sizes": {"2": "medium", "3": "medium", "4": "medium", "5": "medium", "6": "small", "7": "medium"}, "distances": {"(2, 3)": 0.1042776800870077, "(2, 4)": 0.3141335820476289, "(2, 5)": -1.2518219212405597e-05, "(2, 6)": 0.26188272390893513, "(2, 7)": 0.2242920045056494, "(3, 2)": 0.1042776800870077, "(3, 4)": 0.5287295675684484, "(3, 5)": 0.17981013412344196, "(3, 6)": 0.32067116140844404, "(3, 7)": 0.5074469600338091, "(4, 2)": 0.3141335820476289, "(4, 3)": 0.5287295675684484, "(4, 5)": 0.39146732710101106, "(4, 6)": 0.23143183319787786, "(4, 7)": 0.30481636032582626, "(5, 2)": -1.2518219212405597e-05, "(5, 3)": 0.17981013412344196, "(5, 4)": 0.39146732710101106, "(5, 6)": 0.32142615124988194, "(5, 7)": 0.2700313766355536, "(6, 2)": 0.26188272390893513, "(6, 3)": 0.32067116140844404, "(6, 4)": 0.23143183319787786, "(6, 5)": 0.32142615124988194, "(6, 7)": 0.45212335978572504, "(7, 2)": 0.2242920045056494, "(7, 3)": 0.5074469600338091, "(7, 4)": 0.30481636032582626, "(7, 5)": 0.2700313766355536, "(7, 6)": 0.45212335978572504}, "state": {"2": [[0.22948765278223707, -0.02520635319508346, 0.6394186799036087], [-0.004073229698138029, -0.0033163986782164022, -0.707073485088068, 0.7071205675024925]], "3": [[0.24142969152503405, -0.2311910355147726, 0.6334565207924203], [0.013096081459656777, 0.7062436888670367, 0.7077156392146249, -0.013671817615709767]], "4": [[-0.12931373582926411, 0.3440665029945874, 0.6283579582883475], [0.5447014436696238, -0.4518567751570601, -0.4508934158240259, 0.543894217266034]], "5": [[0.23822938131687801, -0.021993102607325954, 0.6259552635578185], [0.21025693185290475, 0.07853602488045293, -0.02236418561957131, 0.9742299310765161]], "6": [[-0.18756608192935523, -0.038255626458429386, 0.6527293449288553], [0.004404929297659812, -0.0005331681910225992, 0.8989151678242049, 0.4381002549475913]], "7": [[0.22653212791704916, 0.3144426673579325, 0.7276127338727255], [0.7097075445203292, 0.0058406177112696345, -0.005877419612560837, 0.704447687464707]]}, "pickable_objects": [3, 4, 5, 6, 7], "scene_graph": {"left": [[2, 3], [4, 6], [5, 3], [7, 2], [7, 5]], "right": [[3, 2], [3, 5], [6, 4], [2, 7], [5, 7]], "front": [[6, 2]], "behind": [[2, 6]], "on": [[2, 5]], "under": [[5, 2]], "leftbehind": [], "leftfront": [], "rightbehind": [], "rightfront": []}}