{"objects": {"2": "soap_dish", "3": "soap", "4": "bottle-avene_skincare", "5": "tube-signal_pokemon"}, "semantic_label": {"2": "soap_dish_0", "3": "soap_0", "4": "shampoo_0", "5": "cleanser_0"}, "obj_aabb": {"2": [[-0.0003393821804623248, -0.19210005546225525, 0.6229771279375463], [0.15961490885396074, -0.032140632010134756, 0.6719636488958444]], "3": [[-0.10412776435527657, 0.09998319404612224, 0.619839225037908], [-0.01773559825484159, 0.2236633776557342, 0.6745988137710578]], "4": [[-0.15154802963628322, 0.32961518767998493, 0.6224216197655053], [-0.059297322218501924, 0.42102492860924884, 0.8538841796263699]], "5": [[-0.06287241400351504, -0.0023456361884308177, 0.6227901774275812], [-0.01796236870815424, 0.06140014393349661, 0.7899764817369848]]}, "sizes": {"2": "medium", "3": "medium", "4": "medium", "5": "medium"}, "distances": {"(2, 3)": 0.1759020499288264, "(2, 4)": 0.407497432194779, "(2, 5)": 0.08912103704940277, "(3, 2)": 0.1759020499288264, "(3, 4)": 0.12931677867847316, "(3, 5)": 0.05906323605149188, "(4, 2)": 0.407497432194779, "(4, 3)": 0.12931677867847316, "(4, 5)": 0.2889262381137716, "(5, 2)": 0.08912103704940277, "(5, 3)": 0.05906323605149188, "(5, 4)": 0.28892623811377155}, "state": {"2": [[0.07986820656687328, -0.11211321669958013, 0.6473356277840774], [-2.1141982284877545e-05, 5.265578593083303e-05, 0.7070983472494741, 0.7071152127464427]], "3": [[-0.060698261228378785, 0.16177853135616185, 0.6475211806805247], [-0.007719050934760408, -0.024386783640103788, -0.7724495555285803, 0.6345607813283577]], "4": [[-0.10554489184644736, 0.3753069594889148, 0.7386191013041921], [0.6994634074263855, 0.0878608160491581, 0.09353363829088342, 0.7030525422631773]], "5": [[-0.040452152818897504, 0.029468235476758444, 0.7062722640832939], [0.705490541038262, 0.02966649571984842, 0.031914941705408525, 0.7073785634532509]]}, "pickable_objects": [2, 3, 4, 5], "scene_graph": {"left": [[3, 5], [4, 3]], "right": [[3, 4], [5, 3]], "front": [], "behind": [], "on": [], "under": [], "leftbehind": [], "leftfront": [[3, 2], [5, 2]], "rightbehind": [[2, 5], [2, 3]], "rightfront": []}}