{"objects": {"2": "cup-red_heart", "3": "can-beer_delta", "4": "black_marker", "5": "stapler_1", "6": "glue_1"}, "semantic_label": {"2": "cup_0", "3": "can_drink_0", "4": "marker_0", "5": "stapler_0", "6": "glue_0"}, "obj_aabb": {"2": [[0.12094780772699049, 0.12943910539978726, 0.6226830941458422], [0.22990613282271605, 0.2729094996705421, 0.7190052948069533]], "3": [[0.015081753374366416, 0.12465305544895568, 0.6224585278987811], [0.10633077907509489, 0.21770419849998035, 0.7567042498449941]], "4": [[0.2215161231426766, -0.37969003274788704, 0.6209507268873086], [0.3169796996720217, -0.23506739798018741, 0.6471044104587377]], "5": [[0.17379888234178806, -0.4310544805112417, 0.6217726464108772], [0.2428064248744072, -0.33814149342462024, 0.6821221435000092]], "6": [[0.19161305782106985, -0.12896163807079322, 0.6162075097269656], [0.23288707009787096, -0.03891679028178563, 0.7647651646986758]]}, "sizes": {"2": "medium", "3": "medium", "4": "medium", "5": "medium", "6": "medium"}, "distances": {"(2, 3)": 0.02578322330810877, "(2, 4)": 0.3797615954736264, "(2, 5)": 0.4770279607936562, "(2, 6)": 0.18989072459771217, "(3, 2)": 0.02578322330810877, "(3, 4)": 0.4112715399994586, "(3, 5)": 0.4972189165327461, "(3, 6)": 0.23059031186493228, "(4, 2)": 0.3797615954736264, "(4, 3)": 0.4112715399994586, "(4, 5)": 0.0589986338418591, "(4, 6)": 0.11956704432510437, "(5, 2)": 0.4770279607936562, "(5, 3)": 0.4972189165327461, "(5, 4)": 0.0589986338418591, "(5, 6)": 0.21881324880828648, "(6, 2)": 0.18989072459771217, "(6, 3)": 0.23059031186493228, "(6, 4)": 0.11956704432510437, "(6, 5)": 0.21881324880828648}, "state": {"2": [[0.17541443452845706, 0.20128273327418672, 0.6709070912823895], [0.499817841459256, -0.4989695066820476, -0.5010348935570391, 0.5001755613769734]], "3": [[0.06037613433403833, 0.17110848391184252, 0.6896113449997726], [0.707391917610917, -0.06394393734086204, -0.06382756386426168, 0.7010234588565857]], "4": [[0.269327513288559, -0.30734313423719084, 0.6340763311614441], [0.0198280773106683, 0.041884579678287626, 0.8609633846616109, 0.5065516554186336]], "5": [[0.2084946758464677, -0.3845097790054521, 0.6518283577280111], [0.008047213290974985, -0.007613746917943665, 0.8274451230137669, 0.561437299809027]], "6": [[0.21238329178419652, -0.08400918138893398, 0.690496150532616], [-0.0056732322270743995, 0.05923315394966162, 0.9982246289672723, 0.002614963178521325]]}, "pickable_objects": [2, 3, 4, 5, 6], "scene_graph": {"left": [[2, 6], [6, 4], [6, 5]], "right": [[4, 6], [5, 6], [6, 2]], "front": [[3, 2]], "behind": [[2, 3]], "on": [], "under": [], "leftbehind": [[4, 5]], "leftfront": [[3, 6]], "rightbehind": [[6, 3]], "rightfront": [[5, 4]]}}