{"objects": {"2": "cup-plastic_green_flowers", "3": "can-monster_blue", "4": "black_marker", "5": "glue_1", "6": "stapler_1"}, "semantic_label": {"2": "cup_0", "3": "can_drink_0", "4": "marker_0", "5": "glue_0", "6": "stapler_0"}, "obj_aabb": {"2": [[-0.07784387322880909, -0.24283415820008233, 0.6138519158775245], [0.07127342792991676, -0.06849014991236693, 0.7335769276075138]], "3": [[-0.28592288228278073, -0.057017605887419893, 0.6227612932500832], [-0.20064606545409625, 0.028376544573387723, 0.7980923477887234]], "4": [[0.05609015635037208, -0.05224226063868653, 0.6209947215025394], [0.2076630011076403, -0.02659981798054314, 0.6470559842316549]], "5": [[0.11604653781160483, 0.03928936957451151, 0.6160881319543688], [0.15759598056690519, 0.12986718686003187, 0.7649518439015702]], "6": [[0.13337184949089523, 0.1631308210902958, 0.6218063200005056], [0.17486439331016382, 0.24659758845915475, 0.6820985111208119]]}, "sizes": {"2": "medium", "3": "medium", "4": "medium", "5": "medium", "6": "medium"}, "distances": {"(2, 3)": 0.1935207464902034, "(2, 4)": 0.0645929836509608, "(2, 5)": 0.174091263063766, "(2, 6)": 0.2847061036036594, "(3, 2)": 0.1935207464902034, "(3, 4)": 0.26829671425523194, "(3, 5)": 0.33708176329663764, "(3, 6)": 0.38745758155454246, "(4, 2)": 0.0645929836509608, "(4, 3)": 0.26829671425523194, "(4, 5)": 0.07476344301169494, "(4, 6)": 0.19660421666575947, "(5, 2)": 0.174091263063766, "(5, 3)": 0.33708176329663764, "(5, 4)": 0.07476344301169494, "(5, 6)": 0.05272406941666846, "(6, 2)": 0.2847061036036594, "(6, 3)": 0.38745758155454246, "(6, 4)": 0.19660421666575947, "(6, 5)": 0.05272406941666846}, "state": {"2": [[-0.003423956816904041, -0.1559087744235375, 0.6734866832964204], [0.5691476689656243, 0.42405324409535355, 0.37282783701144084, 0.5977032549957989]], "3": [[-0.2433212491259243, -0.014418048424917689, 0.7103997739121735], [0.44726693460881295, 0.5474936522996513, 0.5494379116427167, 0.44533242768398806]], "4": [[0.13186930296913352, -0.03950772161307417, 0.6340744802315905], [0.044045895013801024, 0.004208733733506513, 0.0016431589892588103, 0.9990192919665414]], "5": [[0.13695447851400466, 0.0845083736302413, 0.6905303477347853], [-0.006643472204512699, 0.06130100704528815, 0.9980938745134634, 0.002582338282274833]], "6": [[0.15432916428812152, 0.2048750852662188, 0.6518333963996394], [0.006153310812500571, -0.008763865182366708, 0.7069981013997485, 0.7071343691620858]]}, "pickable_objects": [2, 3, 4, 5, 6], "scene_graph": {"left": [[4, 2], [5, 4], [6, 5]], "right": [[2, 4], [4, 5], [5, 6]], "front": [[3, 4]], "behind": [[4, 3]], "on": [], "under": [], "leftbehind": [[5, 2], [6, 2]], "leftfront": [[3, 2]], "rightbehind": [[2, 3]], "rightfront": [[2, 5], [2, 6]]}}