{"objects": {"2": "cup-yellow_handle", "3": "can-beer_delta", "4": "black_marker", "5": "stapler_2", "6": "glue_1"}, "semantic_label": {"2": "cup_0", "3": "can_drink_0", "4": "marker_0", "5": "stapler_0", "6": "glue_0"}, "obj_aabb": {"2": [[0.08957936597605604, 0.015783304505815415, 0.6209347701233103], [0.20242458397277463, 0.16368236481438875, 0.7413217662046248]], "3": [[0.15053593199689536, 0.232359719916088, 0.6224605661314974], [0.2609574950127177, 0.34310892807285026, 0.7567063486841198]], "4": [[0.04767562021000858, -0.06060841554960037, 0.6209947528016593], [0.19923734797829545, -0.03503880010070449, 0.6470545854664698]], "5": [[-0.06443476882121188, -0.14011247598818946, 0.6220460820076444], [0.05820615106544092, -0.054082194134515434, 0.6510666005121505]], "6": [[0.16127975186934426, -0.2328466060647121, 0.6162012715037184], [0.20250811335219468, -0.1427734474162445, 0.7647676102322378]]}, "sizes": {"2": "medium", "3": "medium", "4": "medium", "5": "medium", "6": "medium"}, "distances": {"(2, 3)": 0.09895632184965328, "(2, 4)": 0.06588861651581335, "(2, 5)": 0.1552018780217533, "(2, 6)": 0.18120696514450074, "(3, 2)": 0.09895632184965328, "(3, 4)": 0.2897045439101279, "(3, 5)": 0.38439413407407447, "(3, 6)": 0.41054368753434267, "(4, 2)": 0.06588861651581335, "(4, 3)": 0.2897045439101279, "(4, 5)": 0.04502084465418976, "(4, 6)": 0.1034974885499472, "(5, 2)": 0.1552018780217533, "(5, 3)": 0.3843941340740744, "(5, 4)": 0.04502084465418976, "(5, 6)": 0.12483970585633675, "(6, 2)": 0.18120696514450074, "(6, 3)": 0.41054368753434267, "(6, 4)": 0.1034974885499472, "(6, 5)": 0.12483970585633675}, "state": {"2": [[0.14594100831471374, 0.08980986272282686, 0.6813123655690817], [0.4931828067459278, -0.4933505902494773, -0.5065482029864554, 0.5067394125997047]], "3": [[0.20592487720959654, 0.2880209612040662, 0.6896134788743677], [-0.21840790569069532, 0.6758077677820454, 0.6700348815179111, -0.21595162719121197]], "4": [[0.12344916891098436, -0.04791027955740229, 0.6340738092936169], [0.04397357643503564, 0.004203944866149984, 0.0014124579220526727, 0.9990228507825498]], "5": [[-0.003094391206873687, -0.09706401746706769, 0.6366447792003856], [-0.004672744579412795, -0.001687075026766597, 0.9727924238239909, 0.23162517001956953]], "6": [[0.18202717980164093, -0.18787995819461234, 0.6904942461328634], [-0.005573704572098167, 0.05937948742335175, 0.9982168286304333, 0.002484618619250765]]}, "pickable_objects": [2, 3, 4, 5, 6], "scene_graph": {"left": [[2, 4], [3, 2], [4, 6]], "right": [[2, 3], [4, 2], [6, 4]], "front": [[5, 4], [5, 6]], "behind": [[4, 5], [6, 5]], "on": [], "under": [], "leftbehind": [[2, 5]], "leftfront": [], "rightbehind": [], "rightfront": [[5, 2]]}}