{"objects": {"2": "cup-yellow_handle", "3": "can-beer_delta", "4": "black_marker", "5": "stapler_2", "6": "glue_1"}, "semantic_label": {"2": "cup_0", "3": "can_drink_0", "4": "marker_0", "5": "stapler_0", "6": "glue_0"}, "obj_aabb": {"2": [[0.08957936269210248, 0.01578330189702727, 0.6209347738068719], [0.2024246100903222, 0.163682358720798, 0.741321779636699]], "3": [[0.0004762033643285202, 0.04418756326554315, 0.6224634061711863], [0.07874316046893969, 0.12444526599978128, 0.756704768443995]], "4": [[0.047682708977331775, -0.06052894003238746, 0.6209820971463061], [0.19923094659050322, -0.035066055249867126, 0.6470496020922109]], "5": [[0.03524952809131465, -0.23042446028296615, 0.6218972697406158], [0.07230866757238567, -0.11138241930332904, 0.6511514968327217]], "6": [[0.16130306883263773, -0.23283833760288508, 0.6161889812492183], [0.2025007728695532, -0.14272655704743964, 0.7647723536055637]]}, "sizes": {"2": "medium", "3": "medium", "4": "medium", "5": "medium", "6": "medium"}, "distances": {"(2, 3)": 0.01861163517079612, "(2, 4)": 0.06588113630281961, "(2, 5)": 0.15639681981286546, "(2, 6)": 0.1811861894919293, "(3, 2)": 0.01861163517079612, "(3, 4)": 0.08739319413752465, "(3, 5)": 0.1609094283416668, "(3, 6)": 0.24066990873140798, "(4, 2)": 0.06588113630281961, "(4, 3)": 0.08739319413752465, "(4, 5)": 0.056071209305201805, "(4, 6)": 0.10348446612957059, "(5, 2)": 0.15639681981286546, "(5, 3)": 0.1609094283416668, "(5, 4)": 0.05607120930520179, "(5, 6)": 0.09527046367860646, "(6, 2)": 0.1811861894919293, "(6, 3)": 0.24066990873140798, "(6, 4)": 0.10348446612957056, "(6, 5)": 0.09527046367860646}, "state": {"2": [[0.14594101976422116, 0.0898098583548102, 0.6813123741447729], [0.49318278753060135, -0.4933505096489712, -0.506548258620737, 0.5067394541585897]], "3": [[0.03929756799764763, 0.08418800777315416, 0.6896141050371953], [0.7102128089409365, 0.000277867340236225, -0.000268946743800503, 0.7039869433971168]], "4": [[0.12344946294995951, -0.04788414160354156, 0.6340650313166136], [0.0437404244153823, 0.004247629007659033, 0.0010901954614007782, 0.9990333049471531]], "5": [[0.053740842864775706, -0.17090059828257695, 0.6366130203462829], [-0.0006548119071294362, 0.00682550344240942, -0.708126373093723, 0.7060524225956976]], "6": [[0.18203518657689993, -0.18785234188117217, 0.6904904838798004], [-0.005525510874537154, 0.05956565316378273, 0.9982063173303647, 0.002355787447635172]]}, "pickable_objects": [2, 3, 4, 5, 6], "scene_graph": {"left": [[2, 4], [3, 4], [4, 5], [4, 6]], "right": [[4, 2], [4, 3], [5, 4], [6, 4]], "front": [[3, 2], [5, 6]], "behind": [[2, 3], [6, 5]], "on": [], "under": [], "leftbehind": [[2, 5]], "leftfront": [], "rightbehind": [], "rightfront": [[5, 2]]}}