{"objects": {"2": "cup-stanford", "3": "can-monster_blue", "4": "black_marker", "5": "stapler_2", "6": "glue_2"}, "semantic_label": {"2": "cup_0", "3": "can_drink_0", "4": "marker_0", "5": "stapler_0", "6": "glue_0"}, "obj_aabb": {"2": [[-0.10323070996818534, 0.2816201870193882, 0.6220894955747366], [0.06268104215808565, 0.42822042927722326, 0.734350120572654]], "3": [[0.003262392791697044, 0.04801114573440405, 0.6227596176217021], [0.07548748626204523, 0.12025710146450727, 0.7980936961612239]], "4": [[0.04767045586000347, -0.06066220769218554, 0.6209947223976451], [0.1992433574655491, -0.03501939338641753, 0.6470559904985838]], "5": [[0.03524982385527494, -0.2304199197864733, 0.6219237924956814], [0.07230883044697478, -0.11138270066518752, 0.6511567020741523]], "6": [[0.14654630737232632, -0.22569648300465783, 0.619642280959742], [0.21308157424817886, -0.15633682097628449, 0.7925157021531343]]}, "sizes": {"2": "medium", "3": "medium", "4": "medium", "5": "medium", "6": "medium"}, "distances": {"(2, 3)": 0.2034924789089377, "(2, 4)": 0.3625011146520523, "(2, 5)": 0.4350287845719282, "(2, 6)": 0.5071897706624324, "(3, 2)": 0.2034924789089377, "(3, 4)": 0.0905289656459248, "(3, 5)": 0.16362302128717773, "(3, 6)": 0.24247483788312957, "(4, 2)": 0.3625011146520523, "(4, 3)": 0.0905289656459248, "(4, 5)": 0.055957587700917424, "(4, 6)": 0.10502227279340301, "(5, 2)": 0.4350287845719282, "(5, 3)": 0.16362302128717773, "(5, 4)": 0.05595758770091744, "(5, 6)": 0.0871213234413803, "(6, 2)": 0.5071897706624324, "(6, 3)": 0.24247483788312957, "(6, 4)": 0.10502227279340301, "(6, 5)": 0.0871213234413803}, "state": {"2": [[-0.020352585943314135, 0.3545761844953681, 0.6782444092245323], [0.6876463248152759, 0.16954944825550772, 0.16332915689780247, 0.6868181004249597]], "3": [[0.03928693312229268, 0.08418995195812409, 0.7103996065549796], [0.7069616182574066, -0.001374807100593329, 0.001382453478681465, 0.7072492269622389]], "4": [[0.12344963110484984, -0.04792748289326987, 0.6340744837533955], [0.04404622884115736, 0.004208756961135555, 0.0016443413809814904, 0.9990192752050069]], "5": [[0.05374107233622636, -0.17089845278974108, 0.6366288838982396], [-0.0007191072884012591, 0.006762274949068528, -0.7081264386465527, 0.7060529027006199]], "6": [[0.1796402027492552, -0.19084380867633835, 0.7034214522316037], [-0.021015399763974252, 0.03486336257995309, -0.7076669751194974, 0.7053724911333017]]}, "pickable_objects": [2, 3, 4, 5, 6], "scene_graph": {"left": [[2, 3], [3, 4], [4, 5], [4, 6]], "right": [[3, 2], [4, 3], [5, 4], [6, 4]], "front": [[5, 6]], "behind": [[6, 5]], "on": [], "under": [], "leftbehind": [], "leftfront": [[3, 6]], "rightbehind": [[6, 3]], "rightfront": []}}