{"objects": {"2": "bottle-avene_skincare", "3": "tube-signal", "4": "soap_dish", "5": "soap"}, "semantic_label": {"2": "shampoo_0", "3": "cleanser_0", "4": "soap_dish_0", "5": "soap_0"}, "obj_aabb": {"2": [[-0.2931833309629653, -0.3803107849398384, 0.6223265607983317], [-0.2034314629124177, -0.2897753133652654, 0.8540116281741437]], "3": [[0.2503633944852024, -0.10111851907829564, 0.6229296369719609], [0.3034487461022608, -0.04204990068493276, 0.7746148047500504]], "4": [[-0.06336835276656463, -0.11393446599221249, 0.6229796889059889], [0.09661730148224223, 0.04605967941085363, 0.6719630202412339]], "5": [[-0.30528237996567986, -0.07521537682283252, 0.6198678911871194], [-0.18640257017251213, 0.005424469325914505, 0.6740124569668589]]}, "sizes": {"2": "medium", "3": "medium", "4": "medium", "5": "medium"}, "distances": {"(2, 3)": 0.5381987247644838, "(2, 4)": 0.28737534489978994, "(2, 5)": 0.23204760689030599, "(3, 2)": 0.5381987247644838, "(3, 4)": 0.1691056905021363, "(3, 5)": 0.45374401420529115, "(4, 2)": 0.28737534489978994, "(4, 3)": 0.1691056905021363, "(4, 5)": 0.1300198132349795, "(5, 2)": 0.23204760689030599, "(5, 3)": 0.45374401420529115, "(5, 4)": 0.1300198132349795}, "state": {"2": [[-0.2481922291714784, -0.3350882468064345, 0.7386350835450144], [0.0798885690708345, 0.6998552985201654, 0.7059048569705619, 0.07428802440794446]], "3": [[0.27676753709045887, -0.0713556184131155, 0.698930513423869], [-0.18149949079973599, 0.682929546762912, 0.683948964923314, -0.18132562526561857]], "4": [[0.01685492512162632, -0.03393031784976825, 0.6473366041054482], [-4.559989762037129e-05, 4.540221111084516e-05, 0.7070242139049506, 0.7071893359004894]], "5": [[-0.2458190909974315, -0.03512425821274078, 0.647248217963563], [0.009695327746376374, 0.027233041663352917, 0.9977325628107302, -0.060779068508694994]]}, "pickable_objects": [2, 3, 4, 5], "scene_graph": {"left": [[5, 2]], "right": [[2, 5]], "front": [[4, 3], [5, 4]], "behind": [[3, 4], [4, 5]], "on": [], "under": [], "leftbehind": [[4, 2]], "leftfront": [], "rightbehind": [], "rightfront": [[2, 4]]}}