{"objects": {"2": "round_plate_3", "3": "cutlery-fork_1", "4": "cutlery-knife_1", "5": "plastic_plum", "6": "doraemon_bowl", "7": "glass-new_4"}, "semantic_label": {"2": "plate_0", "3": "fork_0", "4": "knife_0", "5": "fruit_0", "6": "bowl_0", "7": "glass_0"}, "obj_aabb": {"2": [[-0.3926362540779844, -0.30398199936505427, 0.619991622792245], [-0.17401323025854976, -0.08554803174212167, 0.6586021641728889]], "3": [[-0.31947182433623245, 0.06130079197351507, 0.6092088815184212], [-0.13902810343951466, 0.2172977131234496, 0.6630103884365771]], "4": [[0.08740039747593857, 0.02114051868024143, 0.6212581002539532], [0.30083191834874856, 0.05332600112275093, 0.6366432614606052]], "5": [[-0.22552380539779562, 0.22394498290380388, 0.6032278843486346], [-0.12189825313694655, 0.34321501075701594, 0.7183992326812981]], "6": [[-0.3127520473303267, -0.4818872847473163, 0.6212770145925735], [-0.11988095343781488, -0.26421349557616675, 0.6866501148253139]], "7": [[0.25044910604517306, 0.2941833761740565, 0.6209006310725679], [0.34525083202408063, 0.38471488846665897, 0.7899924332116283]]}, "sizes": {"2": "medium", "3": "medium", "4": "medium", "5": "medium", "6": "small", "7": "medium"}, "distances": {"(2, 3)": 0.17395408841332471, "(2, 4)": 0.3401350069228926, "(2, 5)": 0.35950005226266984, "(2, 6)": 0.018804819737806927, "(2, 7)": 0.6578657635594723, "(3, 2)": 0.17395408841332471, "(3, 4)": 0.28468455081158617, "(3, 5)": 0.03786079054667471, "(3, 6)": 0.3694900945684848, "(3, 7)": 0.4322309696328758, "(4, 2)": 0.3401350069228926, "(4, 3)": 0.28468455081158617, "(4, 5)": 0.325861372125495, "(4, 6)": 0.4186488963244184, "(4, 7)": 0.25336250807216354, "(5, 2)": 0.35950005226266984, "(5, 3)": 0.03786079054667471, "(5, 4)": 0.325861372125495, "(5, 6)": 0.5340295591613196, "(5, 7)": 0.4011468169366997, "(6, 2)": 0.018804819737806927, "(6, 3)": 0.3694900945684848, "(6, 4)": 0.4186488963244184, "(6, 5)": 0.5340295591613196, "(6, 7)": 0.7505923148032118, "(7, 2)": 0.6578657635594723, "(7, 3)": 0.4322309696328758, "(7, 4)": 0.25336250807216354, "(7, 5)": 0.4011468169366997, "(7, 6)": 0.7505923148032118}, "state": {"2": [[-0.28327628828067114, -0.19502885966115957, 0.6394703617518332], [-0.004910264905896448, -0.0074010704050667345, 0.07509812503413812, 0.9971365929860212]], "3": [[-0.22927863077478142, 0.13936209435361144, 0.6359417259875538], [0.623602439366304, 0.1951877953139769, 0.278657503282883, 0.7038264829068414]], "4": [[0.19383302356381288, 0.037285385875813856, 0.6289973515750452], [-0.0026797498042101025, 0.6748526675844925, 0.7379299833060328, -0.0051025222233318235]], "5": [[-0.17366392210430978, 0.28140692104662984, 0.6206350091674364], [-0.15637483798156485, 0.3196029590845474, 0.9276874424593038, -0.11312324117508554]], "6": [[-0.21626051704198304, -0.37307197620346966, 0.6539564874632073], [0.005980869204575165, -0.0008099164291913334, -0.8222935139261404, 0.569031589803181]], "7": [[0.29802731208429745, 0.3398750784799591, 0.705315659273211], [0.49032809796847343, 0.48988127748187427, 0.5120295330601445, 0.5073661868803997]]}, "pickable_objects": [2, 3, 4, 5, 6, 7], "scene_graph": {"left": [[2, 6], [3, 2], [5, 3], [7, 4]], "right": [[2, 3], [3, 5], [4, 7], [6, 2]], "front": [[3, 4]], "behind": [[4, 3]], "on": [], "under": [], "leftbehind": [], "leftfront": [], "rightbehind": [], "rightfront": []}}