{"objects": {"2": "square_plate_1", "3": "cutlery-fork_2_new", "4": "cutlery-knife_1_new", "5": "plastic_lemon", "6": "doraemon_bowl", "7": "glass-new_13"}, "semantic_label": {"2": "plate_0", "3": "fork_0", "4": "knife_0", "5": "fruit_0", "6": "bowl_0", "7": "glass_0"}, "obj_aabb": {"2": [[0.04515148487843072, -0.14818544827280727, 0.6213742624262293], [0.22991591125922717, 0.03620279033044424, 0.6570340814618054]], "3": [[0.055361611106417574, -0.2655014382049156, 0.6174261859694083], [0.2415870044896643, -0.23349395959259003, 0.6497548599202554]], "4": [[0.05388310977718598, 0.12054322009045511, 0.6207414231366106], [0.26601834518792605, 0.14871037652074387, 0.6357335918601299]], "5": [[-0.237015735334049, -0.2836846749083216, 0.6036945010167297], [-0.12066125412403136, -0.16928667666580616, 0.7075459343814797]], "6": [[-0.1250354226715602, -0.15225730241613786, 0.621275158981392], [0.01290350972554001, 0.028783014931448768, 0.6866523003073327]], "7": [[-0.3000350830402114, -0.15713416540262776, 0.6205366346278599], [-0.19126300764777973, -0.06037427021125892, 0.8125462839274585]]}, "sizes": {"2": "medium", "3": "medium", "4": "medium", "5": "medium", "6": "small", "7": "medium"}, "distances": {"(2, 3)": 0.09139897632686535, "(2, 4)": 0.09187090775023697, "(2, 5)": 0.2166824875627973, "(2, 6)": 0.041228485354038634, "(2, 7)": 0.27571303528320945, "(3, 2)": 0.09139897632686535, "(3, 4)": 0.35919402094462705, "(3, 5)": 0.20595524671208484, "(3, 6)": 0.13028865139513815, "(3, 7)": 0.31387092996998706, "(4, 2)": 0.09187090775023697, "(4, 3)": 0.35919402094462705, "(4, 5)": 0.3873761683661283, "(4, 6)": 0.1466910897278401, "(4, 7)": 0.3572021548223248, "(5, 2)": 0.2166824875627973, "(5, 3)": 0.20595524671208484, "(5, 4)": 0.3873761683661283, "(5, 6)": 0.08892550224777078, "(5, 7)": 0.0858315941569521, "(6, 2)": 0.041228485354038634, "(6, 3)": 0.13028865139513815, "(6, 4)": 0.1466910897278401, "(6, 5)": 0.08892550224777078, "(6, 7)": 0.10666541872083815, "(7, 2)": 0.27571303528320945, "(7, 3)": 0.31387092996998706, "(7, 4)": 0.3572021548223248, "(7, 5)": 0.0858315941569521, "(7, 6)": 0.10666541872083815}, "state": {"2": [[0.13752374525220812, -0.05613172594648402, 0.6390686735134579], [0.004059626091174574, 0.004042590988629626, 0.7070955626959222, 0.7070947900457447]], "3": [[0.14876650168257283, -0.24950295994053587, 0.6335452160899673], [0.013621171061096051, 0.7162967414416118, 0.6975301045290265, -0.013608643384940791]], "4": [[0.16001911317085044, 0.13451968474696954, 0.6282492730564175], [0.005434224977560632, 0.6842444179791403, 0.7292108918031308, -0.00561435116139343]], "5": [[-0.17136369333094764, -0.23050495743221427, 0.6170010974593375], [0.20067812425630596, 0.1706201994451464, 0.2713856054456773, 0.9257250623933395]], "6": [[-0.0561259553733362, -0.06173666952100069, 0.6539566524789843], [-0.00028124780587457653, 0.00603729341879954, 0.7070909228361704, 0.7070968100836971]], "7": [[-0.24577738500814028, -0.10904487351310811, 0.7163010157841786], [0.43569417768958013, 0.597785863336919, 0.5852910823579354, 0.33204968609262625]]}, "pickable_objects": [2, 3, 4, 5, 6, 7], "scene_graph": {"left": [[2, 3], [4, 2], [6, 5], [7, 5]], "right": [[2, 4], [3, 2], [5, 7], [5, 6]], "front": [[5, 3], [6, 2], [7, 6]], "behind": [[2, 6], [3, 5], [6, 7]], "on": [], "under": [], "leftbehind": [[4, 6]], "leftfront": [[6, 3]], "rightbehind": [[3, 6]], "rightfront": [[6, 4]]}}