{"objects": {"2": "square_plate_2", "3": "cutlery-fork_2_new", "4": "cutlery-knife_2_new", "5": "plastic_lemon", "6": "green_bowl", "7": "glass-new_8"}, "semantic_label": {"2": "plate_0", "3": "fork_0", "4": "knife_0", "5": "fruit_0", "6": "bowl_0", "7": "glass_0"}, "obj_aabb": {"2": [[0.13681419357916183, -0.11808849781393019, 0.6213276966506895], [0.3222810508249808, 0.06767831667790666, 0.6576032966308101]], "3": [[0.1480255552608548, -0.24692752592657943, 0.6177785396084542], [0.3342494780918464, -0.21544688432968015, 0.6492253501325241]], "4": [[0.14692767059168257, 0.16445531986903414, 0.6229899996435356], [0.36018947880832597, 0.19045401464550352, 0.63383853646108]], "5": [[0.1893337232977167, -0.057788508923575836, 0.6143082798288575], [0.2762045969054836, 0.0340576311524089, 0.7131881459317182]], "6": [[-0.04462815204378062, -0.09904325897872947, 0.6221242217942247], [0.09211414517555297, 0.03636491899116846, 0.6835716017578775]], "7": [[0.1921614882958599, 0.2807897377449199, 0.621969791675323], [0.2611678108923573, 0.34805313290079953, 0.8329645897738353]]}, "sizes": {"2": "medium", "3": "medium", "4": "medium", "5": "medium", "6": "small", "7": "medium"}, "distances": {"(2, 3)": 0.10427910472445051, "(2, 4)": 0.1024671822773891, "(2, 5)": -1.3900622071783691e-05, "(2, 6)": 0.05374585679157718, "(2, 7)": 0.22429296063858065, "(3, 2)": 0.10427910472445051, "(3, 4)": 0.38409183391860213, "(3, 5)": 0.17968010962355005, "(3, 6)": 0.16559711309181813, "(3, 7)": 0.5074484570242406, "(4, 2)": 0.1024671822773891, "(4, 3)": 0.38409183391860213, "(4, 5)": 0.15140760446909213, "(4, 6)": 0.1768334517058122, "(4, 7)": 0.10112941697961268, "(5, 2)": -1.3900622071783691e-05, "(5, 3)": 0.17968010962355005, "(5, 4)": 0.15140760446909207, "(5, 6)": 0.109744470551614, "(5, 7)": 0.2701552580715844, "(6, 2)": 0.05374585679157718, "(6, 3)": 0.16559711309181813, "(6, 4)": 0.17683345170581222, "(6, 5)": 0.109744470551614, "(6, 7)": 0.3092556160356248, "(7, 2)": 0.22429296063858065, "(7, 3)": 0.5074484570242406, "(7, 4)": 0.10112941697961268, "(7, 5)": 0.2701552580715844, "(7, 6)": 0.3092556160356248}, "state": {"2": [[0.22949116355339677, -0.02520678401799704, 0.6394181844715823], [-0.004119287154503823, -0.003210720265604667, -0.7070690095572468, 0.7071252636361175]], "3": [[0.24142974111267193, -0.2311910861781192, 0.6334566958695735], [0.013087975197593787, 0.7063214125786574, 0.7076380194645329, -0.013682121415584518]], "4": [[0.2533566676911178, 0.17729362621732567, 0.6283606705544634], [-2.9890740954658515e-13, 0.70710678098872, 0.707106781384375, 1.4960349062499847e-12]], "5": [[0.23825456458244496, -0.02217868349892386, 0.6259724130581199], [0.20951608674779956, 0.0782882129298201, -0.02223998974811838, 0.9744123090181831]], "6": [[0.02376449114176938, -0.03142252977778085, 0.6527301247126446], [0.0014407189968750336, -0.004135713386627612, -2.0015526431958483e-06, 0.9999904100537912]], "7": [[0.2265259586411726, 0.3144321360106774, 0.7276129293847616], [0.7097398157600093, 0.005813857008007678, -0.0058535128797343565, 0.704415594218786]]}, "pickable_objects": [3, 4, 5, 6, 7], "scene_graph": {"left": [[4, 2], [4, 5], [7, 4], [2, 3], [5, 3]], "right": [[3, 2], [3, 5], [4, 7], [2, 4], [5, 4]], "front": [[6, 2], [6, 5]], "behind": [[2, 6], [5, 6]], "on": [[2, 5]], "under": [[5, 2]], "leftbehind": [], "leftfront": [[6, 3]], "rightbehind": [[3, 6]], "rightfront": []}}