{"objects": {"2": "cup-red_heart", "3": "can-hoegaarden", "4": "black_marker", "5": "stapler_2", "6": "glue_2"}, "semantic_label": {"2": "cup_0", "3": "can_drink_0", "4": "marker_0", "5": "stapler_0", "6": "glue_0"}, "obj_aabb": {"2": [[0.14850371373515375, 0.13253450798785738, 0.6227072009284053], [0.2574316625376043, 0.27600190547250003, 0.718993206362628]], "3": [[0.05232668914042685, 0.15808719566786592, 0.621721634388652], [0.13170418299037218, 0.23922125453957113, 0.7570102482686496]], "4": [[0.10375542723149175, 0.048254986588672236, 0.62099521104196], [0.2553078853147389, 0.07376288248082563, 0.6470528630314022]], "5": [[0.15286666724975523, -0.27467472055800557, 0.6220423609574961], [0.21533457304900794, -0.1505597757900002, 0.6510576684975606]], "6": [[0.20496832626287498, -0.12286405985383814, 0.6196420376397471], [0.2715031437476366, -0.053502555217931264, 0.7925160678588954]]}, "sizes": {"2": "medium", "3": "medium", "4": "medium", "5": "medium", "6": "medium"}, "distances": {"(2, 3)": 0.022674467299435168, "(2, 4)": 0.07283916425152838, "(2, 5)": 0.29414696331811696, "(2, 6)": 0.19565986664303692, "(3, 2)": 0.022674467299435168, "(3, 4)": 0.09319567241456682, "(3, 5)": 0.32875643930995985, "(3, 6)": 0.25184830710208783, "(4, 2)": 0.07283916425152838, "(4, 3)": 0.09319567241456682, "(4, 5)": 0.2069126004706483, "(4, 6)": 0.11104324599950899, "(5, 2)": 0.29414696331811696, "(5, 3)": 0.32875643930995985, "(5, 4)": 0.2069126004706483, "(5, 6)": 0.047429628018456224, "(6, 2)": 0.19565986664303692, "(6, 3)": 0.25184830710208783, "(6, 4)": 0.11104324599950899, "(6, 5)": 0.047429628018456224}, "state": {"2": [[0.20295513232957454, 0.20437663874499215, 0.6709130942504231], [0.4998907368438565, -0.4990491062708201, -0.5009512051015932, 0.5001071193807012]], "3": [[0.09184894531553486, 0.19852791122218788, 0.6894245405573546], [0.7018370203149211, 0.0025461547308571696, -0.0025415908342936657, 0.7123284736184498]], "4": [[0.1795243082980868, 0.06092227407547239, 0.6340731921830827], [0.04388839197685947, 0.004200157834698208, 0.0012203314511436934, 0.9990268657623771]], "5": [[0.18413768301777703, -0.21262872095428023, 0.6366384611187733], [-0.004770053967593368, 0.001445463837353622, 0.6218411685161572, 0.7831275236881292]], "6": [[0.23806200412138456, -0.08801043391270087, 0.7034215149267272], [-0.021010419776421638, 0.034866444804781474, -0.7076667795530611, 0.7053726833415743]]}, "pickable_objects": [2, 3, 4, 5, 6], "scene_graph": {"left": [[2, 4], [3, 4], [4, 6], [6, 5]], "right": [[4, 2], [4, 3], [5, 6], [6, 4]], "front": [[3, 2]], "behind": [[2, 3]], "on": [], "under": [], "leftbehind": [], "leftfront": [[3, 6]], "rightbehind": [[6, 3]], "rightfront": []}}