{"objects": {"2": "square_plate_1", "3": "cutlery-fork_2_new", "4": "cutlery-knife_1_new", "5": "plastic_lemon", "6": "doraemon_bowl", "7": "glass-new_13"}, "semantic_label": {"2": "plate_0", "3": "fork_0", "4": "knife_0", "5": "fruit_0", "6": "bowl_0", "7": "glass_0"}, "obj_aabb": {"2": [[0.045151293943600596, -0.1481868026937957, 0.6213518234031977], [0.22991952894156623, 0.03620276061212669, 0.6570427013674361]], "3": [[0.05536161189100641, -0.2655016875012546, 0.6174259482518332], [0.24158697278998925, -0.23349351439033103, 0.6497551147806424]], "4": [[0.05388336531555506, 0.12053999906422871, 0.6207414602598469], [0.2660178933008955, 0.1487127511235676, 0.6357335960892654]], "5": [[0.0985755785472889, -0.09256797276592063, 0.6115347682907458], [0.18792029292054355, 0.0023828688436181855, 0.7153862016554958]], "6": [[-0.12503529714642284, -0.1522572707471172, 0.621278795810273], [0.012900056898314215, 0.02878284516700079, 0.686647596777131]], "7": [[-0.3000338285878671, -0.15713642485061863, 0.6205353234130702], [-0.19125087556584272, -0.0603752395388186, 0.8125493968856266]]}, "sizes": {"2": "medium", "3": "medium", "4": "medium", "5": "medium", "6": "small", "7": "medium"}, "distances": {"(2, 3)": 0.0913973365633154, "(2, 4)": 0.09187022574540676, "(2, 5)": -1.124101012591654e-05, "(2, 6)": 0.041233682595612914, "(2, 7)": 0.2757154136945703, "(3, 2)": 0.0913973365633154, "(3, 4)": 0.3591911617462742, "(3, 5)": 0.16545457527199972, "(3, 6)": 0.1302899901633796, "(3, 7)": 0.3138700529789857, "(4, 2)": 0.09187022574540676, "(4, 3)": 0.3591911617462742, "(4, 5)": 0.14128122029748608, "(4, 6)": 0.14669123149062402, "(4, 7)": 0.3572002733307921, "(5, 2)": -1.124101012591654e-05, "(5, 3)": 0.16545457527199972, "(5, 4)": 0.14128122029748608, "(5, 6)": 0.1014754041686144, "(5, 7)": 0.3375325211006124, "(6, 2)": 0.041233682595612914, "(6, 3)": 0.1302899901633796, "(6, 4)": 0.14669123149062402, "(6, 5)": 0.1014754041686144, "(6, 7)": 0.10665771938121772, "(7, 2)": 0.2757154136945703, "(7, 3)": 0.3138700529789857, "(7, 4)": 0.3572002733307921, "(7, 5)": 0.3375325211006124, "(7, 6)": 0.10665771938121772}, "state": {"2": [[0.1375254414549207, -0.05613241215001742, 0.6390617591391372], [0.004119276378825935, 0.004071685830260507, 0.707094978756971, 0.7070948620611616]], "3": [[0.14876648622229238, -0.24950286303387428, 0.633545224765228], [0.013621629416182812, 0.716302487375501, 0.6975242045674352, -0.013608153228315654]], "4": [[0.1600190177429108, 0.13451926316923343, 0.6282492926447062], [0.005424796467748898, 0.684240427437819, 0.7292146378019309, -0.005623260477081179]], "5": [[0.14720321070178402, -0.05260141877396175, 0.6248413647333536], [0.24175263998778634, 0.10458787249326144, -0.010747167521339841, 0.9646250755482865]], "6": [[-0.05612761861845973, -0.06173673856403564, 0.6539561156881646], [-0.00030056971019476193, 0.006016056619328475, 0.7070910080809755, 0.7070968978942224]], "7": [[-0.24577071304412415, -0.10904648396043005, 0.7163019232643938], [0.43572060524213635, 0.5977917154480284, 0.5852757154786347, 0.33203155871106915]]}, "pickable_objects": [3, 4, 5, 6, 7], "scene_graph": {"left": [[4, 2], [4, 5], [2, 3], [5, 3]], "right": [[3, 2], [3, 5], [2, 4], [5, 4]], "front": [[6, 2], [6, 5], [7, 6]], "behind": [[2, 6], [5, 6], [6, 7]], "on": [[2, 5]], "under": [[5, 2]], "leftbehind": [[4, 6]], "leftfront": [[6, 3]], "rightbehind": [[3, 6]], "rightfront": [[6, 4]]}}