{"objects": {"2": "square_plate_3", "3": "cutlery-fork_1", "4": "cutlery-knife_1_new", "5": "plastic_peach", "6": "green_bowl", "7": "glass-new_6"}, "semantic_label": {"2": "plate_0", "3": "fork_0", "4": "knife_0", "5": "fruit_0", "6": "bowl_0", "7": "glass_0"}, "obj_aabb": {"2": [[-0.35292772180776466, 0.11018373623344149, 0.6229794952416831], [-0.09874744240002725, 0.36475368467291835, 0.6552588591181775]], "3": [[-0.06218179403679666, -0.4040677861177209, 0.6094196215213908], [0.13007120753154397, -0.26767581277060437, 0.6628809790412443]], "4": [[0.05348018350161615, 0.12027443324040807, 0.6217338957055368], [0.26567924532654175, 0.14910197132185896, 0.6342145065583492]], "5": [[0.10006908627719244, 0.21825514819350855, 0.609179442698809], [0.22312963565360208, 0.3443496741180275, 0.7143627666467766]], "6": [[-0.12437927297399178, -0.12938647982062648, 0.6221021445942139], [0.012378830248269898, 0.0060236491726279595, 0.6835900811392228]], "7": [[-0.10171615626124456, 0.2073429674792367, 0.6226663594726405], [-0.016714507913820918, 0.2925512192311525, 0.797430966604098]]}, "sizes": {"2": "medium", "3": "medium", "4": "medium", "5": "medium", "6": "small", "7": "medium"}, "distances": {"(2, 3)": 0.5049900293144446, "(2, 4)": 0.20690451067790583, "(2, 5)": 0.24076781925512833, "(2, 6)": 0.1715632105791926, "(2, 7)": 0.023611240834424105, "(3, 2)": 0.5049900293144446, "(3, 4)": 0.40157600674935545, "(3, 5)": 0.5216551904104709, "(3, 6)": 0.20878761971907434, "(3, 7)": 0.5117290227528716, "(4, 2)": 0.20690451067790583, "(4, 3)": 0.40157600674935545, "(4, 5)": 0.10155941696114416, "(4, 6)": 0.15803707458165708, "(4, 7)": 0.1238454633046078, "(5, 2)": 0.24076781925512833, "(5, 3)": 0.5216551904104709, "(5, 4)": 0.10155941696114416, "(5, 6)": 0.30243199118943764, "(5, 7)": 0.1490930912519622, "(6, 2)": 0.1715632105791926, "(6, 3)": 0.20878761971907434, "(6, 4)": 0.15803707458165708, "(6, 5)": 0.30243199118943764, "(6, 7)": 0.21121484410418714, "(7, 2)": 0.023611240834424105, "(7, 3)": 0.5117290227528716, "(7, 4)": 0.1238454633046078, "(7, 5)": 0.1490930912519622, "(7, 6)": 0.21121484410418714}, "state": {"2": [[-0.22603350952262027, 0.23758341843171576, 0.639342373079711], [-2.2201915987249503e-06, 2.8857031606413313e-05, 0.9590215600346346, 0.2833331017567103]], "3": [[0.03396556103822136, -0.3359399071809016, 0.6359832950522651], [-0.15271995443556297, 0.6404877403186419, 0.7172576650326714, -0.22802085863052055]], "4": [[0.15964823825798308, 0.1345817228455064, 0.6279901685289495], [-0.004180592387573702, 0.6932841851978588, 0.7206518912620996, 0.0006425124036639793]], "5": [[0.1560276006778825, 0.2781493681422199, 0.6232096756241967], [0.16186864711002893, 0.04924055233393778, -0.8386159354139279, 0.5177810560057602]], "6": [[-0.055978696303527316, -0.06176476982146177, 0.6527283276288471], [0.0014626907215874528, -0.00426324810789901, 7.222129783846747e-07, 0.9999898425738644]], "7": [[-0.05893923506314001, 0.24978302570879712, 0.7098547925657979], [0.7061964267803406, 0.0014780805919474948, -0.001519531480960101, 0.7080127916249261]]}, "pickable_objects": [2, 3, 4, 5, 6, 7], "scene_graph": {"left": [[2, 6], [5, 4], [6, 3]], "right": [[3, 6], [4, 5], [6, 2]], "front": [[2, 7], [2, 4], [7, 5]], "behind": [[5, 7], [7, 2], [4, 2]], "on": [], "under": [], "leftbehind": [[4, 6]], "leftfront": [[7, 4]], "rightbehind": [[4, 7]], "rightfront": [[6, 4]]}}