{"objects": {"2": "cup-plastic_green_flowers", "3": "can-monster_blue", "4": "black_marker", "5": "glue_1", "6": "stapler_1"}, "semantic_label": {"2": "cup_0", "3": "can_drink_0", "4": "marker_0", "5": "glue_0", "6": "stapler_0"}, "obj_aabb": {"2": [[-0.07784401107072873, -0.24283417713021357, 0.6138515323560008], [0.07127454862547712, -0.06848995516204057, 0.7335777889300155]], "3": [[-0.28592283605004165, -0.05701738617458464, 0.6227613028721235], [-0.20064622698648127, 0.028376510316592718, 0.7980923394421431]], "4": [[-0.056738556850932244, -0.3666317829643796, 0.6208479032366054], [0.09158019409171889, -0.28165360136976847, 0.64720152075991]], "5": [[0.11602444038136378, 0.03928108420822186, 0.6160972707797719], [0.1576032237651852, 0.1298196821563756, 0.7649435107439523]], "6": [[-0.08652353809067792, 0.2241730295710652, 0.6218091487236078], [-0.022491446170424728, 0.3160796772259588, 0.6821101222089053]]}, "sizes": {"2": "medium", "3": "medium", "4": "medium", "5": "medium", "6": "medium"}, "distances": {"(2, 3)": 0.19352170864641532, "(2, 4)": 0.07593033255875209, "(2, 5)": 0.17406413934234244, "(2, 6)": 0.3224375404959422, "(3, 2)": 0.19352170864641532, "(3, 4)": 0.3034000343727852, "(3, 5)": 0.33707333460515304, "(3, 6)": 0.26611858007058525, "(4, 2)": 0.07593033255875209, "(4, 3)": 0.3034000343727852, "(4, 5)": 0.37286930772185944, "(4, 6)": 0.5170176588604714, "(5, 2)": 0.17406413934234244, "(5, 3)": 0.33707333460515304, "(5, 4)": 0.37286930772185944, "(5, 6)": 0.2088324159801022, "(6, 2)": 0.3224375404959422, "(6, 3)": 0.26611858007058525, "(6, 4)": 0.5170176588604714, "(6, 5)": 0.2088324159801022}, "state": {"2": [[-0.003423468429724423, -0.15590868599170832, 0.6734869234836396], [0.5691500865928689, 0.4240546330404836, 0.37282399805888594, 0.5977023620495561]], "3": [[-0.2433213071876566, -0.014417955546141222, 0.7103997745664211], [0.44726809627349895, 0.5474927818108304, 0.5494369158079856, 0.44533355978224554]], "4": [[0.017378265951333457, -0.32421925383020467, 0.6340727519654866], [0.05008230078062939, -0.006364719597074295, -0.2086475374077121, 0.9766869808831623]], "5": [[0.1369470330196966, 0.08448044172230856, 0.6905307380039394], [-0.006687805265733645, 0.06111218265377487, 0.9981048186759076, 0.0027102265501146154]], "6": [[-0.054302676650385504, 0.27007513145544093, 0.6518402621952931], [0.005776892874323128, -0.009460617100433978, 0.5945106720755604, 0.804011309013165]]}, "pickable_objects": [2, 3, 4, 5, 6], "scene_graph": {"left": [[2, 4]], "right": [[4, 2]], "front": [], "behind": [], "on": [], "under": [], "leftbehind": [[5, 2], [6, 3]], "leftfront": [[3, 2], [6, 5]], "rightbehind": [[2, 3], [5, 6]], "rightfront": [[2, 5], [3, 6]]}}