{"objects": {"2": "cup-teal_pattern_ikea", "3": "can-monster_blue", "4": "remote-silver"}, "semantic_label": {"2": "cup_0", "3": "can_drink_0", "4": "remote_0"}, "obj_aabb": {"2": [[0.0028572741419076175, -0.20177748729233552, 0.6222110494578202], [0.10848613289060359, -0.06546265677314532, 0.7276156983149696]], "3": [[-0.2043558881610287, 0.05300354325386783, 0.6227585091107981], [-0.10259282349076002, 0.15464696379207676, 0.7980954915218252]], "4": [[0.1571407321811909, 0.059130120289005786, 0.6185012168222663], [0.3567132125451357, 0.2897614819746753, 0.6581867321781887]]}, "sizes": {"2": "medium", "3": "medium", "4": "medium"}, "distances": {"(2, 3)": 0.2203950425790314, "(2, 4)": 0.18467327938387434, "(3, 2)": 0.2203950425790314, "(3, 4)": 0.2824008547278461, "(4, 2)": 0.18467327938387434, "(4, 3)": 0.2824008547278461}, "state": {"2": [[0.05560717554776733, -0.13361606212839408, 0.6750551882364558], [0.4980723030793337, 0.4974927852320154, 0.5025098148810697, 0.5019051658386603]], "3": [[-0.15337104393402579, 0.1038389827367806, 0.7103999482319364], [-0.24026152621590532, 0.6648634857085916, 0.6642319683814344, -0.2429543919585537]], "4": [[0.25709807022473274, 0.1738990012937842, 0.6378820538775748], [0.6333090862827556, 0.31511343665288066, 0.3024482749589999, 0.6388647464423415]]}, "pickable_objects": [2, 3, 4], "scene_graph": {"left": [], "right": [], "front": [[3, 4]], "behind": [[4, 3]], "on": [], "under": [], "leftbehind": [[4, 2]], "leftfront": [[3, 2]], "rightbehind": [[2, 3]], "rightfront": [[2, 4]]}}