{"objects": {"2": "cup-plastic_green_flowers", "3": "can-monster_blue", "4": "black_marker", "5": "glue_1", "6": "stapler_1"}, "semantic_label": {"2": "cup_0", "3": "can_drink_0", "4": "marker_0", "5": "glue_0", "6": "stapler_0"}, "obj_aabb": {"2": [[0.07501607630970139, -0.27572444173009225, 0.6138440266867702], [0.17765312385369667, -0.12786140704041973, 0.7335778955835903]], "3": [[-0.2859228750388324, -0.057015561138847315, 0.6227606280584238], [-0.20065010939975653, 0.028376549373230434, 0.7980919713694191]], "4": [[0.05609531864618185, -0.0521884876417463, 0.6209947540258313], [0.2076569940542668, -0.02661921687062832, 0.6470545777160778]], "5": [[0.11604653781820715, 0.03928936957575482, 0.6160881319531436], [0.15759598056562593, 0.12986718686717674, 0.7649518439020991]], "6": [[0.13337174641658586, 0.16313079624067536, 0.6218063008686784], [0.1748644177699353, 0.24659759602322454, 0.6820985280772306]]}, "sizes": {"2": "medium", "3": "medium", "4": "medium", "5": "medium", "6": "medium"}, "distances": {"(2, 3)": 0.3224407538982567, "(2, 4)": 0.09222587786352301, "(2, 5)": 0.18109777057606463, "(2, 6)": 0.300114165295406, "(3, 2)": 0.3224407538982567, "(3, 4)": 0.2682942976245873, "(3, 5)": 0.33708200744653455, "(3, 6)": 0.38745775903409363, "(4, 2)": 0.09222587786352301, "(4, 3)": 0.2682942976245873, "(4, 5)": 0.07474727501985266, "(4, 6)": 0.19659590662163054, "(5, 2)": 0.18109777057606463, "(5, 3)": 0.33708200744653455, "(5, 4)": 0.07474727501985266, "(5, 6)": 0.052724071388431985, "(6, 2)": 0.300114165295406, "(6, 3)": 0.38745775903409363, "(6, 4)": 0.19659590662163054, "(6, 5)": 0.052724071388431985}, "state": {"2": [[0.12629551643488085, -0.20207320468380602, 0.6734832573859328], [0.48038889644027083, 0.5224297950924239, 0.47737803933967016, 0.5180770453637173]], "3": [[-0.2433232664652966, -0.014417024131101217, 0.7103992534634754], [0.4472563979861606, 0.5474925691240357, 0.5494406470441635, 0.44534096666498024]], "4": [[0.131868840981663, -0.039490523933682395, 0.6340738060994827], [0.043973185540665836, 0.004203921994817039, 0.0014113729979745686, 0.9990228696178723]], "5": [[0.1369544785166692, 0.08450837363444091, 0.6905303477344358], [-0.006643472186102176, 0.06130100707371329, 0.9980938745118915, 0.002582338262383525]], "6": [[0.15432912510719737, 0.2048750764351012, 0.6518333955187503], [0.0061529410497707365, -0.008764196678001985, 0.7069977996103604, 0.7071346700022112]]}, "pickable_objects": [2, 3, 4, 5, 6], "scene_graph": {"left": [[4, 2], [5, 4], [6, 5]], "right": [[2, 4], [4, 5], [5, 6]], "front": [[3, 4]], "behind": [[4, 3]], "on": [], "under": [], "leftbehind": [], "leftfront": [], "rightbehind": [], "rightfront": []}}