{"objects": {"2": "soap_dish", "3": "soap", "4": "bottle-avene_skincare", "5": "tube-skincare_provencale"}, "semantic_label": {"2": "soap_dish_0", "3": "soap_0", "4": "shampoo_0", "5": "cleanser_0"}, "obj_aabb": {"2": [[-0.11569894277463333, -0.16107953441668463, 0.622904893128613], [0.04435917846771756, -0.001022543998971448, 0.6720183392158192]], "3": [[-0.06345463136514383, -0.1371780401129438, 0.6258080907349204], [0.0037851491168097544, -0.02294871098290216, 0.6802558414982027]], "4": [[0.1194334467707042, 0.085888186339342, 0.6223299141489952], [0.2009389211496291, 0.1671653472456253, 0.8540071352758317]], "5": [[-0.06670864387755558, 0.2063005336062257, 0.6223687378228543], [-0.025662829831237677, 0.2672215012225302, 0.7698140195226258]]}, "sizes": {"2": "medium", "3": "medium", "4": "medium", "5": "medium"}, "distances": {"(2, 3)": -1.791765080294506e-05, "(2, 4)": 0.17110208242293173, "(2, 5)": 0.2199534254209478, "(3, 2)": -1.791765080294506e-05, "(3, 4)": 0.19245254202932846, "(3, 5)": 0.2435825897926052, "(4, 2)": 0.17110208242293173, "(4, 3)": 0.19245254202932846, "(4, 5)": 0.18074243578013935, "(5, 2)": 0.2199534254209478, "(5, 3)": 0.2435825897926052, "(5, 4)": 0.18074243578013935}, "state": {"2": [[-0.03543949749165577, -0.08104407414115025, 0.6473267469744094], [2.4280238451124126e-05, 0.0003332291739461431, 0.706918553323637, 0.7072948800433975]], "3": [[-0.030077673089336444, -0.08006335579613097, 0.6533299147591952], [0.021377007648726847, -0.014263734409510466, 0.7016904463262164, 0.712018319258147]], "4": [[0.1602146730248088, 0.12664719206845906, 0.7386345057971075], [-0.4761206605857687, 0.5192216709576144, 0.5188056572843731, -0.4843125673994879]], "5": [[-0.04649052877549268, 0.23686737307205802, 0.696183754126322], [0.7029050678011658, 0.0022352232403544474, -0.0022297652774327017, 0.7112766673969503]]}, "pickable_objects": [3, 4, 5], "scene_graph": {"left": [[5, 2], [5, 3]], "right": [[2, 5], [3, 5]], "front": [], "behind": [], "on": [[2, 3]], "under": [[3, 2]], "leftbehind": [[4, 2], [4, 3]], "leftfront": [[5, 4]], "rightbehind": [[4, 5]], "rightfront": [[2, 4], [3, 4]]}}