{"objects": {"2": "round_plate_2", "3": "cutlery-fork_2_new", "4": "cutlery-knife_3_new", "5": "plastic_plum", "6": "green_bowl", "7": "glass-new_5"}, "semantic_label": {"2": "plate_0", "3": "fork_0", "4": "knife_0", "5": "fruit_0", "6": "bowl_0", "7": "glass_0"}, "obj_aabb": {"2": [[0.041294371449035666, -0.15229783863513852, 0.6197777984119432], [0.2337508155799151, 0.039711911817338144, 0.6589791010852641]], "3": [[0.055342628222087506, -0.26551438506403385, 0.6177850632291201], [0.24156748879200773, -0.23404197482110783, 0.6492184781207279]], "4": [[0.05051142983581257, 0.12151757526085805, 0.6209706049654281], [0.26981360559990875, 0.14792193606739096, 0.6348854433935845]], "5": [[0.0978784639980255, -0.11152098895827212, 0.6133308318601015], [0.1992501971649027, -0.0003522022549565726, 0.7327860713739888]], "6": [[-0.12453229873516534, -0.12936779389710534, 0.6221110499257125], [0.012212574481960378, 0.006041981193989951, 0.6835679021036398]], "7": [[-0.10636034721805884, 0.204279814912809, 0.6209547141549592], [-0.01159062835310539, 0.2951212750138437, 0.8261894602301927]]}, "sizes": {"2": "medium", "3": "medium", "4": "medium", "5": "medium", "6": "small", "7": "medium"}, "distances": {"(2, 3)": 0.09189586693237867, "(2, 4)": 0.09001070640635847, "(2, 5)": -1.4634747584421366e-05, "(2, 6)": 0.03854258563216142, "(2, 7)": 0.23087968567937384, "(3, 2)": 0.09189586693237865, "(3, 4)": 0.3599750925247484, "(3, 5)": 0.1576652014711098, "(3, 6)": 0.14912576485493476, "(3, 7)": 0.4648604764928844, "(4, 2)": 0.09001070640635847, "(4, 3)": 0.3599750925247484, "(4, 5)": 0.15058819579518035, "(4, 6)": 0.15854021540051674, "(4, 7)": 0.12307047467857363, "(5, 2)": -1.4634747584421366e-05, "(5, 3)": 0.15766520147110977, "(5, 4)": 0.15058819579518035, "(5, 6)": 0.10188727487215161, "(5, 7)": 0.2958286771795348, "(6, 2)": 0.03854258563216142, "(6, 3)": 0.14912576485493476, "(6, 4)": 0.15854021540051674, "(6, 5)": 0.10188727487215161, "(6, 7)": 0.21537780569405737, "(7, 2)": 0.23087968567937384, "(7, 3)": 0.4648604764928844, "(7, 4)": 0.12307047467857363, "(7, 5)": 0.2958286771795348, "(7, 6)": 0.21537780569405737}, "state": {"2": [[0.13751858441456352, -0.05613289573717117, 0.6396902337040267], [0.009478154297804641, -0.005086885654623562, -0.7070718288246888, 0.7070599105224068]], "3": [[0.14874728301597714, -0.24978207210716766, 0.6334565230976202], [0.013080845692913103, 0.7064760951718673, 0.7074835691668375, -0.013690061563828763]], "4": [[0.15997396696483107, 0.1347146378656704, 0.6280132884069753], [-0.00421524587578126, 0.6978489861767387, 0.7162201095914023, 0.004216492758722338]], "5": [[0.1452544984501276, -0.04954918513299978, 0.6334694846714087], [0.3837683062802566, 0.16440392092179074, 0.006489413044489932, 0.9086534682697595]], "6": [[-0.05613836219916193, -0.06174626338151483, 0.6527216879789354], [0.0014525181292077939, -0.004158861392084669, -2.62515216750522e-06, 0.9999902969809829]], "7": [[-0.05893183308214862, 0.24978529221316004, 0.7236024250170687], [0.7096868607028743, -0.007318088703416817, 0.007230996667334919, 0.7044421324783355]]}, "pickable_objects": [3, 4, 5, 6, 7], "scene_graph": {"left": [[4, 2], [4, 5], [7, 6], [2, 3], [5, 3]], "right": [[3, 2], [3, 5], [2, 4], [5, 4], [6, 7]], "front": [[6, 2], [6, 5]], "behind": [[2, 6], [5, 6]], "on": [[2, 5]], "under": [[5, 2]], "leftbehind": [], "leftfront": [[6, 3], [7, 4], [7, 2]], "rightbehind": [[3, 6], [4, 7], [2, 7]], "rightfront": []}}