{"objects": {"2": "mug", "3": "can-coke_small", "4": "red_marker", "5": "glue_1", "6": "stapler_2"}, "semantic_label": {"2": "cup_0", "3": "can_drink_0", "4": "marker_0", "5": "glue_0", "6": "stapler_0"}, "obj_aabb": {"2": [[-0.22398670277941168, 0.06852406521386827, 0.6229867336856151], [-0.06602228344786121, 0.21955892244754704, 0.7108983252853777]], "3": [[-0.04202311162902999, -0.18550386226339413, 0.6222909176186393], [0.02316352445252113, -0.12035036052083328, 0.7277100773819298]], "4": [[0.07821812867677731, -0.00859325266153927, 0.6207951477078523], [0.23057312274490738, 0.01588171389667144, 0.647715638016484]], "5": [[0.17670944325209337, 0.167253112698931, 0.6162093020485994], [0.2732279926142166, 0.2498159710468697, 0.7646273354482714]], "6": [[0.1592509698537304, 0.19281005465032816, 0.6219218483156707], [0.19632693764881584, 0.31185205538047606, 0.6511588620336838]]}, "sizes": {"2": "medium", "3": "medium", "4": "medium", "5": "medium", "6": "medium"}, "distances": {"(2, 3)": 0.24978615997730175, "(2, 4)": 0.21460639055364106, "(2, 5)": 0.2892471413193003, "(2, 6)": 0.25874383295998143, "(3, 2)": 0.2497861599773017, "(3, 4)": 0.1434833213514109, "(3, 5)": 0.37034199682988755, "(3, 6)": 0.35979494124955624, "(4, 2)": 0.21460639055364106, "(4, 3)": 0.1434833213514109, "(4, 5)": 0.1699351782605879, "(4, 6)": 0.18176365553788068, "(5, 2)": 0.2892471413193003, "(5, 3)": 0.37034199682988755, "(5, 4)": 0.16993517826058793, "(5, 6)": 0.002986179939093104, "(6, 2)": 0.25874383295998143, "(6, 3)": 0.35979494124955624, "(6, 4)": 0.18176039458861395, "(6, 5)": 0.0029861799390931048}, "state": {"2": [[-0.14449243401720316, 0.1432209786997357, 0.6669380500051731], [-7.636044298965281e-06, -1.2503283221755077e-05, 0.28479115951250705, 0.9585895864492168]], "3": [[-0.009255563607602027, -0.15271282020074534, 0.674957290518023], [0.7092354154641589, -0.003122707542202072, 0.0031862472917675196, 0.7049576029643084]], "4": [[0.15439797826425725, 0.003654929221641421, 0.634148386899004], [-0.00860373908688491, 0.001400207023200429, 0.9999618528401183, 0.0005549401540665495]], "5": [[0.22495433922684696, 0.2086843784042636, 0.6904274638042498], [0.05403615933680084, -0.026026690610948935, -0.4771082033860351, 0.8767955674624043]], "6": [[0.17775070641062538, 0.2523339162734591, 0.6366289948901604], [-0.0007434586388660353, 0.00679435530135796, -0.7081701480440988, 0.7060087290002088]]}, "pickable_objects": [2, 3, 4, 5, 6], "scene_graph": {"left": [[5, 4], [6, 4]], "right": [[4, 5], [4, 6]], "front": [[2, 6], [6, 5]], "behind": [[5, 6], [6, 2]], "on": [], "under": [], "leftbehind": [[4, 3]], "leftfront": [[2, 4], [2, 3]], "rightbehind": [[3, 2], [4, 2]], "rightfront": [[3, 4]]}}