{"objects": {"2": "soap_dish", "3": "soap", "4": "bottle-baby_cleansing_water", "5": "tube-signal"}, "semantic_label": {"2": "soap_dish_0", "3": "soap_0", "4": "shampoo_0", "5": "cleanser_0"}, "obj_aabb": {"2": [[-0.12506780172803247, 0.010168393027879544, 0.7659071709014509], [0.09035961204703938, 0.22665566968479245, 0.821695226691106]], "3": [[0.11549370508661949, 0.19956591776928362, 0.6192821116652529], [0.2392019915059791, 0.28367555907923675, 0.6755123158069045]], "4": [[-0.04899857366166588, -0.02980640813664406, 0.622558328928243], [0.02127163522900381, 0.041318029463119896, 0.7858558305646635]], "5": [[-0.030716690103478553, 0.11049570114415713, 0.6229349593885332], [0.002652511407321669, 0.1594378889832897, 0.774613083497885]]}, "sizes": {"2": "medium", "3": "medium", "4": "medium", "5": "medium"}, "distances": {"(2, 3)": 0.17097028717146337, "(2, 4)": 0.02536601978902566, "(2, 5)": -1.3087609699184103e-05, "(3, 2)": 0.17097028717146337, "(3, 4)": 0.22719479700197923, "(3, 5)": 0.15181301054408586, "(4, 2)": 0.02536601978902566, "(4, 3)": 0.22719479700197923, "(4, 5)": 0.07698588940926401, "(5, 2)": -1.3087609699184103e-05, "(5, 3)": 0.15181301054408586, "(5, 4)": 0.07698093648748743}, "state": {"2": [[-0.017255053793324596, 0.11862570727518998, 0.7936753068674605], [-0.0019289366934333147, -0.018999842408328804, 0.972664954748269, 0.23142638353532502]], "3": [[0.17738348552414376, 0.24185927592698483, 0.6476965783657929], [0.005429836376733148, -0.03219120634493947, -0.08929257708418638, 0.9954702802136506]], "4": [[-0.014048503374448533, 0.0056097944092146825, 0.7039761133992457], [0.7048117423005607, 0.0006034381082327022, -0.0005887338592579013, 0.7093938942295323]], "5": [[-0.014025128661573561, 0.13469955172965914, 0.6989322446797417], [0.7067265160683339, 0.0002798571673901257, -0.0002640516782007402, 0.7074867372909489]]}, "pickable_objects": [2, 3, 4], "scene_graph": {"left": [[5, 4]], "right": [[4, 5]], "front": [], "behind": [], "on": [[5, 2]], "under": [[2, 5]], "leftbehind": [[3, 5]], "leftfront": [], "rightbehind": [], "rightfront": [[5, 3]]}}