{"objects": {"2": "cup-red_heart", "3": "can-monster_blue", "4": "small_marker", "5": "glue_2", "6": "stapler_1"}, "semantic_label": {"2": "cup_0", "3": "can_drink_0", "4": "marker_0", "5": "glue_0", "6": "stapler_0"}, "obj_aabb": {"2": [[0.07181855412713006, -0.27369747092516206, 0.6227069690269372], [0.18074658329212112, -0.13022988282389578, 0.7189931231417394]], "3": [[-0.06408666112984664, -0.2270358332927296, 0.6227599205689806], [0.008134971061371218, -0.1547697477647024, 0.7980957311540168]], "4": [[0.05370413921730145, -0.049318559427712544, 0.6222413566736089], [0.21023856448241507, -0.029139481007657387, 0.6433320205035582]], "5": [[0.23930707097446774, 0.07299643502858931, 0.6204291846033584], [0.31247834462112073, 0.14842573988430646, 0.792008644934357]], "6": [[0.13337174641658586, 0.16313079624067536, 0.6218063008686784], [0.1748644177699353, 0.24659759602322454, 0.6820985280772306]]}, "sizes": {"2": "medium", "3": "medium", "4": "medium", "5": "medium", "6": "medium"}, "distances": {"(2, 3)": 0.06821283265689512, "(2, 4)": 0.09327913522048237, "(2, 5)": 0.2499401434969591, "(2, 6)": 0.29907924848347994, "(3, 2)": 0.06821305107235842, "(3, 4)": 0.13451051425481036, "(3, 5)": 0.36405320684347753, "(3, 6)": 0.3606474241118694, "(4, 2)": 0.09327878554158543, "(4, 3)": 0.13451051425481036, "(4, 5)": 0.1286255703728274, "(4, 6)": 0.19852309859583267, "(5, 2)": 0.2499401434969591, "(5, 3)": 0.36405320684347753, "(5, 4)": 0.1286255703728274, "(5, 6)": 0.09312047070620158, "(6, 2)": 0.29907924848347994, "(6, 3)": 0.3606474241118694, "(6, 4)": 0.19852309859583267, "(6, 5)": 0.09312047070620158}, "state": {"2": [[0.12629512445352267, -0.20207210882283638, 0.6709129368164691], [0.49904903411127316, 0.4998909137060635, 0.5001065919840284, 0.5009516270068826]], "3": [[-0.028063857871528704, -0.1908469720592511, 0.7104007760459561], [0.7069336835397021, -0.0013237719763273283, 0.0013937613431861135, 0.7072772243852203]], "4": [[0.1319613328053148, -0.039327253241773885, 0.6326320747992505], [0.0006641388182957575, 0.003538793106458109, -0.0006246322819546265, 0.9999933228264537]], "5": [[0.2757673306749147, 0.11086669190838273, 0.7035575912598272], [-0.020203619424253274, 0.027817301510354706, -0.7553965904636766, 0.6543653433783719]], "6": [[0.15432912510719737, 0.2048750764351012, 0.6518333955187503], [0.0061529410497707365, -0.008764196678001985, 0.7069977996103604, 0.7071346700022112]]}, "pickable_objects": [2, 3, 4, 5, 6], "scene_graph": {"left": [[4, 2], [6, 4]], "right": [[2, 4], [4, 6]], "front": [[3, 2]], "behind": [[2, 3]], "on": [], "under": [], "leftbehind": [[4, 3], [5, 4], [5, 2]], "leftfront": [[6, 5]], "rightbehind": [[5, 6]], "rightfront": [[2, 5], [3, 4], [4, 5]]}}