{"objects": {"2": "soap_dish", "3": "soap", "4": "bottle-avene_skincare", "5": "tube-shoe_polish"}, "semantic_label": {"2": "soap_dish_0", "3": "soap_0", "4": "shampoo_0", "5": "cleanser_0"}, "obj_aabb": {"2": [[-0.15782871566304957, -0.13330909250159315, 0.622949792849925], [0.002199297106079731, 0.026713785915744505, 0.671983818811372]], "3": [[-0.1055799877521642, -0.10904259081271134, 0.6253311216226048], [-0.038846548611638526, 0.0045054246638872655, 0.680563044332681]], "4": [[0.20985081697828462, 0.28862180747861155, 0.6223211283663803], [0.31455726925935606, 0.39591214763959937, 0.8540188984510244]], "5": [[-0.10675163669675485, 0.16255097625787251, 0.6226768314992962], [-0.0655504284661906, 0.22395687347215637, 0.7878368019227496]]}, "sizes": {"2": "medium", "3": "medium", "4": "medium", "5": "medium"}, "distances": {"(2, 3)": -1.1898479055983888e-05, "(2, 4)": 0.4090115069019231, "(2, 5)": 0.15006642664524855, "(3, 2)": -1.1898479055980852e-05, "(3, 4)": 0.4305225796356572, "(3, 5)": 0.1739460993808878, "(4, 2)": 0.4090115069019231, "(4, 3)": 0.43052257963565727, "(4, 5)": 0.32528741068113476, "(5, 2)": 0.15006642664524855, "(5, 3)": 0.1739460993808878, "(5, 4)": 0.32528741068113476}, "state": {"2": [[-0.0775843032982519, -0.053290432794124036, 0.6473319864932578], [5.3007126137915226e-05, 0.00015767756665680828, 0.7072507596713572, 0.7069627538083727]], "3": [[-0.07245176757392548, -0.0522727810379994, 0.6532485622486456], [0.026167476044769766, -0.008360802125897314, 0.7083351897504842, 0.7053414911561658]], "4": [[0.26227390745466234, 0.3421648146927322, 0.7386359897691569], [0.282108000006616, 0.645408225605383, 0.6529179199378673, 0.2784986328102655]], "5": [[-0.0863986014516972, 0.19320918492395905, 0.705396976306955], [0.7083639459976165, -0.0020505021977868516, 0.0020590477501214225, 0.7058413956221223]]}, "pickable_objects": [3, 4, 5], "scene_graph": {"left": [[5, 2], [5, 3]], "right": [[2, 5], [3, 5]], "front": [], "behind": [], "on": [[2, 3]], "under": [[3, 2]], "leftbehind": [], "leftfront": [], "rightbehind": [], "rightfront": []}}