{"objects": {"2": "soap_dish", "3": "soap", "4": "bottle-avene_skincare", "5": "tube-signal_pokemon"}, "semantic_label": {"2": "soap_dish_0", "3": "soap_0", "4": "shampoo_0", "5": "cleanser_0"}, "obj_aabb": {"2": [[-0.0003392029320651163, -0.1920993274781258, 0.6229723516655935], [0.1596120190278481, -0.032135025795842084, 0.6719708564795627]], "3": [[-0.10412683945864662, 0.0999832104919526, 0.6198393673615058], [-0.017735707985291296, 0.22366357227532427, 0.6745988459855871]], "4": [[-0.15155335232551598, 0.329615728301362, 0.6224208149813851], [-0.05929811632371648, 0.4210205225602065, 0.853884487103718]], "5": [[0.06721230003252641, -0.2950789049769038, 0.622789991746069], [0.13880549131942488, -0.23213494663921352, 0.7899762934835043]]}, "sizes": {"2": "medium", "3": "medium", "4": "medium", "5": "medium"}, "distances": {"(2, 3)": 0.17589676995372355, "(2, 4)": 0.40749277323797894, "(2, 5)": 0.05679337733964079, "(3, 2)": 0.17589676995372355, "(3, 4)": 0.12931656186018056, "(3, 5)": 0.38398563027062754, "(4, 2)": 0.40749277323797894, "(4, 3)": 0.12931656186018056, "(4, 5)": 0.6191392601311654, "(5, 2)": 0.05679337733964079, "(5, 3)": 0.38398563027062754, "(5, 4)": 0.6191392601311654}, "state": {"2": [[0.07986685712971811, -0.11211006425214133, 0.647336852672839], [-7.855718589011426e-05, 7.914705000850998e-05, 0.7071003960505492, 0.7071131574717511]], "3": [[-0.0606978480852187, 0.1617786387772511, 0.6475212639340379], [-0.007727799051958943, -0.024383090137336257, -0.7724490743750864, 0.6345614024932805]], "4": [[-0.10554796129579568, 0.3753050201676523, 0.7386188495676299], [0.6994693589134342, 0.0878464941947911, 0.09353726089451511, 0.7030479288236794]], "5": [[0.10307663422468058, -0.2636170756444824, 0.7062720771149242], [0.3700360526820951, 0.6013903384557602, 0.6042130379258334, 0.36922836473916176]]}, "pickable_objects": [2, 3, 4, 5], "scene_graph": {"left": [[2, 5], [4, 3]], "right": [[3, 4], [5, 2]], "front": [], "behind": [], "on": [], "under": [], "leftbehind": [], "leftfront": [[3, 2]], "rightbehind": [[2, 3]], "rightfront": []}}