{"objects": {"2": "square_plate_2", "3": "cutlery-fork_1", "4": "knife", "5": "plastic_apple", "6": "green_bowl", "7": "glass-new_12"}, "semantic_label": {"2": "plate_0", "3": "fork_0", "4": "knife_0", "5": "fruit_0", "6": "bowl_0", "7": "glass_0"}, "obj_aabb": {"2": [[-0.04344108167974999, -0.26783207039011653, 0.621292263350283], [0.1420191084644961, -0.0820563599764871, 0.657617387586155]], "3": [[-0.040250674798241674, -0.40093288202579036, 0.6086011444243327], [0.16221695694798227, -0.3534729350175574, 0.6661104664839159]], "4": [[-0.03774608329018875, 0.010473193285434716, 0.620011702958025], [0.18323594762023748, 0.03823852651241871, 0.6472711347100728]], "5": [[0.01491681649983858, -0.2116011438542256, 0.6283368717954416], [0.09886960938607886, -0.12228530792078904, 0.7156328314999509]], "6": [[-0.2214962149921815, -0.24840407188142116, 0.622131508721185], [-0.08475920027177739, -0.11299659135929192, 0.6835652222259214]], "7": [[-0.007218520561629041, 0.10540141683346937, 0.6229711768461479], [0.09984236831439794, 0.2132466371435171, 0.8004406515182134]]}, "sizes": {"2": "medium", "3": "medium", "4": "medium", "5": "medium", "6": "small", "7": "medium"}, "distances": {"(2, 3)": 0.09986573901158757, "(2, 4)": 0.09886706283119696, "(2, 5)": -9.388184393648285e-06, "(2, 6)": 0.05045725217084849, "(2, 7)": 0.20122725795002452, "(3, 2)": 0.09986573901158757, "(3, 4)": 0.375101727528907, "(3, 5)": 0.16681362533044697, "(3, 6)": 0.15668055933794517, "(3, 7)": 0.480860284376545, "(4, 2)": 0.09886706283119696, "(4, 3)": 0.37510172752890697, "(4, 5)": 0.14728147247551365, "(4, 6)": 0.1705087924818809, "(4, 7)": 0.0807024851560002, "(5, 2)": -9.388184393648285e-06, "(5, 3)": 0.16681362533044694, "(5, 4)": 0.14733031405918856, "(5, 6)": 0.10490044912426562, "(5, 7)": 0.24770832439923196, "(6, 2)": 0.05045725217084849, "(6, 3)": 0.15668055933794517, "(6, 4)": 0.17050224236972344, "(6, 5)": 0.10490044912426562, "(6, 7)": 0.28800616926047345, "(7, 2)": 0.20122725795002452, "(7, 3)": 0.480860284376545, "(7, 4)": 0.0807024851560002, "(7, 5)": 0.24770832439923196, "(7, 6)": 0.28800616926047345}, "state": {"2": [[0.04923255961664347, -0.17494592530227554, 0.6394075080841691], [-0.0042139968842035335, -0.003378591086200414, -0.7070742602516314, 0.7071186730967726]], "3": [[0.060965725275124054, -0.3772427987925973, 0.6371795392690911], [0.02205443363191222, 0.5918125785660027, 0.8052054549470049, -0.030259694840189484]], "4": [[0.07272623694612144, 0.02443790177237309, 0.6339373939767291], [0.007252115316552653, -0.012663053679396007, 0.9998935066687858, 0.0001709284844463459]], "5": [[0.056615118648724504, -0.16656106066469642, 0.6362715870033567], [-0.04365822529101527, -0.008155311931394852, 0.00018449065863086734, 0.9990132212413094]], "6": [[-0.15310622356978806, -0.18078369275376974, 0.6527305774470193], [0.0014349892935751733, -0.004091077948027883, -2.0337347351722967e-06, 0.9999906018972451]], "7": [[0.04630591701561004, 0.15937873586851048, 0.7116638152169316], [0.7071505905357766, 2.6903533579255784e-05, -2.8073496188621593e-05, 0.707062968053752]]}, "pickable_objects": [3, 4, 5, 6, 7], "scene_graph": {"left": [[4, 2], [4, 5], [7, 4], [2, 3], [5, 3]], "right": [[3, 2], [3, 5], [4, 7], [2, 4], [5, 4]], "front": [[6, 2], [6, 5]], "behind": [[2, 6], [5, 6]], "on": [[2, 5]], "under": [[5, 2]], "leftbehind": [], "leftfront": [[6, 3]], "rightbehind": [[3, 6]], "rightfront": []}}