{"objects": {"2": "round_plate_2", "3": "cutlery-fork_2_new", "4": "cutlery-knife_2_new", "5": "plastic_peach", "6": "doraemon_bowl", "7": "glass-new_1"}, "semantic_label": {"2": "plate_0", "3": "fork_0", "4": "knife_0", "5": "fruit_0", "6": "bowl_0", "7": "glass_0"}, "obj_aabb": {"2": [[-0.06708027802872553, -0.016554283272282894, 0.6197927687197078], [0.12537588048133216, 0.17545240494799583, 0.6589765656366979]], "3": [[-0.05472333151562857, -0.10060925905523191, 0.6177818638161481], [0.1315016989756725, -0.06913648327850944, 0.649220558505575]], "4": [[-0.05821185109279671, 0.22887593518683422, 0.6229899996461106], [0.15504995712382247, 0.2548746299619473, 0.6338385364601711]], "5": [[-0.022632575272897477, 0.03370440859272401, 0.6155405776688604], [0.08552623600494388, 0.13287834314035624, 0.7321694736550867]], "6": [[-0.2042469213404607, -0.01567080835363567, 0.6212852166455501], [-0.06630311481164933, 0.16535864276005263, 0.6866414848941739]], "7": [[-0.007409499351839419, -0.2902248249985604, 0.6200435171381832], [0.1111350337228424, -0.16636585054424471, 0.7619090822743654]]}, "sizes": {"2": "medium", "3": "medium", "4": "medium", "5": "medium", "6": "small", "7": "medium"}, "distances": {"(2, 3)": 0.06444951201963742, "(2, 4)": 0.061662218196742904, "(2, 5)": -4.8081801881123733e-05, "(2, 6)": 0.010475495270357288, "(2, 7)": 0.17902172875128336, "(3, 2)": 0.06444951201963742, "(3, 4)": 0.3022069058063707, "(3, 5)": 0.1268992364915709, "(3, 6)": 0.09058277073650477, "(3, 7)": 0.10602387021599638, "(4, 2)": 0.061662218196742904, "(4, 3)": 0.3022069058063707, "(4, 5)": 0.1173417048133596, "(4, 6)": 0.1068573943784002, "(4, 7)": 0.42604464807017106, "(5, 2)": -4.8081801881123733e-05, "(5, 3)": 0.1268992364915709, "(5, 4)": 0.1173417048133596, "(5, 6)": 0.06459364128293901, "(5, 7)": 0.23218589446502144, "(6, 2)": 0.010475495270357283, "(6, 3)": 0.09058277073650477, "(6, 4)": 0.1068573943784002, "(6, 5)": 0.06459364128293901, "(6, 7)": 0.23000165240742437, "(7, 2)": 0.17902172875128336, "(7, 3)": 0.10602387021599638, "(7, 4)": 0.42604464807017106, "(7, 5)": 0.23218589446502144, "(7, 6)": 0.23000165240742437}, "state": {"2": [[0.02914379332086013, 0.07960915596511141, 0.6396964370519835], [0.009445840765392535, -0.005116835681927437, -0.707071953863958, 0.7070600017988883]], "3": [[0.03868140727938483, -0.08487676296146902, 0.6334559573549579], [0.01308997319316822, 0.706459228555958, 0.7075001364913256, -0.013695541416040465]], "4": [[0.04821714600662635, 0.24171424153444113, 0.6283606705553161], [2.0539076653063068e-13, 0.7071067810312766, 0.7071067813418185, 8.245127283771787e-13]], "5": [[0.034926549780587075, 0.08483035440225647, 0.634951387000799], [0.11364109288383319, 0.18496821855979298, -0.010665817369162783, 0.9760935920652447]], "6": [[-0.13533501752539542, 0.07484439267135724, 0.6539562783441888], [-0.00019191104524621136, 0.006002835550791198, 0.7070914107656506, 0.7070966454148563]], "7": [[0.05177477883146783, -0.22845476585136532, 0.6909075348286732], [0.7202800142454951, -0.07541257933937373, -0.07216396671428181, 0.6857856850824111]]}, "pickable_objects": [3, 4, 5, 6, 7], "scene_graph": {"left": [[3, 7], [4, 2], [4, 6], [4, 5], [2, 3]], "right": [[3, 2], [7, 3], [2, 4], [6, 4], [5, 4]], "front": [[6, 2], [6, 5]], "behind": [[2, 6], [5, 6]], "on": [[2, 5]], "under": [[5, 2]], "leftbehind": [], "leftfront": [[6, 3], [6, 7]], "rightbehind": [[3, 6], [7, 6]], "rightfront": []}}