{"objects": {"2": "bottle-avene_skincare", "3": "tube-wipp", "4": "soap_dish", "5": "soap"}, "semantic_label": {"2": "shampoo_0", "3": "cleanser_0", "4": "soap_dish_0", "5": "soap_0"}, "obj_aabb": {"2": [[0.1341590454308761, 0.04701138326643514, 0.6223240408571459], [0.21284021596906205, 0.1258572675473976, 0.8540150263363347]], "3": [[-0.16797700668204446, 0.01707685609523029, 0.6222582882075425], [-0.11234329894213663, 0.1007601487602211, 0.8081315723675846]], "4": [[-0.08127766234077619, -0.10978518423869428, 0.6229701361218176], [0.0788620349917322, 0.050354855334060436, 0.6719696198380973]], "5": [[-0.04496171819904783, -0.39461944529571447, 0.6199283905622004], [0.06806491681853159, -0.32536717560769535, 0.6739655800008064]]}, "sizes": {"2": "medium", "3": "medium", "4": "medium", "5": "medium"}, "distances": {"(2, 3)": 0.25447947880161415, "(2, 4)": 0.09524818320288007, "(2, 5)": 0.3997277421732125, "(3, 2)": 0.25447947880161415, "(3, 4)": 0.06121286087102487, "(3, 5)": 0.3789987158168297, "(4, 2)": 0.09524818320288007, "(4, 3)": 0.06121150766828086, "(4, 5)": 0.22198932694389575, "(5, 2)": 0.3997277421732125, "(5, 3)": 0.3789987158168297, "(5, 4)": 0.22198932694389575}, "state": {"2": [[0.17362102537010313, 0.08641032863788611, 0.7386355161439776], [0.017059787518936383, 0.7041814106125658, 0.7097313047277106, 0.010907781030411068]], "3": [[-0.14032801986595853, 0.05893762510618103, 0.7152646978018322], [0.7095697349282781, 0.0031010368049796773, -0.0031283840382627993, 0.7046214501829025]], "4": [[-0.0009773910837409907, -0.02970776433517321, 0.6473350967758207], [1.346685613875147e-05, 8.131732697671957e-05, 0.7075154723472148, 0.7066978488685484]], "5": [[0.011543510700957372, -0.360223561883988, 0.6472547322328741], [0.011403989776481794, 0.025866064380058406, 0.9995723490255177, 0.007484303192220924]]}, "pickable_objects": [2, 3, 4, 5], "scene_graph": {"left": [[4, 5]], "right": [[5, 4]], "front": [[3, 4], [4, 2]], "behind": [[2, 4], [4, 3]], "on": [], "under": [], "leftbehind": [], "leftfront": [], "rightbehind": [], "rightfront": []}}