{"objects": {"2": "cup-white_hogermann", "3": "can-redbull", "4": "red_marker", "5": "glue_2", "6": "stapler_2"}, "semantic_label": {"2": "cup_0", "3": "can_drink_0", "4": "marker_0", "5": "glue_0", "6": "stapler_0"}, "obj_aabb": {"2": [[0.1290526724006162, -0.2589033383399548, 0.622201250182898], [0.2385394290009366, -0.11750822849134204, 0.7083841367388339]], "3": [[0.14573103395108905, 0.06589688999845972, 0.7776560488152584], [0.22809406312073438, 0.14319647165463095, 0.9226418590207954]], "4": [[0.177288878533451, -0.13465803416249825, 0.6207816266154677], [0.2575981584823844, 0.015467438833408058, 0.647739636577357]], "5": [[0.15834405798308676, 0.06453071271437084, 0.6196556047282578], [0.22595873939205002, 0.13490283419918708, 0.7925069312005426]], "6": [[-0.33074407625158286, 0.3427191703451915, 0.6217832415176276], [-0.20674764135130427, 0.40543573350032114, 0.6513126897355113]]}, "sizes": {"2": "medium", "3": "medium", "4": "medium", "5": "medium", "6": "medium"}, "distances": {"(2, 3)": 0.21566773565995945, "(2, 4)": 0.02336093999028529, "(2, 5)": 0.19112735828017238, "(2, 6)": 0.622007679787738, "(3, 2)": 0.21566773565995945, "(3, 4)": 0.1566237408368941, "(3, 5)": -1.0197745295016658e-05, "(3, 6)": 0.47952726901654935, "(4, 2)": 0.02336093999028529, "(4, 3)": 0.1566237408368941, "(4, 5)": 0.06020993333179339, "(4, 6)": 0.5398184114852412, "(5, 2)": 0.19112735828017238, "(5, 3)": -1.0197745295016658e-05, "(5, 4)": 0.06020993333179339, "(5, 6)": 0.4582615718178181, "(6, 2)": 0.622007679787738, "(6, 3)": 0.47952726901654935, "(6, 4)": 0.5398184114852412, "(6, 5)": 0.4582615718178181}, "state": {"2": [[0.18365028489876334, -0.1883601332389469, 0.6652341121070348], [0.5025246306744869, 0.5020869886070098, 0.49789407560747545, 0.49747275393934126]], "3": [[0.1868272329319388, 0.10460867757958406, 0.850096839592837], [0.4217142338683336, 0.578063208723573, 0.5708181006226932, 0.4026993018053944]], "4": [[0.21743279642813493, -0.05959716283098237, 0.6341536183778423], [0.006280488496195625, 0.006230433389589525, -0.5565205432489954, 0.8307867488747459]], "5": [[0.19197987696887142, 0.09989115008157612, 0.7034236848366577], [-0.020994529848006552, 0.034948907509598524, -0.7135495815014989, 0.6994174706992832]], "6": [[-0.26873996869890415, 0.3740400823484124, 0.6366368299424149], [-0.008737465378798076, 0.003646033055458612, 0.11340150847842231, 0.9935041323600678]]}, "pickable_objects": [2, 3, 4, 6], "scene_graph": {"left": [[4, 2], [5, 4]], "right": [[2, 4], [4, 5]], "front": [], "behind": [], "on": [[5, 3]], "under": [[3, 5]], "leftbehind": [], "leftfront": [], "rightbehind": [], "rightfront": []}}