{"objects": {"2": "soap_dish", "3": "soap", "4": "bottle-avene_skincare", "5": "tube-shoe_polish"}, "semantic_label": {"2": "soap_dish_0", "3": "soap_0", "4": "shampoo_0", "5": "cleanser_0"}, "obj_aabb": {"2": [[-0.15812217444333942, -0.13314602824114427, 0.6229458218792548], [0.0018380045621680385, 0.02683165977676826, 0.671991219615972]], "3": [[-0.10589033656450084, -0.10889235132030115, 0.6253569146943256], [-0.03919514723912541, 0.004637230802159505, 0.6805458656366421]], "4": [[-0.12423850321823131, 0.04613937821409751, 0.6223136262418678], [-0.048316513631961114, 0.12206125244111742, 0.8540219109998353]], "5": [[-0.10675181275630478, 0.16255085213240184, 0.6226755039287902], [-0.06555024087587409, 0.22395684032403002, 0.7878354127234418]]}, "sizes": {"2": "medium", "3": "medium", "4": "medium", "5": "medium"}, "distances": {"(2, 3)": -1.2061578902499565e-05, "(2, 4)": 0.02397904146364023, "(2, 5)": 0.14991789864129254, "(3, 2)": -1.2061578902499565e-05, "(3, 4)": 0.047705701051219816, "(3, 5)": 0.17380151467290395, "(4, 2)": 0.02397904146364023, "(4, 3)": 0.04770570105121982, "(4, 5)": 0.046390376985919864, "(5, 2)": 0.14991789864129254, "(5, 3)": 0.17380151467290395, "(5, 4)": 0.046390376985919864}, "state": {"2": [[-0.07791162181992321, -0.053150103474959735, 0.6473337916937456], [-0.000182803414676456, 0.00011065012197544845, 0.7070915430019279, 0.7071219867566098]], "3": [[-0.07278136811771918, -0.052131668956808666, 0.6532527702932689], [0.025966175473883416, -0.00845807807377045, 0.7082755293972548, 0.705407678653696]], "4": [[-0.0863998459983084, 0.08411951530725215, 0.7386337269067021], [0.7043630023550801, -0.003195506236781824, 0.0031997920575451686, 0.7098255496838759]], "5": [[-0.08639859540387532, 0.1932091048998078, 0.7053956179780694], [0.7083636020477062, -0.002048300782023592, 0.0020612082220874007, 0.7058417408871273]]}, "pickable_objects": [3, 4, 5], "scene_graph": {"left": [[4, 2], [4, 3], [5, 4]], "right": [[2, 4], [3, 4], [4, 5]], "front": [], "behind": [], "on": [[2, 3]], "under": [[3, 2]], "leftbehind": [], "leftfront": [], "rightbehind": [], "rightfront": []}}