{"objects": {"2": "mug", "3": "can-coke_small", "4": "red_marker", "5": "glue_1", "6": "stapler_2"}, "semantic_label": {"2": "cup_0", "3": "can_drink_0", "4": "marker_0", "5": "glue_0", "6": "stapler_0"}, "obj_aabb": {"2": [[0.0977673225022907, -0.22593008816002358, 0.6229875783738975], [0.19754736284870555, -0.10240932915457207, 0.7108978834854939]], "3": [[-0.04202091976262487, -0.18549957411413326, 0.6222926277326292], [0.02316327485745211, -0.12035056576283808, 0.7277080333707339]], "4": [[0.07821809715178969, -0.00859326181583725, 0.6207950419207107], [0.23057312758004816, 0.015881782821773185, 0.6477158595435979]], "5": [[0.1767091273468061, 0.16725409441487032, 0.6162094414953763], [0.27322800189099883, 0.24981597417247703, 0.7646270574535268]], "6": [[0.15925097747943892, 0.19281005227377654, 0.6219218669003984], [0.19632687434375137, 0.3118520555614352, 0.6511588062758756]]}, "sizes": {"2": "medium", "3": "medium", "4": "medium", "5": "medium", "6": "medium"}, "distances": {"(2, 3)": 0.07938701350331506, "(2, 4)": 0.10404846757081258, "(2, 5)": 0.29454771152611225, "(2, 6)": 0.30611619253054034, "(3, 2)": 0.07938701350331508, "(3, 4)": 0.1434826766769658, "(3, 5)": 0.3703413736513739, "(3, 6)": 0.35979423545958916, "(4, 2)": 0.10404846757081258, "(4, 3)": 0.1434826766769658, "(4, 5)": 0.16993522325093852, "(4, 6)": 0.181763634029547, "(5, 2)": 0.29454771152611225, "(5, 3)": 0.3703413736513739, "(5, 4)": 0.16993522325093852, "(5, 6)": 0.002986185012926053, "(6, 2)": 0.30611619253054034, "(6, 3)": 0.35979423545958916, "(6, 4)": 0.18176037197974892, "(6, 5)": 0.002986185012926053}, "state": {"2": [[0.14862434245288836, -0.16418870971706773, 0.6669382527165671], [-5.134567902919349e-06, -1.1022698155009569e-05, 0.7071066882727839, 0.7071068739957436]], "3": [[-0.009254591953656122, -0.15271078155760584, 0.6749571117220493], [0.7092215434784019, -0.0031180176976662445, 0.0031771463715524854, 0.7049716206860273]], "4": [[0.1543979650940266, 0.0036549587521592427, 0.6341484447373497], [-0.00860455405152236, 0.0014018644618520638, 0.9999618435007968, 0.0005549487301629122]], "5": [[0.22495418581796886, 0.20868487088866394, 0.6904273933389158], [0.05403339459433116, -0.026029632802315343, -0.4771078255649266, 0.8767958560973572]], "6": [[0.1777506783538759, 0.2523339151654024, 0.6366289762102865], [-0.0007425524086381513, 0.006793530317844704, -0.7081701448632947, 0.7060087410833107]]}, "pickable_objects": [2, 3, 4, 5, 6], "scene_graph": {"left": [[4, 2], [5, 4], [6, 4]], "right": [[2, 4], [4, 5], [4, 6]], "front": [[3, 2], [6, 5]], "behind": [[2, 3], [5, 6]], "on": [], "under": [], "leftbehind": [[4, 3]], "leftfront": [], "rightbehind": [], "rightfront": [[3, 4]]}}