{"objects": {"2": "square_plate_1", "3": "cutlery-fork_1_new", "4": "cutlery-knife_1", "5": "plastic_lemon", "6": "green_bowl", "7": "glass-new_3"}, "semantic_label": {"2": "plate_0", "3": "fork_0", "4": "knife_0", "5": "fruit_0", "6": "bowl_0", "7": "glass_0"}, "obj_aabb": {"2": [[-0.1019145252055325, 0.1299628794848329, 0.8375922210469091], [0.15495496254595, 0.3871347540734217, 0.8756044174996884]], "3": [[0.26559527036247116, 0.09488848800579928, 0.6183194483079361], [0.3048370021776066, 0.2917755570135229, 0.648267943676793]], "4": [[-0.05718008686764584, 0.07642097488496435, 0.6229899963617976], [0.1559050532143775, 0.10525714008611911, 0.6352289022936913]], "5": [[-0.33527767240454076, 0.09139474951422502, 0.6035595529640275], [-0.21508725993190372, 0.2036518621443242, 0.707669969081094]], "6": [[-0.23768648033967554, -0.17523904285744768, 0.6220998566602243], [-0.10093429894520789, -0.039823308455658915, 0.6835867044621455]], "7": [[-0.02562423125897759, 0.17215242299044314, 0.6227800741187218], [0.07220167672194427, 0.2703788902054063, 0.8455590046678135]]}, "sizes": {"2": "medium", "3": "medium", "4": "medium", "5": "medium", "6": "small", "7": "medium"}, "distances": {"(2, 3)": 0.26546045327261325, "(2, 4)": 0.22210520058635425, "(2, 5)": 0.2594739225645851, "(2, 6)": 0.3160326732712824, "(2, 7)": -1.3134734953840991e-05, "(3, 2)": 0.26546045327261325, "(3, 4)": 0.11744022835267404, "(3, 5)": 0.5135518172469933, "(3, 6)": 0.42231777798151887, "(3, 7)": 0.21659892025073213, "(4, 2)": 0.2221052005863542, "(4, 3)": 0.11744022835267404, "(4, 5)": 0.1977279304272484, "(4, 6)": 0.1612220529931059, "(4, 7)": 0.08351071290753234, "(5, 2)": 0.2594739225645851, "(5, 3)": 0.5135518172469933, "(5, 4)": 0.1977279304272484, "(5, 6)": 0.17558188809615152, "(5, 7)": 0.23871806891345376, "(6, 2)": 0.31603267327128237, "(6, 3)": 0.4223177779815187, "(6, 4)": 0.1612220529931059, "(6, 5)": 0.17558188809615155, "(6, 7)": 0.2817600566956681, "(7, 2)": -1.313473495384793e-05, "(7, 3)": 0.21659892025073213, "(7, 4)": 0.08351071290753233, "(7, 5)": 0.23871806891345376, "(7, 6)": 0.2817600566956681}, "state": {"2": [[0.026608136100889315, 0.25865705928235594, 0.8564614825830649], [0.001007498943871811, 0.008671849667040913, 0.8862551427931699, -0.46311511078984297]], "3": [[0.2851986784437779, 0.19331750423476482, 0.6332316052702864], [-0.487598416688132, 0.5197140718087085, 0.4976472197172674, -0.4944616388709171]], "4": [[0.04907981187074202, 0.090898202523603, 0.6291501817664017], [-3.995248873675702e-10, 0.7071067924317337, 0.7071067699413612, -3.9867870539957676e-10]], "5": [[-0.2672675628472772, 0.14516285843879365, 0.6169463459721035], [0.18509999258010684, 0.19143468719350368, 0.3612419272658536, 0.8936414399921377]], "6": [[-0.1692888759018998, -0.10761451999358176, 0.6527254860658123], [0.0015060451289569006, -0.004216097502424488, -7.9442402272854e-07, 0.9999899781244252]], "7": [[0.023515351086518168, 0.2213690200835045, 0.7341885912825659], [0.7063742050070334, -0.00030748088118150906, 0.00035087224308829544, 0.7078384454413721]]}, "pickable_objects": [2, 3, 4, 5, 6], "scene_graph": {"left": [[5, 6], [7, 4]], "right": [[4, 7], [6, 5]], "front": [[4, 3], [5, 4], [5, 7], [7, 3]], "behind": [[3, 4], [3, 7], [4, 5], [7, 5]], "on": [[7, 2]], "under": [[2, 7]], "leftbehind": [[4, 6], [7, 6]], "leftfront": [], "rightbehind": [], "rightfront": [[6, 4], [6, 7]]}}