{"objects": {"2": "bottle-avene_skincare", "3": "tube-perfax", "4": "soap_dish", "5": "soap"}, "semantic_label": {"2": "shampoo_0", "3": "cleanser_0", "4": "soap_dish_0", "5": "soap_0"}, "obj_aabb": {"2": [[-0.18097219086794117, -0.15586320874540788, 0.6223169435037006], [-0.10505204412994076, -0.07994093510452888, 0.8540247795413052]], "3": [[0.15623928102023749, 0.3407463850127353, 0.6229868399542604], [0.217575213712352, 0.3916568250795351, 0.7803946416809495]], "4": [[-0.08080815385658087, -0.10941298964824513, 0.6229632368195559], [0.0792967290683272, 0.05070530343924044, 0.6719790138971979]], "5": [[-0.035985457981842946, -0.08625384002187106, 0.6257400240122841], [0.03387261014730077, 0.02718889836781016, 0.6797481186131518]]}, "sizes": {"2": "medium", "3": "medium", "4": "medium", "5": "medium"}, "distances": {"(2, 3)": 0.5315791862955027, "(2, 4)": 0.05375956306563368, "(2, 5)": 0.08667407882059941, "(3, 2)": 0.5315791862955027, "(3, 4)": 0.34319090383323453, "(3, 5)": 0.3680769099301914, "(4, 2)": 0.053759563065633675, "(4, 3)": 0.34319090383323453, "(4, 5)": -9.763372216872214e-06, "(5, 2)": 0.08667407882059941, "(5, 3)": 0.3680769099301914, "(5, 4)": -9.763372216872214e-06}, "state": {"2": [[-0.14313445037472264, -0.11788286957168362, 0.7386368209438283], [0.704361746723792, -0.003194071777906839, 0.0031942528610690545, 0.7098268270545611]], "3": [[0.18691081734984735, 0.36622986660531376, 0.7017958592377845], [0.5750877020208884, -0.41137708863834105, -0.4113957358437887, 0.5751491758294749]], "4": [[-0.0005252634947203115, -0.02934695639159908, 0.6473363619248639], [-8.10129189494649e-05, 0.00011736582970609262, 0.706765981168758, 0.7074474026560078]], "5": [[-0.0012870627891538896, -0.02953287898404112, 0.6530516341159353], [0.025950225864515022, 0.010352987587505087, 0.7144393829641141, 0.6991393062154705]]}, "pickable_objects": [2, 3, 5], "scene_graph": {"left": [], "right": [], "front": [[2, 4], [2, 5]], "behind": [[4, 2], [5, 2]], "on": [[4, 5]], "under": [[5, 4]], "leftbehind": [], "leftfront": [], "rightbehind": [], "rightfront": []}}