{"objects": {"2": "cup-stanford", "3": "can-hoegaarden", "4": "black_marker", "5": "glue_1", "6": "stapler_2"}, "semantic_label": {"2": "cup_0", "3": "can_drink_0", "4": "marker_0", "5": "glue_0", "6": "stapler_0"}, "obj_aabb": {"2": [[0.028054528494814004, -0.1693827112699101, 0.6221040009432252], [0.12267885092290647, -0.031501887462094605, 0.7343385925174518]], "3": [[-0.10476164489167639, -0.13087057551227665, 0.6217226549736061], [-0.02538864431394463, -0.04973251779293113, 0.7570109836625771]], "4": [[0.004940413877123018, 0.03498679116148883, 0.6209947540190497], [0.15650208928670725, 0.06055606195180096, 0.6470545777224266]], "5": [[0.06513372838628327, 0.11598377473814622, 0.6162247701543325], [0.1061790365530677, 0.2059893188184592, 0.764708392345106]], "6": [[0.22765608489059297, -0.0026162061644189397, 0.6220110825787963], [0.27838601773406735, 0.11987054376861458, 0.6510734897823582]]}, "sizes": {"2": "medium", "3": "medium", "4": "medium", "5": "medium", "6": "medium"}, "distances": {"(2, 3)": 0.05856004594746812, "(2, 4)": 0.07326173804515373, "(2, 5)": 0.15626288086745874, "(2, 6)": 0.13382268777608164, "(3, 2)": 0.05856004594746812, "(3, 4)": 0.11280062356646058, "(3, 5)": 0.21832788974887654, "(3, 6)": 0.27561648856642657, "(4, 2)": 0.07326173804515373, "(4, 3)": 0.11280062356646058, "(4, 5)": 0.06423781366485326, "(4, 6)": 0.08005680796358747, "(5, 2)": 0.15626288086745874, "(5, 3)": 0.21832788974887654, "(5, 4)": 0.06423781366485327, "(5, 6)": 0.14166103653498552, "(6, 2)": 0.13381490517043948, "(6, 3)": 0.27561648856642657, "(6, 4)": 0.08005680796358747, "(6, 5)": 0.14166103653498552}, "state": {"2": [[0.07563710573846555, -0.10066889257853313, 0.6782458399891966], [0.4987927283880188, 0.5028193881459774, 0.4971682788548195, 0.5012007377411545]], "3": [[-0.06524164012184192, -0.09042785476023163, 0.6894254174422294], [0.7018326548929187, 0.0025297840714501117, -0.002546765904395867, 0.7123328145620819]], "4": [[0.0807139362133588, 0.04768475487912329, 0.6340738060992203], [0.04397318580650311, 0.004203922002701344, 0.0014113730235389627, 0.9990228696061019]], "5": [[0.08578962758477625, 0.16091658129743872, 0.6904761695843588], [-0.004907375047999111, 0.059089709327725205, 0.998237348982188, 0.0025532369096311768]], "6": [[0.2529830966589495, 0.058634610987156055, 0.6366307853511585], [0.000727808358479138, 0.005345571194679213, -0.7488074428956373, 0.6627656513638083]]}, "pickable_objects": [2, 3, 4, 5, 6], "scene_graph": {"left": [[4, 2], [5, 4]], "right": [[2, 4], [4, 5]], "front": [[3, 2], [4, 6], [5, 6]], "behind": [[2, 3], [6, 4], [6, 5]], "on": [], "under": [], "leftbehind": [[6, 2], [4, 3], [5, 3]], "leftfront": [], "rightbehind": [], "rightfront": [[2, 6], [3, 4], [3, 5]]}}