{"objects": {"2": "cup-red_heart", "3": "can-hoegaarden", "4": "black_marker", "5": "stapler_2", "6": "glue_2"}, "semantic_label": {"2": "cup_0", "3": "can_drink_0", "4": "marker_0", "5": "stapler_0", "6": "glue_0"}, "obj_aabb": {"2": [[0.14850371373515375, 0.13253450798785738, 0.6227072009285336], [0.2574316625376043, 0.27600190547250003, 0.7189932063627563]], "3": [[0.052327062120707056, 0.1580869786832459, 0.6217216342122811], [0.1317041273701341, 0.23922146946393702, 0.757010249078359]], "4": [[-0.2344152961522696, 0.2033961987470784, 0.6200781799028705], [-0.19516121151550134, 0.35623510991773044, 0.647968072644038]], "5": [[-0.049599316600497795, -0.15690356283098542, 0.6217668449672943], [0.07271376570965468, -0.0699652710836515, 0.6514008190939343]], "6": [[0.2049683222642979, -0.12286221210964138, 0.619642280959742], [0.27150358914015055, -0.05350255008126801, 0.7925157021531343]]}, "sizes": {"2": "medium", "3": "medium", "4": "medium", "5": "medium", "6": "medium"}, "distances": {"(2, 3)": 0.022674347206611475, "(2, 4)": 0.3657040067070276, "(2, 5)": 0.2552618436170854, "(2, 6)": 0.19565949026468196, "(3, 2)": 0.022674347206611475, "(3, 4)": 0.26613548945426363, "(3, 5)": 0.24050064866114768, "(3, 6)": 0.2518481654797349, "(4, 2)": 0.3657040067070276, "(4, 3)": 0.26613548945426363, "(4, 5)": 0.37126808574887316, "(4, 6)": 0.5097024839005715, "(5, 2)": 0.2552618436170854, "(5, 3)": 0.24050064866114768, "(5, 4)": 0.37126808574887316, "(5, 6)": 0.14827294168194227, "(6, 2)": 0.19565949026468196, "(6, 3)": 0.2518481654797349, "(6, 4)": 0.5097024839005715, "(6, 5)": 0.14827294168194227}, "state": {"2": [[0.20295513232957454, 0.20437663874499215, 0.6709130942505515], [0.4998907368438565, -0.4990491062708201, -0.5009512051015932, 0.5001071193807012]], "3": [[0.09184910329006721, 0.19852791112315232, 0.6894245408766135], [0.7018370316352134, 0.0025441995372293322, -0.0025435927547684542, 0.7123284623051961]], "4": [[-0.21469873639195716, 0.2798005396788881, 0.6340648207718503], [0.06013017004427923, 0.06158124654457844, 0.6742405955323301, 0.7334791967470318]], "5": [[0.0115718316828824, -0.11346899826473125, 0.6366728197264243], [-0.01070271993282657, 0.0021149341227244805, 0.2335312203819706, 0.9722880992517616]], "6": [[0.23806221764122684, -0.08800953778132187, 0.7034214522316037], [-0.021015399763974308, 0.03486336257995309, -0.7076669751194976, 0.7053724911333015]]}, "pickable_objects": [2, 3, 4, 5, 6], "scene_graph": {"left": [[2, 6], [3, 5]], "right": [[5, 3], [6, 2]], "front": [[3, 2], [4, 3], [5, 6]], "behind": [[2, 3], [6, 5], [3, 4]], "on": [], "under": [], "leftbehind": [[2, 5]], "leftfront": [[3, 6]], "rightbehind": [[6, 3]], "rightfront": [[5, 2]]}}