{"objects": {"2": "cup-stanford", "3": "can-hoegaarden", "4": "black_marker", "5": "glue_1", "6": "stapler_2"}, "semantic_label": {"2": "cup_0", "3": "can_drink_0", "4": "marker_0", "5": "glue_0", "6": "stapler_0"}, "obj_aabb": {"2": [[0.028054445786310285, -0.1693826815382628, 0.6221041470573658], [0.12268001420441352, -0.031501124383751536, 0.7343406949867701]], "3": [[-0.10476145000882353, -0.13087126263576412, 0.6217228124730432], [-0.025388477735724314, -0.04973336774297046, 0.7570110252288549]], "4": [[0.004935251581023023, 0.03493301816159313, 0.6209947214957615], [0.1565080963404306, 0.060575460842976166, 0.6470559842380365]], "5": [[0.06512178181301363, 0.11597961580960242, 0.6162292345613496], [0.10618275447878268, 0.20596587533036165, 0.7647043951293302]], "6": [[-0.01953996485207269, -0.0382725554771179, 0.6218497507148535], [0.10325025806393295, 0.014651014574416555, 0.6512399035474841]]}, "sizes": {"2": "medium", "3": "medium", "4": "medium", "5": "medium", "6": "medium"}, "distances": {"(2, 3)": 0.0585605388457742, "(2, 4)": 0.07324001497025676, "(2, 5)": 0.1562601927299706, "(2, 6)": 0.010699612213398978, "(3, 2)": 0.0585605388457742, "(3, 4)": 0.11275816493055225, "(3, 5)": 0.2183240774335426, "(3, 6)": 0.04309831855924777, "(4, 2)": 0.07324001497025676, "(4, 3)": 0.11275816493055225, "(4, 5)": 0.06425150215638362, "(4, 6)": 0.027642211213876312, "(5, 2)": 0.1562601927299706, "(5, 3)": 0.2183240774335426, "(5, 4)": 0.06425150215638363, "(5, 6)": 0.110543402044288, "(6, 2)": 0.010699612213398975, "(6, 3)": 0.04309274838961965, "(6, 4)": 0.027642211213876312, "(6, 5)": 0.110543402044288}, "state": {"2": [[0.07563764642917131, -0.1006684958169977, 0.6782469631191209], [0.49879332402938725, 0.5028239456367919, 0.4971640445111292, 0.5011997729880767]], "3": [[-0.06524146056773765, -0.0904286217049515, 0.6894255170640885], [0.7018357067108217, 0.0025278839320622896, -0.00255369585762323, 0.7123297896522468]], "4": [[0.08071439820086142, 0.04766755719879843, 0.634074480231346], [0.04404589528143608, 0.004208733741880567, 0.0016431590279529509, 0.9990192919546427]], "5": [[0.08578550389149692, 0.16090276151283467, 0.6904763978100088], [-0.004932285286572815, 0.058996667659716805, 0.9982425608906009, 0.0026182806334916777]], "6": [[0.04185256951538043, -0.01177278515007884, 0.636633588161564], [-0.003944607324577371, -0.007207648786419578, 0.9975487113598862, -0.06949142635071576]]}, "pickable_objects": [2, 3, 4, 5, 6], "scene_graph": {"left": [[4, 6], [5, 4], [6, 2], [6, 3]], "right": [[2, 6], [3, 6], [4, 5], [6, 4]], "front": [[3, 2]], "behind": [[2, 3]], "on": [], "under": [], "leftbehind": [[4, 3]], "leftfront": [], "rightbehind": [], "rightfront": [[3, 4]]}}