{"objects": {"2": "round_plate_3", "3": "cutlery-fork_2_new", "4": "cutlery-knife_2_new", "5": "plastic_apple", "6": "yellow_bowl", "7": "glass-new_3"}, "semantic_label": {"2": "plate_0", "3": "fork_0", "4": "knife_0", "5": "fruit_0", "6": "bowl_0", "7": "glass_0"}, "obj_aabb": {"2": [[0.16192387015358836, -0.02424084070033064, 0.6188574514653934], [0.3541176097522324, 0.16802701204886783, 0.6598093501298866]], "3": [[0.17404115606052306, -0.10687797445558345, 0.617789906056112], [0.360267743876295, -0.07541006630756208, 0.6492090936439151]], "4": [[-0.266992491778648, -0.33332188070592544, 0.6229680738228429], [-0.060972865311538824, -0.22467507290172423, 0.6338607003776835]], "5": [[0.21655115996191396, 0.003564545785259332, 0.6349680841534926], [0.32122474813218216, 0.10810818179142956, 0.7142883374886686]], "6": [[-0.04165288610584207, -0.3315009179159601, 0.6228801278732301], [0.13499024620459982, -0.15540475672178006, 0.6828103120591833]], "7": [[0.2064961386612159, 0.2932147473878648, 0.6228041934149726], [0.30424201436369563, 0.3914045744530925, 0.8455350645762254]]}, "sizes": {"2": "medium", "3": "medium", "4": "medium", "5": "medium", "6": "small", "7": "medium"}, "distances": {"(2, 3)": 0.06341387757845592, "(2, 4)": 0.40725141013435934, "(2, 5)": -1.2668316919861415e-05, "(2, 6)": 0.22072940739783253, "(2, 7)": 0.1415388787504559, "(3, 2)": 0.06341387757845592, "(3, 4)": 0.3215788853119471, "(3, 5)": 0.10964020597073584, "(3, 6)": 0.13066344981819103, "(3, 7)": 0.3846265651929075, "(4, 2)": 0.40725141013435934, "(4, 3)": 0.3215788853119471, "(4, 5)": 0.4591195693488579, "(4, 6)": 0.07461243217518869, "(4, 7)": 0.6892457435232701, "(5, 2)": -1.2668316919861849e-05, "(5, 3)": 0.10964020597073584, "(5, 4)": 0.4591195693488579, "(5, 6)": 0.26760961459426175, "(5, 7)": 0.2149576991016949, "(6, 2)": 0.22072940739783253, "(6, 3)": 0.13066344981819103, "(6, 4)": 0.07461243217518869, "(6, 5)": 0.26760961459426175, "(6, 7)": 0.5205373196056802, "(7, 2)": 0.14154613564611307, "(7, 3)": 0.3846265651929075, "(7, 4)": 0.6892457435232701, "(7, 5)": 0.21495769910169493, "(7, 6)": 0.5205373196056802}, "state": {"2": [[0.258012818515897, 0.07215947413562951, 0.6395095461105356], [0.008165723421101835, -0.01042585778230413, 0.9999123032273908, 9.113181538567195e-05]], "3": [[0.2674466746317357, -0.0911479176093731, 0.6334542537056994], [0.013065150616948351, 0.7066411031338535, 0.7073187227861208, -0.013706844908217945]], "4": [[-0.16373338442798754, -0.2789309990833141, 0.628360790934638], [0.6922931342994945, -0.14360145667665475, -0.14350793425901978, 0.6924697182164964]], "5": [[0.26868051812141786, 0.05226946797952144, 0.6390909784741968], [-0.001064630303140679, -0.00047994537574792866, 0.9871544196908589, 0.15976478929838572]], "6": [[0.04665201101319917, -0.24340946913564357, 0.6528296169558022], [0.00024384623619261512, -0.000576634151381942, 0.9821443493580817, -0.18812784232021323]], "7": [[0.2555957151207566, 0.34241301344854036, 0.7341886182587114], [0.7064270064241414, -0.00019830400956187354, 0.00021655706676956086, 0.7077858421678007]]}, "pickable_objects": [3, 4, 5, 6, 7], "scene_graph": {"left": [[2, 3], [7, 2], [7, 5]], "right": [[3, 2], [2, 7], [5, 7]], "front": [[4, 6]], "behind": [[6, 4]], "on": [[2, 5]], "under": [[5, 2]], "leftbehind": [[3, 6], [2, 6]], "leftfront": [], "rightbehind": [], "rightfront": [[6, 3], [6, 2]]}}