{"objects": {"2": "bottle-avene_skincare", "3": "tube-wipp", "4": "soap_dish", "5": "soap"}, "semantic_label": {"2": "shampoo_0", "3": "cleanser_0", "4": "soap_dish_0", "5": "soap_0"}, "obj_aabb": {"2": [[0.13415943352049953, 0.047013878225613225, 0.6223240436331072], [0.21283727458061086, 0.12585635218543104, 0.854015021839843]], "3": [[-0.1679769063203891, 0.01707670350172783, 0.6222582804157072], [-0.11234376915747504, 0.10076004590804477, 0.8081315680183502]], "4": [[-0.3218155700988318, 0.030422198890578483, 0.6229762383812623], [-0.09959467029425717, 0.25264371221088755, 0.6719661979793512]], "5": [[-0.04496195177490781, -0.3946199967542793, 0.6199258073450721], [0.06806505728728238, -0.3253631607103826, 0.6739671209337853]]}, "sizes": {"2": "medium", "3": "medium", "4": "medium", "5": "medium"}, "distances": {"(2, 3)": 0.25447843437031675, "(2, 4)": 0.2736083373808785, "(2, 5)": 0.3997264417098038, "(3, 2)": 0.25447843437031675, "(3, 4)": 0.0034275589344879044, "(3, 5)": 0.37899638243092365, "(4, 2)": 0.2736083373808785, "(4, 3)": 0.0034275589344879044, "(4, 5)": 0.42731547890744265, "(5, 2)": 0.39972644170980376, "(5, 3)": 0.37899638243092365, "(5, 4)": 0.42731547890744265}, "state": {"2": [[0.17361974974119504, 0.0864111241116708, 0.7386355153100769], [0.01704307344454504, 0.7041817676313323, 0.7097316081533661, 0.010891105141942149]], "3": [[-0.1403282049735179, 0.05893749679537186, 0.7152646914576278], [0.709570149490892, 0.0031014852089680215, -0.0031266951238200728, 0.7046210382315975]], "4": [[-0.21056957575206411, 0.1413464530397451, 0.6473364597964109], [3.897639590077319e-05, -5.517493546703531e-05, 0.29427323972622993, 0.9557213274891357]], "5": [[0.011543460673602544, -0.360221806563616, 0.6472542286559663], [0.011401442576227454, 0.025904209271649947, 0.9995713538382804, 0.00748916785088803]]}, "pickable_objects": [2, 3, 4, 5], "scene_graph": {"left": [], "right": [], "front": [[3, 2], [4, 2]], "behind": [[2, 3], [2, 4]], "on": [], "under": [], "leftbehind": [], "leftfront": [[4, 3]], "rightbehind": [[3, 4]], "rightfront": []}}