{"objects": {"2": "cup-yellow_handle", "3": "can-beer_delta", "4": "black_marker", "5": "stapler_2", "6": "glue_1"}, "semantic_label": {"2": "cup_0", "3": "can_drink_0", "4": "marker_0", "5": "stapler_0", "6": "glue_0"}, "obj_aabb": {"2": [[-0.12038358431367618, 0.19185601135490618, 0.6209334000713674], [0.012588754309970564, 0.3544727764441725, 0.7413233310350841]], "3": [[0.1505356248779986, 0.23235979982302335, 0.6224543079967184], [0.26095742529229093, 0.34314465915795567, 0.7567052758806048]], "4": [[0.04766541154602044, -0.06071460969747883, 0.6209951069952677], [0.19924921739206733, -0.03500038477324617, 0.6470571013138726]], "5": [[-0.03388509791490894, 0.08945121599896358, 0.6217609569420961], [0.08951050780325058, 0.17065781247947584, 0.651434209811516]], "6": [[0.16125640238383546, -0.2328548212107548, 0.6162101750863629], [0.20251541991247066, -0.14282009248878752, 0.7647595828694609]]}, "sizes": {"2": "medium", "3": "medium", "4": "medium", "5": "medium", "6": "medium"}, "distances": {"(2, 3)": 0.16805678501468285, "(2, 4)": 0.2647096898121826, "(2, 5)": 0.08336293147351748, "(2, 6)": 0.4188369645913719, "(3, 2)": 0.16805678501468285, "(3, 4)": 0.28967990453795456, "(3, 5)": 0.14415183962288255, "(3, 6)": 0.41057301426535464, "(4, 2)": 0.2647096898121826, "(4, 3)": 0.28967990453795456, "(4, 5)": 0.14995443777504452, "(4, 6)": 0.10351727495929001, "(5, 2)": 0.08336048957800656, "(5, 3)": 0.14415183962288255, "(5, 4)": 0.14995443777504452, "(5, 6)": 0.3069889220099055, "(6, 2)": 0.4188369645913719, "(6, 3)": 0.41057301426535464, "(6, 4)": 0.10351727495928999, "(6, 5)": 0.3069889220099056}, "state": {"2": [[-0.053968840377098606, 0.2732318321142025, 0.6813124650197815], [0.527528746243851, -0.4564231593693565, -0.46862240032448665, 0.5420187887811662]], "3": [[0.20592469309416878, 0.28803887205373085, 0.689609736647431], [-0.2183748556762346, 0.675900438677408, 0.6699447661842002, -0.21597460421648787]], "4": [[0.12345007772764695, -0.047944189017272605, 0.6340752205559043], [0.04410758609621813, 0.004212624543986289, 0.0018719633471455859, 0.9990161512190097]], "5": [[0.027825066266192376, 0.1300191874442973, 0.6366866185401048], [-0.011249167168754027, 0.0022940561965525963, 0.20292411049630668, 0.9791271617739236]], "6": [[0.18201913988694196, -0.18790742499230745, 0.690494673239632], [-0.005622167981777552, 0.0591943100450107, 0.9982272277774612, 0.0026127780625824796]]}, "pickable_objects": [2, 3, 4, 5, 6], "scene_graph": {"left": [[2, 5], [3, 4], [4, 6], [5, 4]], "right": [[4, 5], [5, 2], [6, 4], [4, 3]], "front": [[2, 3]], "behind": [[3, 2]], "on": [], "under": [], "leftbehind": [[3, 5]], "leftfront": [[2, 4]], "rightbehind": [[4, 2]], "rightfront": [[5, 3]]}}