{"objects": {"2": "soap_dish", "3": "soap", "4": "bottle-avene_skincare", "5": "tube-skincare_provencale"}, "semantic_label": {"2": "soap_dish_0", "3": "soap_0", "4": "shampoo_0", "5": "cleanser_0"}, "obj_aabb": {"2": [[-0.11415466251513232, -0.16117995862146792, 0.6229758331875439], [0.04586848765145413, -0.0011544114830831231, 0.6719652810672578]], "3": [[-0.29600736559566426, 0.2874933372732326, 0.6201425887903191], [-0.17211366353633428, 0.37427023821591815, 0.6745833045409191]], "4": [[-0.018829947825854742, 0.27531037307667894, 0.6223390164607877], [0.06000375385799443, 0.35430553511269447, 0.8539952540388774]], "5": [[-0.06670894302199146, 0.2063007023035225, 0.6223690742468908], [-0.025663917251055594, 0.26722055120746, 0.7698137064528674]]}, "sizes": {"2": "medium", "3": "medium", "4": "medium", "5": "medium"}, "distances": {"(2, 3)": 0.34200141973755643, "(2, 4)": 0.2857212271478243, "(2, 5)": 0.2201114485995075, "(3, 2)": 0.34200141973755643, "(3, 4)": 0.16511449110382698, "(3, 5)": 0.13822746122605126, "(4, 2)": 0.2857212271478243, "(4, 3)": 0.16511449110382698, "(4, 5)": 0.04666456948613784, "(5, 2)": 0.2201114485995075, "(5, 3)": 0.13822746122605126, "(5, 4)": 0.04666456948613784}, "state": {"2": [[-0.03391264622579146, -0.08116015210155925, 0.6473357880908084], [-1.4013656988324815e-06, 5.912573178064738e-05, 0.7069501018791181, 0.7072634233121975]], "3": [[-0.23411217410676172, 0.3311191830754498, 0.6476608796823623], [0.007663742262227676, -0.024509166405950415, 0.09968846012248696, 0.9946872768539019]], "4": [[0.020600716777700263, 0.3149308184664271, 0.7386331457339819], [0.5065315667949719, -0.48963056382120396, -0.4888114159117503, 0.514539680186777]], "5": [[-0.04649122378417295, 0.23686697928629322, 0.6961837637067253], [0.7029069673977804, 0.0022351565089242294, -0.0022236137630087523, 0.7112748096206342]]}, "pickable_objects": [2, 3, 4, 5], "scene_graph": {"left": [[4, 2], [5, 2]], "right": [[2, 5], [2, 4]], "front": [[3, 4]], "behind": [[4, 3]], "on": [], "under": [], "leftbehind": [[4, 5]], "leftfront": [[3, 5]], "rightbehind": [[5, 3]], "rightfront": [[5, 4]]}}