{"objects": {"2": "cup-red_heart", "3": "can-hoegaarden", "4": "red_marker", "5": "glue_2", "6": "stapler_1"}, "semantic_label": {"2": "cup_0", "3": "can_drink_0", "4": "marker_0", "5": "glue_0", "6": "stapler_0"}, "obj_aabb": {"2": [[0.1762030213803356, -0.22053312925581256, 0.6227065981544291], [0.2851313931924896, -0.0770650283388358, 0.7189934649496954]], "3": [[0.0261899415546301, -0.1773534568812589, 0.6217226549736061], [0.10556294213236185, -0.09621539916191338, 0.7570109836625771]], "4": [[0.16053155878832992, 0.014166803444721002, 0.6207950419202962], [0.31288658921662293, 0.03864184808290124, 0.6477158595442508]], "5": [[0.2066058535776396, 0.11918559420798247, 0.6196419479759531], [0.2731386315282021, 0.18854383533873142, 0.7925160794645468]], "6": [[-0.12290284687141015, -0.1684468591977199, 0.6217955155728557], [-0.030122236960219338, -0.10039231627197487, 0.682147782751115]]}, "sizes": {"2": "medium", "3": "medium", "4": "medium", "5": "medium", "6": "medium"}, "distances": {"(2, 3)": 0.07579424346784473, "(2, 4)": 0.10254371771770203, "(2, 5)": 0.2051237790706259, "(2, 6)": 0.21525679590904542, "(3, 2)": 0.07579424346784473, "(3, 4)": 0.14696907921016447, "(3, 5)": 0.27165754968495925, "(3, 6)": 0.06343531076908569, "(4, 2)": 0.10254371771770203, "(4, 3)": 0.14696907921016447, "(4, 5)": 0.0879845094150617, "(4, 6)": 0.24886655803846564, "(5, 2)": 0.2051237790706259, "(5, 3)": 0.27165754968495925, "(5, 4)": 0.0879845094150617, "(5, 6)": 0.36646141176989183, "(6, 2)": 0.21525679590904542, "(6, 3)": 0.0634353107690857, "(6, 4)": 0.24886655803846564, "(6, 5)": 0.36646141176989183}, "state": {"2": [[0.23067976278562052, -0.14890751052277865, 0.6709129227172695], [0.4990480365919797, 0.4998911428178104, 0.500105678120539, 0.5009533044282566]], "3": [[0.06570994632446457, -0.13691073612921387, 0.6894254174422294], [0.7018326548929187, 0.002529784071450113, -0.0025467659043959083, 0.7123328145620819]], "4": [[0.23671142673058432, 0.026415024012999163, 0.6341484447374687], [-0.008604554052625115, 0.001401864476970012, 0.9999618435007662, 0.0005549487297647755]], "5": [[0.23969849055564973, 0.15403757642646682, 0.7034214764993535], [-0.021013509831667335, 0.03486718142497368, -0.7076506265961917, 0.7053887600054665]], "6": [[-0.07644886324283601, -0.13421857038407908, 0.6518518155377983], [0.01161708136623855, -0.0019599622964518696, 0.9837716999378341, 0.1790375501668598]]}, "pickable_objects": [2, 3, 4, 5, 6], "scene_graph": {"left": [[4, 2], [5, 4]], "right": [[2, 4], [4, 5]], "front": [[3, 2], [6, 3]], "behind": [[2, 3], [3, 6]], "on": [], "under": [], "leftbehind": [[4, 3], [5, 3], [4, 6]], "leftfront": [], "rightbehind": [], "rightfront": [[3, 4], [6, 4], [3, 5]]}}