{"objects": {"2": "bottle-avene_skincare", "3": "tube-signal", "4": "soap_dish", "5": "soap"}, "semantic_label": {"2": "shampoo_0", "3": "cleanser_0", "4": "soap_dish_0", "5": "soap_0"}, "obj_aabb": {"2": [[-0.15466850229438542, -0.15537550850939658, 0.6223218824849844], [-0.07876689400914674, -0.0794715992178669, 0.854018180153265]], "3": [[0.2503635855705017, -0.10111820796869608, 0.6229180983029587], [0.30343687515362, -0.042049983169935634, 0.7746035638174154]], "4": [[-0.06340735787259502, -0.11399344234019562, 0.6229528537185102], [0.09655709833729215, 0.04598628603430441, 0.671982644997262]], "5": [[-0.019125566592569157, -0.0906404783727664, 0.6256702426571588], [0.05062249651122211, 0.02269416990389262, 0.6798204734977802]]}, "sizes": {"2": "medium", "3": "medium", "4": "medium", "5": "medium"}, "distances": {"(2, 3)": 0.34556035991428685, "(2, 4)": 0.043441608309510854, "(2, 5)": 0.07596803012586995, "(3, 2)": 0.34556035991428685, "(3, 4)": 0.16914237254858153, "(3, 5)": 0.2146401966516344, "(4, 2)": 0.043441608309510854, "(4, 3)": 0.1691423725485815, "(4, 5)": -1.0078838598053148e-05, "(5, 2)": 0.07596803012586995, "(5, 3)": 0.2146401966516344, "(5, 4)": -1.0078838598053148e-05}, "state": {"2": [[-0.11683999369722435, -0.11740438889340607, 0.7386360020785807], [0.7043902552608462, -0.0031653972242283784, 0.0031662527482888433, 0.7097987907833506]], "3": [[0.2767617040306195, -0.07135549351893258, 0.6989191143549316], [-0.18149621960036763, 0.6829425660026323, 0.6839497436193174, -0.18127692080236102]], "4": [[0.01680530957688621, -0.033996495721599865, 0.6473329797295575], [-9.440047846022807e-05, 0.00014830974564078447, 0.7070792915650346, 0.7071342478855468]], "5": [[0.015518487604198215, -0.033973152537294514, 0.6530534161074959], [0.02673724668452518, 0.01107137058190904, 0.7137761072303732, 0.6997758306345138]]}, "pickable_objects": [2, 3, 5], "scene_graph": {"left": [], "right": [], "front": [[2, 4], [2, 5], [4, 3], [5, 3]], "behind": [[3, 4], [3, 5], [4, 2], [5, 2]], "on": [[4, 5]], "under": [[5, 4]], "leftbehind": [], "leftfront": [], "rightbehind": [], "rightfront": []}}