{"objects": {"2": "soap_dish", "3": "soap", "4": "bottle-baby_cleansing_water", "5": "tube-skincare_hydralist"}, "semantic_label": {"2": "soap_dish_0", "3": "soap_0", "4": "shampoo_0", "5": "cleanser_0"}, "obj_aabb": {"2": [[0.012285624665100178, -0.09251776346683122, 0.6229607161724592], [0.17226163880042294, 0.06747745942381136, 0.6719823334062073]], "3": [[0.06418204928068968, -0.0681823737378916, 0.6256074414320616], [0.1312801120431661, 0.045117194668687605, 0.6801512023677707]], "4": [[0.048137554118711706, 0.10587924472185462, 0.622557670072663], [0.11841167432712321, 0.17700274872585015, 0.7858573574187891]], "5": [[0.06098130441868794, 0.2287378266261348, 0.6225163358014455], [0.10490815932216122, 0.2974230296681854, 0.768829566074506]]}, "sizes": {"2": "medium", "3": "medium", "4": "medium", "5": "medium"}, "distances": {"(2, 3)": -1.768447972011521e-05, "(2, 4)": 0.0427522812639287, "(2, 5)": 0.17497191925502498, "(3, 2)": -1.768447972011868e-05, "(3, 4)": 0.06643687020974427, "(3, 5)": 0.19888599814768532, "(4, 2)": 0.042743379357578416, "(4, 3)": 0.06643687020974427, "(4, 5)": 0.06151021678662663, "(5, 2)": 0.17497191925502498, "(5, 3)": 0.19888599814768532, "(5, 4)": 0.061510216786626604}, "state": {"2": [[0.09250408341183092, -0.012513092860201917, 0.647336775032672], [-0.00013022770589907938, 0.00012285449499750253, 0.7070466164763873, 0.7071669181153839]], "3": [[0.09749360114516831, -0.011534745180486196, 0.6531816266568237], [0.02442264647575851, -0.00419614893958481, 0.7090240543944774, 0.7047487615904083]], "4": [[0.08308957065370912, 0.14129498325801132, 0.7039765531756296], [0.7048115072821559, 0.0006087337787708163, -0.0006051882189783811, 0.709394109358868]], "5": [[0.08310301527343351, 0.26311001222770636, 0.6957422414764415], [0.7041359123305275, 0.0007085867100981226, -0.0007071986977659622, 0.7100645144924029]]}, "pickable_objects": [3, 4, 5], "scene_graph": {"left": [[4, 2], [4, 3], [5, 4]], "right": [[2, 4], [3, 4], [4, 5]], "front": [], "behind": [], "on": [[2, 3]], "under": [[3, 2]], "leftbehind": [], "leftfront": [], "rightbehind": [], "rightfront": []}}