{"objects": {"2": "cup-stanford", "3": "can-beer_delta", "4": "small_marker", "5": "glue_2", "6": "stapler_2"}, "semantic_label": {"2": "cup_0", "3": "can_drink_0", "4": "marker_0", "5": "glue_0", "6": "stapler_0"}, "obj_aabb": {"2": [[-0.16386851883223397, -0.31288171323003583, 0.6195466073808745], [-0.06849646473172447, -0.16967047080957554, 0.7385109858597808]], "3": [[-0.21880539505179683, 0.006693472888246607, 0.6224523891021949], [-0.10685911804926154, 0.11864182271384156, 0.7567076436161393]], "4": [[0.17788719233912792, -0.10886246425091863, 0.6222451691306761], [0.33442315182700516, -0.08867178699304075, 0.6433390930106615]], "5": [[-0.14426375729343008, -0.08786791199862717, 0.6205020200885181], [-0.0692911718715018, -0.015068554144888328, 0.7919598306229774]], "6": [[0.25894386231007355, 0.06464591473719047, 0.6221541371676894], [0.29551759675616956, 0.18361787279759575, 0.6510129082006403]]}, "sizes": {"2": "medium", "3": "medium", "4": "medium", "5": "medium", "6": "medium"}, "distances": {"(2, 3)": 0.20330380025677702, "(2, 4)": 0.2920311166940164, "(2, 5)": 0.10229710995994884, "(2, 6)": 0.44783508904090025, "(3, 2)": 0.20330380025677702, "(3, 4)": 0.33971429893023697, "(3, 5)": 0.07187517722030677, "(3, 6)": 0.38669462706741964, "(4, 2)": 0.2920311166940164, "(4, 3)": 0.33971429893023697, "(4, 5)": 0.25938213412527944, "(4, 6)": 0.1582452162195078, "(5, 2)": 0.10229710995994884, "(5, 3)": 0.07187517722030677, "(5, 4)": 0.25938213412527944, "(5, 6)": 0.3594118722668085, "(6, 2)": 0.44783508904090025, "(6, 3)": 0.38669462706741964, "(6, 4)": 0.1582452162195078, "(6, 5)": 0.3594118722668085}, "state": {"2": [[-0.11645235409711342, -0.24104769634485929, 0.6790378205398802], [0.48681126819955645, -0.5161292217514203, -0.48475820048672263, 0.5115025930228384]], "3": [[-0.1625265111167118, 0.06252472549928886, 0.6896099734859523], [0.28538012673272833, 0.6504556320685522, 0.6443887048028006, 0.2832469789757363]], "4": [[0.2561451446589324, -0.09886534761726368, 0.6326375108180019], [0.0006977754579009664, 0.0035449071293749755, -0.000657545939120941, 0.9999932571653632]], "5": [[-0.10692891308669589, -0.051592104030790585, 0.7035692915860122], [-0.033513057644111555, 0.004661821494267003, -0.06931602235442869, 0.9970207778339719]], "6": [[0.2771915855453098, 0.12413460461388275, 0.6366717748487544], [0.0027353426519099934, 0.00321112487731485, -0.7066784893435314, 0.7075222394220152]]}, "pickable_objects": [2, 3, 4, 5, 6], "scene_graph": {"left": [[3, 5], [5, 2], [6, 4]], "right": [[2, 5], [4, 6], [5, 3]], "front": [[5, 4]], "behind": [[4, 5]], "on": [], "under": [], "leftbehind": [[4, 2]], "leftfront": [], "rightbehind": [], "rightfront": [[2, 4]]}}