{"objects": {"2": "square_plate_1", "3": "fork", "4": "cutlery-knife_1_new", "5": "plastic_peach", "6": "yellow_bowl", "7": "glass-new_8"}, "semantic_label": {"2": "plate_0", "3": "fork_0", "4": "knife_0", "5": "fruit_0", "6": "bowl_0", "7": "glass_0"}, "obj_aabb": {"2": [[-0.11073718862882552, -0.043959373938115144, 0.6213327223793619], [0.07403771580083006, 0.14042809212763932, 0.6570501217998801]], "3": [[0.2226117726683176, 0.2477160937499668, 0.614733693730199], [0.3191630278733009, 0.4528305770163411, 0.6474245455547998]], "4": [[-0.10560646497375929, 0.19451813244438612, 0.6228066246891824], [0.10640087490940107, 0.22202891696025154, 0.6331353230552685]], "5": [[-0.07042482679068959, 0.0035797500068001226, 0.6119960452342337], [0.03693534897521022, 0.10118374524107633, 0.7268042784808826]], "6": [[-0.022900336212545197, 0.22517076430824634, 0.6229723359362993], [0.15577698348856672, 0.4043591245334045, 0.6827344111952021]], "7": [[-0.21751008000064134, 0.271032588588413, 0.621971255420707], [-0.14850905604026635, 0.33829366331218375, 0.8329621150109706]]}, "sizes": {"2": "medium", "3": "medium", "4": "medium", "5": "medium", "6": "small", "7": "medium"}, "distances": {"(2, 3)": 0.26114712397430195, "(2, 4)": 0.06270090306300756, "(2, 5)": -8.469829165086516e-06, "(2, 6)": 0.11524129027664795, "(2, 7)": 0.17104617085281956, "(3, 2)": 0.26114712397430195, "(3, 4)": 0.187057356542429, "(3, 5)": 0.3284641129989413, "(3, 6)": 0.13577898511922673, "(3, 7)": 0.4086521258009074, "(4, 2)": 0.06270090306300756, "(4, 3)": 0.18705735654242905, "(4, 5)": 0.11309689000769253, "(4, 6)": 0.04388013131091028, "(4, 7)": 0.10232234290503386, "(5, 2)": -8.469829165086516e-06, "(5, 3)": 0.3284641129989413, "(5, 4)": 0.11309689000769253, "(5, 6)": 0.16854599403751677, "(5, 7)": 0.23783663672491262, "(6, 2)": 0.11524129027664795, "(6, 3)": 0.13577898511922673, "(6, 4)": 0.043904798429665076, "(6, 5)": 0.16854599403751677, "(6, 7)": 0.16034672268643677, "(7, 2)": 0.17104617085281956, "(7, 3)": 0.4086521258009074, "(7, 4)": 0.10232234290503386, "(7, 5)": 0.23783663672491262, "(7, 6)": 0.16034672268643677}, "state": {"2": [[-0.018359734497665127, 0.04809395843971562, 0.6390559308046527], [0.0041681198109569835, 0.00417029023462346, 0.7070948014540467, 0.7070941784608772]], "3": [[0.27016489187013354, 0.3500841014437282, 0.6312198345933299], [0.020021598631872403, 0.01693380644051103, -0.5849398476477923, 0.8106526731106467]], "4": [[0.00046529972926402354, 0.2081672473587148, 0.6279898570621706], [-0.0002633526785173399, 0.7044842201332898, 0.709719544710432, 0.0002865040562749274]], "5": [[-0.012668505999108355, 0.053198533358548274, 0.6305326022537568], [0.1048366422419594, 0.17731457527321368, -0.012148867144219538, 0.9784790364980863]], "6": [[0.0663960283022221, 0.31478413547465045, 0.6528377237082171], [-7.153768197326679e-05, 8.06117822153118e-05, -0.837426490208573, 0.5465499628405911]], "7": [[-0.1831482611141181, 0.30467381285613815, 0.7276124228500699], [0.7097186966763623, 0.0058698068796678386, -0.005795957432282911, 0.704436884207978]]}, "pickable_objects": [3, 4, 5, 6, 7], "scene_graph": {"left": [[4, 2], [6, 4], [4, 5]], "right": [[2, 4], [4, 6], [5, 4]], "front": [[6, 3], [7, 6]], "behind": [[3, 6], [6, 7]], "on": [[2, 5]], "under": [[5, 2]], "leftbehind": [[3, 4], [3, 2]], "leftfront": [[7, 4], [7, 2]], "rightbehind": [[4, 7], [2, 7]], "rightfront": [[4, 3], [2, 3]]}}