{"objects": {"2": "cup-new_york_big", "3": "can-beer_delta", "4": "red_marker", "5": "stapler_1", "6": "glue_2"}, "semantic_label": {"2": "cup_0", "3": "can_drink_0", "4": "marker_0", "5": "stapler_0", "6": "glue_0"}, "obj_aabb": {"2": [[-0.049004810923557345, -0.11842322039590167, 0.6175488774771688], [0.05747652103239264, 0.015943909669050967, 0.7411989220516756]], "3": [[0.1240684676643108, 0.2525088105632418, 0.6224598551423276], [0.23617064639994878, 0.36446132710541346, 0.7567021762543643]], "4": [[-0.09576400772434593, -0.20796663922939596, 0.6207949909659356], [0.05659104072052329, -0.1834915666607675, 0.6477159655204319]], "5": [[-0.11571323158404888, -0.3701009767541166, 0.6217661728141944], [-0.0736535810905065, -0.28650308503003996, 0.6822724205988074]], "6": [[0.00689709249479388, -0.38387355782317895, 0.6196420376397471], [0.07343190997955552, -0.314512053187272, 0.7925160678588954]]}, "sizes": {"2": "medium", "3": "medium", "4": "medium", "5": "medium", "6": "medium"}, "distances": {"(2, 3)": 0.30398492053782794, "(2, 4)": 0.0719722500623026, "(2, 5)": 0.19014382039467323, "(2, 6)": 0.20649365099764028, "(3, 2)": 0.30398492053782794, "(3, 4)": 0.4756014792347267, "(3, 5)": 0.6143300805865943, "(3, 6)": 0.6069463748038978, "(4, 2)": 0.0719722500623026, "(4, 3)": 0.4756014792347267, "(4, 5)": 0.08387578967991641, "(4, 6)": 0.11403637722397812, "(5, 2)": 0.19014382039467323, "(5, 3)": 0.6143300805865943, "(5, 4)": 0.08387578967991641, "(5, 6)": 0.09300787685127458, "(6, 2)": 0.20649365099764028, "(6, 3)": 0.6069463748038978, "(6, 4)": 0.11403637722397812, "(6, 5)": 0.09300787685127458}, "state": {"2": [[0.004217853124396539, -0.05108407162799377, 0.6792953713930396], [0.4936762809973035, -0.48188235266657153, -0.5179161423573898, 0.5058023302188724]], "3": [[0.1802461535984063, 0.30879792767787523, 0.6896109679521091], [-0.27548534896830945, 0.6546670317099822, 0.6489972542275299, -0.2726196326403821]], "4": [[-0.019584130685055785, -0.1957184048336301, 0.6341484722365597], [-0.008604969017748959, 0.001402507806213512, 0.9999618390302663, 0.000554944380063297]], "5": [[-0.09447170660354562, -0.3282918388053711, 0.6519013883086051], [0.004274001819724141, -0.010625095630368554, 0.705863437177, 0.7082553552977641]], "6": [[0.03999077035330345, -0.34901993188204167, 0.7034215149267272], [-0.021010419776421613, 0.03486644480478182, -0.707666779553061, 0.7053726833415744]]}, "pickable_objects": [2, 3, 4, 5, 6], "scene_graph": {"left": [[2, 4], [4, 5], [4, 6]], "right": [[4, 2], [5, 4], [6, 4]], "front": [[5, 6]], "behind": [[6, 5]], "on": [], "under": [], "leftbehind": [[2, 5]], "leftfront": [], "rightbehind": [], "rightfront": [[5, 2]]}}