{"objects": {"2": "round_plate_3", "3": "cutlery-fork_2_new", "4": "cutlery-knife_1_new", "5": "plastic_lemon", "6": "doraemon_bowl", "7": "glass-new_1"}, "semantic_label": {"2": "plate_0", "3": "fork_0", "4": "knife_0", "5": "fruit_0", "6": "bowl_0", "7": "glass_0"}, "obj_aabb": {"2": [[-0.10634825260613233, -0.0006546197650726809, 0.620007164364176], [0.08571474006115333, 0.19132025352364845, 0.6585862303252328]], "3": [[-0.09328037461124246, -0.10040707454166707, 0.6177826995463429], [0.09294435024067162, -0.06893373808711105, 0.649220890248752]], "4": [[-0.09549650863573883, 0.2596172648911975, 0.6228066309301202], [0.11651083990590946, 0.2871281089182961, 0.6331353091938742]], "5": [[-0.04987072624616268, 0.04843898225896051, 0.6123572583723876], [0.04542384109750923, 0.1495042097989613, 0.7235691272299113]], "6": [[-0.25950841645282835, -0.00013661871944489756, 0.6212627221169889], [-0.12156117899828117, 0.18090142883015467, 0.686651304874969]], "7": [[-0.2425881434025936, 0.32780422907263107, 0.6200475501324105], [-0.14366659394502185, 0.43342400921513646, 0.7619045163769709]]}, "sizes": {"2": "medium", "3": "medium", "4": "medium", "5": "medium", "6": "small", "7": "medium"}, "distances": {"(2, 3)": 0.07941280624149225, "(2, 4)": 0.07679260564396748, "(2, 5)": -2.160162709244611e-05, "(2, 6)": 0.02587601219663311, "(2, 7)": 0.20302908005511494, "(3, 2)": 0.07941280624149225, "(3, 4)": 0.33321290089948186, "(3, 5)": 0.1460816188594318, "(3, 6)": 0.11216750717286596, "(3, 7)": 0.42268660349362314, "(4, 2)": 0.07679260564396748, "(4, 3)": 0.33321290089948186, "(4, 5)": 0.13659516439314698, "(4, 6)": 0.12809906567649673, "(4, 7)": 0.113536215832943, "(5, 2)": -2.160162709244611e-05, "(5, 3)": 0.1460816188594318, "(5, 4)": 0.13659516439314698, "(5, 6)": 0.08986351992403384, "(5, 7)": 0.26482278837204043, "(6, 2)": 0.025876012196633102, "(6, 3)": 0.11216750717286596, "(6, 4)": 0.12809906567649673, "(6, 5)": 0.08986351992403381, "(6, 7)": 0.15732006341282193, "(7, 2)": 0.20302908005511494, "(7, 3)": 0.42268660349362314, "(7, 4)": 0.113536215832943, "(7, 5)": 0.26482278837204043, "(7, 6)": 0.15732006341282193}, "state": {"2": [[-0.010325170983132737, 0.09560094827615269, 0.6394701547729852], [0.006947299251835443, -0.005433979185896025, 0.9999611026761284, -6.168803538146968e-06]], "3": [[0.00012421179906170447, -0.08467429741097511, 0.633456543840589], [0.01308765659142985, 0.706444059210813, 0.707515418058157, -0.013690787438488792]], "4": [[0.010575260363055474, 0.2732664095535252, 0.6279898533297765], [-0.00026324170820790415, 0.7044844801355353, 0.709719286622145, 0.0002866156334969786]], "5": [[-0.0020857838883515368, 0.09540305715471491, 0.6285841335263682], [0.2858915832084669, 0.15979166821490803, 0.001997025047430163, 0.9448431813325494]], "6": [[-0.1905947975588066, 0.09038287954407469, 0.6539499442622], [-0.00022161039775467185, 0.006070924955658509, 0.7070910081236551, 0.7070964580520027]], "7": [[-0.19318035728865532, 0.3804398939435034, 0.6909072898348849], [0.7241768611314712, 0.0001554547523275556, -0.00022793130017262724, 0.6896142383121975]]}, "pickable_objects": [3, 4, 5, 6, 7], "scene_graph": {"left": [[4, 2], [7, 6], [2, 3], [5, 3]], "right": [[3, 2], [3, 5], [2, 4], [6, 7]], "front": [[6, 2], [6, 5]], "behind": [[2, 6], [5, 6]], "on": [[2, 5]], "under": [[5, 2]], "leftbehind": [[4, 6]], "leftfront": [[6, 3], [7, 4], [7, 2]], "rightbehind": [[3, 6], [4, 7], [2, 7]], "rightfront": [[6, 4]]}}