{"objects": {"2": "cup-stanford", "3": "can-monster_blue", "4": "black_marker", "5": "stapler_2", "6": "glue_2"}, "semantic_label": {"2": "cup_0", "3": "can_drink_0", "4": "marker_0", "5": "stapler_0", "6": "glue_0"}, "obj_aabb": {"2": [[0.20533614904486824, 0.3294823417485824, 0.6221010038266894], [0.3644083942585841, 0.45884583824434644, 0.7343398669073704]], "3": [[0.0032623386355310896, 0.04801112182531164, 0.6227596175453254], [0.07548756115517846, 0.1202572052644574, 0.7980936963415355]], "4": [[0.04767562021000858, -0.06060841554960037, 0.6209947528016593], [0.19923734797829545, -0.03503880010070449, 0.6470545854664698]], "5": [[0.035249827727510785, -0.23041992119942964, 0.6219238010844562], [0.07230879843349951, -0.11138270056070207, 0.6511566740782208]], "6": [[0.1465463093613782, -0.22569740214796688, 0.6196421599172823], [0.2130813527218029, -0.15633682353209735, 0.7925158840754503]]}, "sizes": {"2": "medium", "3": "medium", "4": "medium", "5": "medium", "6": "medium"}, "distances": {"(2, 3)": 0.29906080355549874, "(2, 4)": 0.38781466610509274, "(2, 5)": 0.49543466051461355, "(2, 6)": 0.5113448642031041, "(3, 2)": 0.29906080355549874, "(3, 4)": 0.09048350340351163, "(3, 5)": 0.16362306266996696, "(3, 6)": 0.24247490976939137, "(4, 2)": 0.38781466610509274, "(4, 3)": 0.09048350340351163, "(4, 5)": 0.05600323884778054, "(4, 6)": 0.10501644157082035, "(5, 2)": 0.49543466051461355, "(5, 3)": 0.16362306266996696, "(5, 4)": 0.05600323884778054, "(5, 6)": 0.08712132283654532, "(6, 2)": 0.5113448642031041, "(6, 3)": 0.24247490976939137, "(6, 4)": 0.10501644157082035, "(6, 5)": 0.08712132283654535}, "state": {"2": [[0.28501276794066205, 0.39448770874740663, 0.678244999190465], [-0.1044222332132185, 0.7005010772500283, 0.6990764073509342, -0.09841958477673364]], "3": [[0.03928694339080974, 0.08418999174589546, 0.7103996066067976], [0.7069616177128863, -0.0013741738803779927, 0.0013830859049582857, 0.7072492275006773]], "4": [[0.12344916891098436, -0.04791027955740229, 0.6340738092936169], [0.04397357643503564, 0.004203944866149984, 0.0014124579220526727, 0.9990228507825498]], "5": [[0.05374105815584672, -0.17089845344993893, 0.6366288741474818], [-0.0007186460126428339, 0.006761860834141664, -0.7081264369438678, 0.7060529088440545]], "6": [[0.17964009655027968, -0.19084425444894165, 0.703421483418795], [-0.021012922582626537, 0.03486489587146543, -0.7076668778291831, 0.7053725867539115]]}, "pickable_objects": [2, 3, 4, 5, 6], "scene_graph": {"left": [[3, 4], [4, 5], [4, 6]], "right": [[4, 3], [5, 4], [6, 4]], "front": [[5, 6]], "behind": [[6, 5]], "on": [], "under": [], "leftbehind": [[2, 3]], "leftfront": [[3, 6]], "rightbehind": [[6, 3]], "rightfront": [[3, 2]]}}