{"objects": {"2": "bottle-baby_cleansing_water", "3": "tube-wasabi", "4": "soap_dish", "5": "soap"}, "semantic_label": {"2": "shampoo_0", "3": "cleanser_0", "4": "soap_dish_0", "5": "soap_0"}, "obj_aabb": {"2": [[0.16038845073602187, -0.24685922199861976, 0.6225584506330509], [0.25996866004180735, -0.1469385134995685, 0.7858556586737676]], "3": [[-0.10000265763553155, 0.04867767825114283, 0.6229900000727262], [-0.06970794691742714, 0.09007451494920451, 0.7719748969709976]], "4": [[-0.019202980738132557, -0.10348734719895418, 0.622969237695811], [0.14084553071239264, 0.05657624913585589, 0.6719741960462696]], "5": [[-0.21109956627592424, -0.14018019342107307, 0.6200005120181424], [-0.082496503218445, -0.02946539629114253, 0.6739095062059857]]}, "sizes": {"2": "medium", "3": "medium", "4": "medium", "5": "medium"}, "distances": {"(2, 3)": 0.35134150901114264, "(2, 4)": 0.11735530968981882, "(2, 5)": 0.28921074473746394, "(3, 2)": 0.35134150901114264, "(3, 4)": 0.08085505600725966, "(3, 5)": 0.10099639322044784, "(4, 2)": 0.11735530968981885, "(4, 3)": 0.08085505600725966, "(4, 5)": 0.08382182826231763, "(5, 2)": 0.28921074473746394, "(5, 3)": 0.10099639322044784, "(5, 4)": 0.08382182826231763}, "state": {"2": [[0.2101576084504436, -0.19713364263958935, 0.7039760875210868], [0.6470369670052555, 0.2794692112207249, 0.2801905458491649, 0.6517157212504949]], "3": [[-0.08492050649823463, 0.06930587860333798, 0.6974733960664367], [0.707106781186555, -4.908696322602945e-14, -2.7028315293330023e-14, 0.70710678118654]], "4": [[0.06105172854224082, -0.023448582363219218, 0.647336965509141], [-9.338311642407155e-05, 9.302770516296142e-05, 0.706885197312029, 0.7073282833639367]], "5": [[-0.14669809583952254, -0.08503090575551688, 0.6472624036501107], [0.004914891483692861, 0.02706830295746164, 0.9723544751490626, -0.23188343078861354]]}, "pickable_objects": [2, 3, 4, 5], "scene_graph": {"left": [[3, 5]], "right": [[5, 3]], "front": [[3, 4], [5, 4], [5, 2]], "behind": [[2, 5], [4, 3], [4, 5]], "on": [], "under": [], "leftbehind": [], "leftfront": [[4, 2]], "rightbehind": [[2, 4]], "rightfront": []}}