{"objects": {"2": "square_plate_3", "3": "fork", "4": "cutlery-knife_2_new", "5": "plastic_lemon", "6": "green_bowl", "7": "glass-small_3"}, "semantic_label": {"2": "plate_0", "3": "fork_0", "4": "knife_0", "5": "fruit_0", "6": "bowl_0", "7": "glass_0"}, "obj_aabb": {"2": [[0.07111660145883536, -0.21261579845711892, 0.6211237661181394], [0.25628841768533733, -0.028775026182617416, 0.6574576247407934]], "3": [[0.07240787681513637, -0.33249637170029117, 0.6147554414965026], [0.2772271276449342, -0.2982771390608831, 0.6473974391773496]], "4": [[0.07971649350417605, 0.058805510335016395, 0.6229900000926207], [0.2929783017207622, 0.0848042051053904, 0.6338385368958177]], "5": [[0.1664299772254176, -0.11642239161767845, 0.610842638120907], [0.2578425300029048, -0.019432947547697747, 0.7155601925307474]], "6": [[-0.20082994974749382, 0.09832709085475833, 0.6227932896872497], [-0.017798354798206933, 0.28091738329267274, 0.6830665908633877]], "7": [[0.12862940006340015, 0.16872303711481068, 0.6218331933173062], [0.19353466703800484, 0.23438026741035528, 0.7535472911702386]]}, "sizes": {"2": "medium", "3": "medium", "4": "medium", "5": "medium", "6": "small", "7": "medium"}, "distances": {"(2, 3)": 0.09229820370868619, "(2, 4)": 0.09356887166479168, "(2, 5)": -3.844022305370424e-05, "(2, 6)": 0.2367461280129381, "(2, 7)": 0.2044215472444375, "(3, 2)": 0.09229820370868619, "(3, 4)": 0.3612966927667241, "(3, 5)": 0.20569368852889322, "(3, 6)": 0.46439013057605993, "(3, 7)": 0.47437195628486034, "(4, 2)": 0.09356887166479168, "(4, 3)": 0.3612966927667241, "(4, 5)": 0.10461566343823489, "(4, 6)": 0.16767707747925123, "(4, 7)": 0.09104139574912506, "(5, 2)": -3.844022305370424e-05, "(5, 3)": 0.20569368852889316, "(5, 4)": 0.10461566343823489, "(5, 6)": 0.3155131258785074, "(5, 7)": 0.21564838945267972, "(6, 2)": 0.2367461280129381, "(6, 3)": 0.46439013057605993, "(6, 4)": 0.16767707747925123, "(6, 5)": 0.3155131258785074, "(6, 7)": 0.178181169278308, "(7, 2)": 0.2044215472444375, "(7, 3)": 0.47437195628486034, "(7, 4)": 0.09104139574912506, "(7, 5)": 0.21564838945267972, "(7, 6)": 0.178181169278308}, "state": {"2": [[0.16369449747241366, -0.1204661587172927, 0.6395114678810805], [-1.2254851375495478e-05, 0.00782734799032213, 0.7075016743269231, 0.706668319155357]], "3": [[0.17486570064503623, -0.314641585992482, 0.6312179608869786], [-0.02541689186650718, 0.005785661044925834, 0.9996601956240501, 3.192186310804779e-05]], "4": [[0.1861454906035827, 0.07164381668023127, 0.6283606709964616], [3.0038781089001163e-13, 0.7071067811779526, 0.7071067811951425, -6.121372551368964e-14]], "5": [[0.2156818794591823, -0.07434283859268055, 0.6243460698387785], [0.2632250238812639, 0.09281375535062367, -0.047757827823540155, 0.9590711045078981]], "6": [[-0.10937077155880301, 0.18968718488567357, 0.6528122087975101], [0.0008520712599528281, 0.0005163115806347957, 0.9720642383607468, -0.23471285413683868]], "7": [[0.16097411533216702, 0.20146101820248408, 0.6876543297151728], [0.7125281739045899, -0.0034538752844514246, 0.003409472374941529, 0.7016267153093834]]}, "pickable_objects": [2, 3, 4, 5, 6, 7], "scene_graph": {"left": [[2, 3], [4, 2], [4, 5], [7, 4], [5, 3]], "right": [[3, 2], [3, 5], [4, 7], [5, 4], [2, 4]], "front": [[6, 7]], "behind": [[7, 6]], "on": [], "under": [], "leftbehind": [[5, 2]], "leftfront": [[6, 4], [6, 2]], "rightbehind": [[4, 6], [2, 6]], "rightfront": [[2, 5]]}}