{"objects": {"2": "cup-white_hogermann", "3": "can-redbull", "4": "red_marker", "5": "glue_2", "6": "stapler_2"}, "semantic_label": {"2": "cup_0", "3": "can_drink_0", "4": "marker_0", "5": "glue_0", "6": "stapler_0"}, "obj_aabb": {"2": [[0.12905267545929625, -0.2589033349598695, 0.6222012501556685], [0.23853942598571862, -0.11750822978766716, 0.7083841367655951]], "3": [[0.14569240465439498, 0.06657778235809539, 0.7777789244984], [0.22841093180517302, 0.1431681038996621, 0.9226207452058975]], "4": [[0.17728915685015506, -0.13465938436975317, 0.6207798826774971], [0.25759460299504305, 0.01546753910549356, 0.647741714858385]], "5": [[0.15867300445864624, 0.06473741635305663, 0.619658705346316], [0.22586310890086947, 0.1346314059863496, 0.7925039914070952]], "6": [[0.19439697930805278, 0.1661168327792178, 0.6221399769250027], [0.2309219033201373, 0.2850655501866796, 0.6510122045878737]]}, "sizes": {"2": "medium", "3": "medium", "4": "medium", "5": "medium", "6": "medium"}, "distances": {"(2, 3)": 0.21567575650979678, "(2, 4)": 0.02335898834938483, "(2, 5)": 0.19105825025238415, "(2, 6)": 0.29131511214530703, "(3, 2)": 0.21567575650979678, "(3, 4)": 0.1567468774474022, "(3, 5)": -9.926869165412331e-06, "(3, 6)": 0.1462575238828166, "(4, 2)": 0.02335898834938483, "(4, 3)": 0.1567468774474022, "(4, 5)": 0.06010321704241198, "(4, 6)": 0.1584306408205122, "(5, 2)": 0.19105825025238415, "(5, 3)": -9.926869165411897e-06, "(5, 4)": 0.06010321704241198, "(5, 6)": 0.041303000871558325, "(6, 2)": 0.29131996686868433, "(6, 3)": 0.1462575238828166, "(6, 4)": 0.1584306408205122, "(6, 5)": 0.041303000871558325}, "state": {"2": [[0.1836502849271319, -0.18836013220331324, 0.6652341121067428], [0.5025246199737472, 0.50208699931927, 0.4978940863983419, 0.49747274313712175]], "3": [[0.1869659508673928, 0.1049341278115566, 0.8501474209136505], [0.4191165495069779, 0.5812735814072172, 0.569875253093004, 0.40212502707438763]], "4": [[0.21743117675732856, -0.05959778058448087, 0.634153783530448], [0.00635767297749531, 0.006175771754418987, -0.5565197757490313, 0.8307870840581216]], "5": [[0.19209517458066844, 0.09985723896861592, 0.7034237522223098], [-0.02118071810438857, 0.03484796763141005, -0.711090567300588, 0.7019168052046273]], "6": [[0.21262036000216641, 0.2255939333018078, 0.6366643697375861], [0.0024562371773391525, 0.003420099407459572, -0.7068799991548256, 0.7073209572844887]]}, "pickable_objects": [2, 3, 4, 6], "scene_graph": {"left": [[4, 2], [6, 5], [5, 4]], "right": [[2, 4], [4, 5], [5, 6]], "front": [], "behind": [], "on": [[5, 3]], "under": [[3, 5]], "leftbehind": [], "leftfront": [], "rightbehind": [], "rightfront": []}}