{"objects": {"2": "soap_dish", "3": "soap", "4": "bottle-avene_skincare", "5": "tube-signal_pokemon"}, "semantic_label": {"2": "soap_dish_0", "3": "soap_0", "4": "shampoo_0", "5": "cleanser_0"}, "obj_aabb": {"2": [[-0.0003404345265622666, -0.19210146611109757, 0.6229676336362917], [0.15961442260963657, -0.03213069151981167, 0.671975605591981]], "3": [[-0.10412101314888289, 0.09998335850054248, 0.6198406608450144], [-0.01773638058575043, 0.22366483904611106, 0.6745994469868508]], "4": [[0.03401844900889767, -0.014313105165703409, 0.6223229960016758], [0.10991589273443239, 0.06158667173588162, 0.8540166991557292]], "5": [[0.06721326318668486, -0.2950770667715573, 0.6227907391039719], [0.13880555309851988, -0.2321348451953107, 0.7899761640690205]]}, "sizes": {"2": "medium", "3": "medium", "4": "medium", "5": "medium"}, "distances": {"(2, 3)": 0.1758945616941879, "(2, 4)": 0.022483595643885086, "(2, 5)": 0.056794569711173803, "(3, 2)": 0.1758945616941879, "(3, 4)": 0.1105866812814141, "(3, 5)": 0.38398513894858516, "(4, 2)": 0.02248359564388508, "(4, 3)": 0.1105866812814141, "(4, 5)": 0.23566977688740418, "(5, 2)": 0.05679456971117379, "(5, 3)": 0.38398513894858516, "(5, 4)": 0.23566977688740418}, "state": {"2": [[0.07986744320387056, -0.11210897952288985, 0.6473368676616851], [-9.906659589127739e-05, 0.00010007605511536554, 0.7070924225030368, 0.7071211255572694]], "3": [[-0.06069523631300907, 0.1617793580256927, 0.647522185954654], [-0.0077827390306155625, -0.02435989216874578, -0.7724460502342146, 0.6345653032622172]], "4": [[0.0718448828187389, 0.023655938400223845, 0.7386358207097588], [0.7043972721077978, -0.003157659213268738, 0.003162472846086586, 0.7097918786523862]], "5": [[0.10307714610681674, -0.2636161068528423, 0.7062723858245616], [0.37003482572279556, 0.6013952208727363, 0.6042092228461935, 0.3692278850402985]]}, "pickable_objects": [2, 3, 4, 5], "scene_graph": {"left": [[2, 5], [4, 2]], "right": [[2, 4], [5, 2]], "front": [], "behind": [], "on": [], "under": [], "leftbehind": [], "leftfront": [[3, 4], [3, 2]], "rightbehind": [[2, 3], [4, 3]], "rightfront": []}}