{"objects": {"2": "bottle-avene_skincare", "3": "tube-skincare_hydralist", "4": "soap_dish", "5": "soap"}, "semantic_label": {"2": "shampoo_0", "3": "cleanser_0", "4": "soap_dish_0", "5": "soap_0"}, "obj_aabb": {"2": [[0.1873844310229085, 0.14145070625662737, 0.6223246835435585], [0.28796160070256527, 0.24035832470597268, 0.8540141171308806]], "3": [[-0.23780302886151478, -0.06438963449011384, 0.6225161699182811], [-0.19387525416208606, 0.004292774660331466, 0.7688281815530289]], "4": [[-0.17720420552985405, -0.18362535344559847, 0.6229573453009757], [-0.017213331950259994, -0.023626490847255932, 0.6719744767214503]], "5": [[-0.1325648598342946, -0.16022308320027898, 0.6256882106206769], [-0.06311598089955657, -0.04706182587979887, 0.6797887269327256]]}, "sizes": {"2": "medium", "3": "medium", "4": "medium", "5": "medium"}, "distances": {"(2, 3)": 0.44994360109786175, "(2, 4)": 0.3328013383284341, "(2, 5)": 0.3618802748779916, "(3, 2)": 0.44994360109786175, "(3, 4)": 0.04037726925240845, "(3, 5)": 0.07246676755320546, "(4, 2)": 0.3328013383284341, "(4, 3)": 0.04037726925240845, "(4, 5)": -9.287725530885988e-06, "(5, 2)": 0.3618802748779916, "(5, 3)": 0.07246676755320546, "(5, 4)": -9.281794327224095e-06}, "state": {"2": [[0.23755388657583026, 0.190871076547799, 0.738635385633037], [0.6888828953200269, 0.1469773490106057, 0.15423470441424064, 0.6928561693220053]], "3": [[-0.21568085839679707, -0.030018845271244748, 0.6957414666916008], [0.7041426509838385, 0.0007130971663514694, -0.0007032982221092349, 0.710057831397904]], "4": [[-0.09697833629853606, -0.10361875292915093, 0.6473311341686812], [-4.181072171519483e-05, 0.00012031495649554663, 0.7071888820167326, 0.7070246593493743]], "5": [[-0.09807046998038078, -0.10364175485797737, 0.6530464720551458], [0.02655612742333069, 0.01106632737629812, 0.7128634987381608, 0.7007124521952387]]}, "pickable_objects": [2, 3, 5], "scene_graph": {"left": [], "right": [], "front": [[3, 4], [3, 5]], "behind": [[4, 3], [5, 3]], "on": [[4, 5]], "under": [[5, 4]], "leftbehind": [], "leftfront": [], "rightbehind": [], "rightfront": []}}