{"objects": {"2": "cup-yellow_white_border", "3": "can-redbull", "4": "red_marker", "5": "stapler_2", "6": "glue_1"}, "semantic_label": {"2": "cup_0", "3": "can_drink_0", "4": "marker_0", "5": "stapler_0", "6": "glue_0"}, "obj_aabb": {"2": [[0.2021490647791502, 0.14210190987087962, 0.622789135667949], [0.3090240391343775, 0.2860135889406655, 0.7621519017424935]], "3": [[-0.10839899032036052, 0.26344701632977385, 0.6213690464024889], [-0.029581978671408722, 0.3360458979027885, 0.7660664459199306]], "4": [[0.15733283093507122, 0.06666198572699594, 0.6207951854832858], [0.30968780875611907, 0.09113696762753445, 0.6477155563975026]], "5": [[0.16772475338133994, -0.1258967424119123, 0.6220121688981721], [0.28903700277627187, -0.08058020495980114, 0.6510693049956324]], "6": [[-0.012769970117848615, 0.3264466530923888, 0.6163152537397616], [0.07028241709676403, 0.4227010407744582, 0.764651211954442]]}, "sizes": {"2": "medium", "3": "medium", "4": "medium", "5": "medium", "6": "medium"}, "distances": {"(2, 3)": 0.2609355717583889, "(2, 4)": 0.06498950280082727, "(2, 5)": 0.24111951828611383, "(2, 6)": 0.220720837156175, "(3, 2)": 0.2609355717583889, "(3, 4)": 0.285240484570428, "(3, 5)": 0.4279074322954611, "(3, 6)": 0.0654787143711171, "(4, 2)": 0.06498950280082727, "(4, 3)": 0.285240484570428, "(4, 5)": 0.1528050754850185, "(4, 6)": 0.29181864649723455, "(5, 2)": 0.24111951828611383, "(5, 3)": 0.4279074322954611, "(5, 4)": 0.1528050754850185, "(5, 6)": 0.456161700341482, "(6, 2)": 0.220720837156175, "(6, 3)": 0.0654787143711171, "(6, 4)": 0.29181864649723455, "(6, 5)": 0.456161700341482}, "state": {"2": [[0.25576730941370013, 0.2140892259645467, 0.6923972967286453], [-0.5006332951232328, 0.5006644447371877, 0.49933466243813673, -0.49936591040823913]], "3": [[-0.06903208364724583, 0.2998429990656553, 0.6936649501843206], [0.5610094045243089, 0.44986263289547634, 0.43505284166240077, 0.5418681431133412]], "4": [[0.23351267231148012, 0.07891017525681873, 0.634148364972854], [-0.00860332669715653, 0.0014003213707732317, 0.9999618562099918, 0.0005549728537020316]], "5": [[0.22837523752226196, -0.10327674044079277, 0.6366292348825493], [-0.0033519503389375766, 0.004197740408357667, -0.037193379952083265, 0.9992936484798296]], "6": [[0.02868917317926094, 0.3747085819334407, 0.690492829776027], [0.056164324261958255, -0.011865710425303058, -0.30953831111232627, 0.949152678735107]]}, "pickable_objects": [2, 3, 4, 5, 6], "scene_graph": {"left": [[2, 4], [4, 5]], "right": [[4, 2], [5, 4]], "front": [[3, 6], [3, 2]], "behind": [[6, 3], [2, 3]], "on": [], "under": [], "leftbehind": [], "leftfront": [[3, 4], [6, 2], [6, 4]], "rightbehind": [[2, 6], [4, 3], [4, 6]], "rightfront": []}}