{"objects": {"2": "cup-white_hogermann", "3": "can-redbull", "4": "red_marker", "5": "glue_2", "6": "stapler_2"}, "semantic_label": {"2": "cup_0", "3": "can_drink_0", "4": "marker_0", "5": "glue_0", "6": "stapler_0"}, "obj_aabb": {"2": [[0.129052728118761, -0.2589034240727106, 0.622202159622895], [0.23853811602961628, -0.11750823652667505, 0.7083835656654369]], "3": [[-0.003005430146907632, -0.2108058964355629, 0.6213796814901328], [0.05637470901495707, -0.14322632275182534, 0.7660601312716956]], "4": [[0.17700908532607415, -0.1348004655418061, 0.6206334311211941], [0.2575494251886238, 0.015449075544675832, 0.6479135271885019]], "5": [[0.1591340717316754, 0.06489578005185531, 0.6196419479759531], [0.22566684968223785, 0.13425402118260427, 0.7925160794645468]], "6": [[0.1940953472391479, 0.166034654352337, 0.6219217443507615], [0.23117160178973067, 0.28507671041423216, 0.6511589947683457]]}, "sizes": {"2": "medium", "3": "medium", "4": "medium", "5": "medium", "6": "medium"}, "distances": {"(2, 3)": 0.07753695098707238, "(2, 4)": 0.02316555712625118, "(2, 5)": 0.19091737008948134, "(2, 6)": 0.29130376255864243, "(3, 2)": 0.07753695098707239, "(3, 4)": 0.1836617492798216, "(3, 5)": 0.2648812783610912, "(3, 6)": 0.3604661657496095, "(4, 2)": 0.02316555712625118, "(4, 3)": 0.1836617492798216, "(4, 5)": 0.060028097633457435, "(4, 6)": 0.1585112221695564, "(5, 2)": 0.19091737008948134, "(5, 3)": 0.2648812783610912, "(5, 4)": 0.060028097633457435, "(5, 6)": 0.04134982838571479, "(6, 2)": 0.29130376255864243, "(6, 3)": 0.3604661657496095, "(6, 4)": 0.1585112221695564, "(6, 5)": 0.04134982838571479}, "state": {"2": [[0.18364965724673588, -0.18836018009597305, 0.6652342787942465], [0.5025210057145142, 0.5020828485779985, 0.49789845423227747, 0.4974762117454308]], "3": [[0.026769849635574074, -0.17695456209046634, 0.6936670918094688], [0.7190094742662242, -7.556524808396995e-05, 0.00032988818006820717, 0.6950001880424852]], "4": [[0.21727014453658763, -0.05967694505596108, 0.634166307783143], [0.01285147266936435, 0.0015769463077329275, -0.556455094259086, 0.8307767937079626]], "5": [[0.1922267087096855, 0.09974776227033966, 0.7034214764993535], [-0.021013509831667332, 0.03486718142497353, -0.7076506265961918, 0.7053887600054664]], "6": [[0.21259522763073968, 0.22555854364673522, 0.6366290094720308], [-0.0007451061311167436, 0.0067963225958789205, -0.7081705655901065, 0.7060082895036113]]}, "pickable_objects": [2, 3, 4, 5, 6], "scene_graph": {"left": [[4, 2], [5, 4], [6, 5]], "right": [[2, 4], [4, 5], [5, 6]], "front": [[3, 2], [3, 4]], "behind": [[2, 3], [4, 3]], "on": [], "under": [], "leftbehind": [[5, 3]], "leftfront": [], "rightbehind": [], "rightfront": [[3, 5]]}}