{"objects": {"2": "cup-stanford", "3": "can-monster_blue", "4": "black_marker", "5": "stapler_2", "6": "glue_2"}, "semantic_label": {"2": "cup_0", "3": "can_drink_0", "4": "marker_0", "5": "stapler_0", "6": "glue_0"}, "obj_aabb": {"2": [[0.09890486713215521, 0.020645549415374623, 0.6221118182625256], [0.19351703723071648, 0.15852002145783206, 0.7343283319222897]], "3": [[0.0032642187197331335, 0.04801097732965224, 0.6227584666936787], [0.07548765279546187, 0.12026068348728072, 0.7980931139470688]], "4": [[0.047682708977331775, -0.06052894003238746, 0.6209820971463061], [0.19923094659050322, -0.035066055249867126, 0.6470496020922109]], "5": [[0.03524952809131465, -0.23042446028296615, 0.6218972697406158], [0.07230866757238567, -0.11138241930332904, 0.6511514968327217]], "6": [[0.14654631333730822, -0.22569926892221948, 0.6196419141231274], [0.21308090288786957, -0.1563368284686203, 0.7925162535107172]]}, "sizes": {"2": "medium", "3": "medium", "4": "medium", "5": "medium", "6": "medium"}, "distances": {"(2, 3)": 0.028528969026281097, "(2, 4)": 0.062056191755937073, "(2, 5)": 0.1549161991749536, "(2, 6)": 0.18601806213071895, "(3, 2)": 0.028528969026281097, "(3, 4)": 0.09041911557230113, "(3, 5)": 0.16362522888354347, "(3, 6)": 0.24247514658290836, "(4, 2)": 0.062056191755937073, "(4, 3)": 0.09041911557230113, "(4, 5)": 0.056071209305201805, "(4, 6)": 0.10501087920598547, "(5, 2)": 0.1549161991749536, "(5, 3)": 0.16362522888354347, "(5, 4)": 0.05607120930520179, "(5, 6)": 0.08712142996631254, "(6, 2)": 0.18601806213071895, "(6, 3)": 0.24247514658290836, "(6, 4)": 0.1050108792059855, "(6, 5)": 0.08712142996631254}, "state": {"2": [[0.14594053852392094, 0.08980937962082339, 0.6782446355096469], [0.502777992741115, -0.49877895641932307, -0.5012141237900614, 0.49721046324652823]], "3": [[0.03928792875096808, 0.08419165779138846, 0.7103987399288328], [0.7069547994096815, -0.0013688615382918704, 0.0013801780116120199, 0.7072560589477918]], "4": [[0.12344946294995951, -0.04788414160354156, 0.6340650313166136], [0.0437404244153823, 0.004247629007659033, 0.0010901954614007782, 0.9990333049471531]], "5": [[0.053740842864775706, -0.17090059828257695, 0.6366130203462829], [-0.0006548119071294362, 0.00682550344240942, -0.708126373093723, 0.7060524225956976]], "6": [[0.17963988087493601, -0.19084515968355295, 0.70342154675705], [-0.021007891158741167, 0.03486800948886681, -0.7076666820478087, 0.7053727791336949]]}, "pickable_objects": [2, 3, 4, 5, 6], "scene_graph": {"left": [[2, 4], [3, 4], [4, 5], [4, 6]], "right": [[4, 2], [4, 3], [5, 4], [6, 4]], "front": [[3, 2], [5, 6]], "behind": [[2, 3], [6, 5]], "on": [], "under": [], "leftbehind": [[2, 5]], "leftfront": [], "rightbehind": [], "rightfront": [[5, 2]]}}