{"objects": {"2": "cup-yellow_white_border", "3": "can-redbull", "4": "red_marker", "5": "stapler_2", "6": "glue_1"}, "semantic_label": {"2": "cup_0", "3": "can_drink_0", "4": "marker_0", "5": "stapler_0", "6": "glue_0"}, "obj_aabb": {"2": [[0.20214906138041844, 0.1421019062973095, 0.6227891425458261], [0.3090240429422607, 0.28601357178466486, 0.7621518884674148]], "3": [[-0.10839769069784938, 0.2634655733692628, 0.6213843568503209], [-0.029621821109421437, 0.336044977568686, 0.7660583353086549]], "4": [[0.15733276420681397, 0.06666198137593154, 0.6207949909505084], [0.30968781265149165, 0.09113705397070251, 0.6477159655419054]], "5": [[0.14574501177857438, -0.1042667200109623, 0.6219237842910439], [0.1828039562960991, 0.014770501455325977, 0.6511566709512993]], "6": [[0.2710874957650122, -0.10665924641552585, 0.6162644818853111], [0.3119566132206592, -0.016836406697462065, 0.7646382435491745]]}, "sizes": {"2": "medium", "3": "medium", "4": "medium", "5": "medium", "6": "medium"}, "distances": {"(2, 3)": 0.2609743350264239, "(2, 4)": 0.06498944113358732, "(2, 5)": 0.1582419066182572, "(2, 6)": 0.18497589668362202, "(3, 2)": 0.2609743350264239, "(3, 4)": 0.28524332210360803, "(3, 5)": 0.33543688555017537, "(3, 6)": 0.4549976618461092, "(4, 2)": 0.06498944113358732, "(4, 3)": 0.28524332210360803, "(4, 5)": 0.057187701664276246, "(4, 6)": 0.10273557931192832, "(5, 2)": 0.1582419066182572, "(5, 3)": 0.33543688555017537, "(5, 4)": 0.057187701664276246, "(5, 6)": 0.09426126190788067, "(6, 2)": 0.18497589668362202, "(6, 3)": 0.4549976618461092, "(6, 4)": 0.10273557931192835, "(6, 5)": 0.09426126190788069}, "state": {"2": [[0.2557673096163879, 0.2140892156194302, 0.6923972935338389], [-0.5006333420488566, 0.5006643963114493, 0.49933468446761053, -0.49936588988708147]], "3": [[-0.06905133713408594, 0.2998518105582777, 0.693668523448296], [0.5609092643398365, 0.4498073210056502, 0.4350979534833683, 0.5419814960144378]], "4": [[0.23351264124601015, 0.07891021578461953, 0.6341484722395679], [-0.008604969027948474, 0.0014025085031816053, 0.9999618390292114, 0.0005549443612395251]], "5": [[0.16423622908140392, -0.04474525187248358, 0.6366288641746164], [-0.0007184453242932229, 0.006761815812012126, -0.7081263877854914, 0.7060529587822095]], "6": [[0.29165534174887714, -0.06181774198911762, 0.6904607278136063], [-0.004413009676469976, 0.05846183010308943, 0.9982772541913134, 0.002294238619858417]]}, "pickable_objects": [2, 3, 4, 5, 6], "scene_graph": {"left": [[2, 4], [4, 5], [4, 6]], "right": [[4, 2], [5, 4], [6, 4]], "front": [[3, 2], [5, 6]], "behind": [[6, 5], [2, 3]], "on": [], "under": [], "leftbehind": [[2, 5]], "leftfront": [[3, 4]], "rightbehind": [[4, 3]], "rightfront": [[5, 2]]}}