{"objects": {"2": "square_plate_1", "3": "cutlery-fork_2_new", "4": "cutlery-knife_1_new", "5": "plastic_lemon", "6": "doraemon_bowl", "7": "glass-new_13"}, "semantic_label": {"2": "plate_0", "3": "fork_0", "4": "knife_0", "5": "fruit_0", "6": "bowl_0", "7": "glass_0"}, "obj_aabb": {"2": [[0.045151652283068444, -0.14818818333181683, 0.6213746874529692], [0.22991266999015564, 0.036203092294035434, 0.657030333895365]], "3": [[0.055343101024713945, -0.265519892656112, 0.6177777504827195], [0.24156704116624195, -0.2340391005330222, 0.6492279093762117]], "4": [[0.05390204298495001, 0.12106565530533643, 0.622806633093625], [0.265909387737243, 0.1485764711979367, 0.6331353145140945]], "5": [[0.09853058039425097, -0.0927659848988794, 0.6113530873922755], [0.18835026899365073, 0.002339117756621545, 0.7156689529824116]], "6": [[-0.12503499442860336, -0.1522571975556164, 0.6212881622307386], [0.01289250124914084, 0.028781369370340988, 0.6866354428684628]], "7": [[0.10289291196487887, 0.23085524329037146, 0.6229335649739445], [0.16700905631431368, 0.2963306825551611, 0.8035760044516445]]}, "sizes": {"2": "medium", "3": "medium", "4": "medium", "5": "medium", "6": "small", "7": "medium"}, "distances": {"(2, 3)": 0.09162185131799969, "(2, 4)": 0.09235211520213607, "(2, 5)": -1.003701917130697e-05, "(2, 6)": 0.04123715068490329, "(2, 7)": 0.2003796621088423, "(3, 2)": 0.09162185131799969, "(3, 4)": 0.3597183455072861, "(3, 5)": 0.16547173754845143, "(3, 6)": 0.13074075472966012, "(3, 7)": 0.4706953368821032, "(4, 2)": 0.09235211520213607, "(4, 3)": 0.3597183455072861, "(4, 5)": 0.14157264705662237, "(4, 6)": 0.14726483056893358, "(4, 7)": 0.0868160612039181, "(5, 2)": -1.003701917130697e-05, "(5, 3)": 0.16547173754845138, "(5, 4)": 0.14157264705662237, "(5, 6)": 0.10163660674283667, "(5, 7)": 0.24839322618796317, "(6, 2)": 0.04123715068490329, "(6, 3)": 0.13074075472966012, "(6, 4)": 0.14726483056893358, "(6, 5)": 0.10163660674283667, "(6, 7)": 0.2707597892289484, "(7, 2)": 0.2003796621088423, "(7, 3)": 0.4706953368821032, "(7, 4)": 0.0868160612039181, "(7, 5)": 0.24839322618796317, "(7, 6)": 0.2707597892289484}, "state": {"2": [[0.13752222298534217, -0.05613293092099062, 0.6390669991767086], [0.004051545051792592, 0.003974120056996642, 0.7070959414095568, 0.7070948458266391]], "3": [[0.1487472949865168, -0.24978337757930338, 0.6334575774015827], [0.013093859949152109, 0.7063074099429356, 0.7076518431299369, -0.013684385486279019]], "4": [[0.15997381010372116, 0.13471478590769215, 0.6279898570597504], [-0.0002632904397880519, 0.704484440324539, 0.7097193261411244, 0.0002865668396490877]], "5": [[0.1471453991730362, -0.052566965427453795, 0.6248372246362871], [0.2436543569412719, 0.10773312174896797, -0.011318382583204428, 0.9637935583087581]], "6": [[-0.05613124419837433, -0.06173743970627541, 0.6539547144531914], [-0.00033613375968971734, 0.005963201318206805, 0.707091137446491, 0.7070972002410714]], "7": [[0.13471087621514755, 0.26380608769335645, 0.7130187955197074], [0.7072846808890695, -0.00020052594119607088, 0.00020258048674236446, 0.706928779248759]]}, "pickable_objects": [3, 4, 5, 6, 7], "scene_graph": {"left": [[4, 2], [4, 5], [7, 4], [2, 3], [5, 3]], "right": [[3, 2], [3, 5], [4, 7], [2, 4], [5, 4]], "front": [[6, 2], [6, 5]], "behind": [[2, 6], [5, 6]], "on": [[2, 5]], "under": [[5, 2]], "leftbehind": [], "leftfront": [[6, 3]], "rightbehind": [[3, 6]], "rightfront": []}}