{"objects": {"2": "cup-white_hogermann", "3": "can-redbull", "4": "red_marker", "5": "glue_2", "6": "stapler_2"}, "semantic_label": {"2": "cup_0", "3": "can_drink_0", "4": "marker_0", "5": "glue_0", "6": "stapler_0"}, "obj_aabb": {"2": [[0.12905268170599649, -0.25890332812623373, 0.622201860025452], [0.23853941982851645, -0.11750823250598937, 0.7083847467421578]], "3": [[-0.14804186349407195, 0.26650927095826304, 0.6213750322164348], [-0.07415039311278541, 0.3330105690553916, 0.7660618657091195]], "4": [[0.17728972879066887, -0.13466201038403258, 0.6207765837822796], [0.2575875771386484, 0.0154677428961211, 0.6477456798415748]], "5": [[0.15913406758736562, 0.06489769681059984, 0.6196422003918164], [0.22566731154283967, 0.1342540265067445, 0.7925157000921225]], "6": [[0.19409533972648899, 0.16603465660300593, 0.6219217256515567], [0.23117166422791616, 0.285076710242051, 0.6511590498549443]]}, "sizes": {"2": "medium", "3": "medium", "4": "medium", "5": "medium", "6": "medium"}, "distances": {"(2, 3)": 0.4755920771909228, "(2, 4)": 0.02335541541869316, "(2, 5)": 0.19091772539763377, "(2, 6)": 0.29130370960384855, "(3, 2)": 0.4755920771909228, "(3, 4)": 0.38858482113144993, "(3, 5)": 0.3061573568014327, "(3, 6)": 0.28077835781636945, "(4, 2)": 0.02335541541869316, "(4, 3)": 0.38858482113144993, "(4, 5)": 0.05995443972617237, "(4, 6)": 0.15840897719035954, "(5, 2)": 0.19091772539763377, "(5, 3)": 0.3061573568014327, "(5, 4)": 0.05995443972617237, "(5, 6)": 0.0413497533947694, "(6, 2)": 0.29130370960384855, "(6, 3)": 0.28077835781636945, "(6, 4)": 0.15840897719035954, "(6, 5)": 0.0413497533947694}, "state": {"2": [[0.18365028498543584, -0.18836013015841402, 0.6652347220298013], [0.5025245981150226, 0.5020870212010955, 0.4978941084291426, 0.4974727210835734]], "3": [[-0.11116696129600866, 0.29983758856938697, 0.6936656423901683], [0.47874835412585914, 0.5364717941733518, 0.51882283873299, 0.46240770915637625]], "4": [[0.21742798711975736, -0.05959897765651075, 0.6341541126055741], [0.0065091995662239855, 0.006067407054986666, -0.5565183491056264, 0.8307876648105605]], "5": [[0.1922269301252342, 0.09974869187067423, 0.7034214114627608], [-0.021018675548099167, 0.03486398384878091, -0.7076508294321493, 0.7053885606617014]], "6": [[0.2125952553076075, 0.22555854469575198, 0.6366290277577951], [-0.0007459986028426599, 0.00679713767610951, -0.7081705686823471, 0.7060082776126763]]}, "pickable_objects": [2, 3, 4, 5, 6], "scene_graph": {"left": [[4, 2], [5, 4], [6, 5]], "right": [[2, 4], [4, 5], [5, 6]], "front": [[3, 6]], "behind": [[6, 3]], "on": [], "under": [], "leftbehind": [], "leftfront": [], "rightbehind": [], "rightfront": []}}