{"objects": {"2": "square_plate_3", "3": "cutlery-fork_2_new", "4": "knife", "5": "plastic_lemon", "6": "doraemon_bowl", "7": "glass-new_13"}, "semantic_label": {"2": "plate_0", "3": "fork_0", "4": "knife_0", "5": "fruit_0", "6": "bowl_0", "7": "glass_0"}, "obj_aabb": {"2": [[0.04522794877540787, -0.14855558396639956, 0.6213122014767382], [0.23026623582216055, 0.03519319483433119, 0.657242842305726]], "3": [[-0.11118981797870311, -0.38805587467292074, 0.6177230612944247], [0.06893646595639819, -0.2757447537338172, 0.6493028545987538]], "4": [[0.04953119131641473, 0.12070629780114325, 0.6200172527827794], [0.2705143617537771, 0.1484652535673235, 0.6472630303272382]], "5": [[0.0987456109525365, -0.09761809141195288, 0.6097681756652924], [0.19271464101465, 0.0003866986974222289, 0.7187988582028968]], "6": [[0.044692405121613085, 0.15451059196781292, 0.7633644445877866], [0.25240848429302243, 0.3784473391105435, 0.8331686333638096]], "7": [[0.0703191652757619, 0.2478656354735192, 0.6218200356627663], [0.13693983944659413, 0.314591773707591, 0.8031466495035124]]}, "sizes": {"2": "medium", "3": "medium", "4": "medium", "5": "medium", "6": "small", "7": "medium"}, "distances": {"(2, 3)": 0.20280334383149345, "(2, 4)": 0.09074664766960532, "(2, 5)": -1.219234461738005e-05, "(2, 6)": 0.20615625125700113, "(2, 7)": 0.21868178123125423, "(3, 2)": 0.20280334383149345, "(3, 4)": 0.44163062444301676, "(3, 5)": 0.2806401899172636, "(3, 6)": 0.5494793311472516, "(3, 7)": 0.5725222861876262, "(4, 2)": 0.09074664766960532, "(4, 3)": 0.44163062444301676, "(4, 5)": 0.1430886799515582, "(4, 6)": 0.1472615498683508, "(4, 7)": 0.1053595282570182, "(5, 2)": -1.219234461738005e-05, "(5, 3)": 0.2806401899172636, "(5, 4)": 0.1430886799515582, "(5, 6)": 0.2366192050804724, "(5, 7)": 0.2724293370575866, "(6, 2)": 0.20615625125700113, "(6, 3)": 0.5494793311472516, "(6, 4)": 0.1472615498683508, "(6, 5)": 0.2366192050804724, "(6, 7)": -0.019517732152721914, "(7, 2)": 0.21868178123125423, "(7, 3)": 0.5725222861876262, "(7, 4)": 0.1053595282570182, "(7, 5)": 0.2724293370575866, "(7, 6)": -0.01951773215272244}, "state": {"2": [[0.1377392692248856, -0.05645215901185544, 0.639498527316196], [-3.484086647975844e-05, 0.007050962556117431, 0.7068255039779965, 0.7073528042210602]], "3": [[-0.021385388140430645, -0.331764400408978, 0.6334676464637753], [0.6826404273082227, -0.1772802023408956, -0.1519786396055615, 0.6924422502751122]], "4": [[0.16000408889598883, 0.13466801296449016, 0.6339360629418221], [0.007260624377583684, -0.012333978321816296, 0.9998975552305531, 0.0001880328895366516]], "5": [[0.1470614195413999, -0.0535195847519637, 0.6250707222740242], [0.2725533100208228, 0.1391644035153995, -0.011063455157622309, 0.9519588026542282]], "6": [[0.14849744847025456, 0.26650737441229555, 0.7982606641156843], [0.007345173199193834, 0.015145107569707541, 0.5164789235449289, 0.8561344495353795]], "7": [[0.10338405957959029, 0.2814388326048791, 0.7122501710989505], [0.7079573389141625, 0.008332876231927761, 0.0017426335174276497, 0.7062038888874126]]}, "pickable_objects": [3, 4, 5, 6, 7], "scene_graph": {"left": [[4, 2], [4, 5], [7, 4], [2, 3]], "right": [[2, 4], [3, 2], [4, 7], [5, 4]], "front": [[7, 6]], "behind": [[6, 7]], "on": [[2, 5]], "under": [[5, 2]], "leftbehind": [[5, 3]], "leftfront": [], "rightbehind": [], "rightfront": [[3, 5]]}}