{"objects": {"2": "round_plate_3", "3": "cutlery-fork_2_new", "4": "cutlery-knife_1_new", "5": "plastic_lemon", "6": "doraemon_bowl", "7": "glass-new_1"}, "semantic_label": {"2": "plate_0", "3": "fork_0", "4": "knife_0", "5": "fruit_0", "6": "bowl_0", "7": "glass_0"}, "obj_aabb": {"2": [[-0.10634830407170807, -0.000654284717873127, 0.6200080909130185], [0.08571477673153051, 0.1913202759720392, 0.6585859110124758]], "3": [[-0.09328039758751007, -0.10040699495914421, 0.6177832479162343], [0.09294430580279227, -0.06893371550366745, 0.6492205242292616]], "4": [[-0.09549650887109416, 0.2596172570890338, 0.6228066243022039], [0.11651084014100226, 0.28712811220828083, 0.6331353231008932]], "5": [[-0.04987171234140908, 0.04847698273918125, 0.6123572666454704], [0.04545132957977893, 0.14951557074819105, 0.7235743332782394]], "6": [[-0.3100851568559658, -0.225730268295494, 0.6212830393586707], [-0.08817175145383911, 0.000976654881939265, 0.6866429557835801]], "7": [[-0.24258807731399884, 0.32781006345234837, 0.6200515115560076], [-0.14367256183162874, 0.4334240760239649, 0.7618998776392923]]}, "sizes": {"2": "medium", "3": "medium", "4": "medium", "5": "medium", "6": "small", "7": "medium"}, "distances": {"(2, 3)": 0.07941338137360801, "(2, 4)": 0.07679230763336743, "(2, 5)": -1.7883153038912494e-05, "(2, 6)": 0.1014941177829108, "(2, 7)": 0.2030335779646813, "(3, 2)": 0.07941338137360801, "(3, 4)": 0.33321294285180936, "(3, 5)": 0.1461094945815693, "(3, 6)": 0.03415157716350037, "(3, 7)": 0.4226908201000567, "(4, 2)": 0.07679230763336743, "(4, 3)": 0.33321294285180936, "(4, 5)": 0.13656861791669186, "(4, 6)": 0.3072580100435877, "(4, 7)": 0.11353654022129296, "(5, 2)": -1.7883153038913795e-05, "(5, 3)": 0.1461094945815693, "(5, 4)": 0.13656861791669186, "(5, 6)": 0.16007396821104233, "(5, 7)": 0.26481325423507707, "(6, 2)": 0.1014941177829108, "(6, 3)": 0.03415157716350037, "(6, 4)": 0.3072580100435877, "(6, 5)": 0.16007396821104233, "(6, 7)": 0.36279858766411616, "(7, 2)": 0.2030335779646813, "(7, 3)": 0.4226908201000567, "(7, 4)": 0.11353654022129296, "(7, 5)": 0.26481325423507707, "(7, 6)": 0.36279858766411616}, "state": {"2": [[-0.010325178227305849, 0.09560112819849602, 0.6394704565828347], [0.0069474158145421015, -0.00543060524911863, 0.9999611201966339, -5.9347523126615346e-06]], "3": [[0.00012417825245657137, -0.08467424637837322, 0.6334566360564127], [0.013086069109210547, 0.7064472776241297, 0.7075122501587107, -0.013689945510582663]], "4": [[0.010575260361104052, 0.27326640728207546, 0.6279898568894416], [-0.00026323552786879485, 0.7044842134199886, 0.7097195513701385, 0.00028662178216156623]], "5": [[-0.0020896530840672947, 0.09539584083589922, 0.6285895880977039], [0.28550693611039835, 0.16000328705299702, 0.0018835656372830948, 0.9449239068547156]], "6": [[-0.1990827148819601, -0.11241564087038737, 0.6539559260901326], [-0.0057155254239504415, 0.001872110354849854, 0.9058439412402951, -0.4235688634569312]], "7": [[-0.19318330562028369, 0.38044284154017116, 0.6909069567964202], [0.7241610936010009, 0.0001391474945499306, -0.00021282422619327987, 0.6896308040237372]]}, "pickable_objects": [3, 4, 5, 6, 7], "scene_graph": {"left": [[4, 2], [4, 5], [2, 3], [5, 3]], "right": [[2, 4], [3, 2], [3, 5], [5, 4]], "front": [[6, 3]], "behind": [[3, 6]], "on": [[2, 5]], "under": [[5, 2]], "leftbehind": [[2, 6], [5, 6]], "leftfront": [[7, 4], [7, 2], [7, 5]], "rightbehind": [[4, 7], [2, 7], [5, 7]], "rightfront": [[6, 2], [6, 5]]}}