{"objects": {"2": "square_plate_1", "3": "cutlery-fork_2_new", "4": "cutlery-knife_1_new", "5": "plastic_lemon", "6": "doraemon_bowl", "7": "glass-new_13"}, "semantic_label": {"2": "plate_0", "3": "fork_0", "4": "knife_0", "5": "fruit_0", "6": "bowl_0", "7": "glass_0"}, "obj_aabb": {"2": [[0.04515156603104761, -0.1481861631309742, 0.6213788898386805], [0.22991432839655393, 0.03620288041771802, 0.6570332262472156]], "3": [[-0.37032200893654244, -0.04377233250366335, 0.6174161526809454], [-0.18160371677873674, 0.01524665056080076, 0.6497744371344427]], "4": [[0.053885135780957896, 0.12078622471137686, 0.6214242158862187], [0.2659880208493688, 0.14864606640720537, 0.6346896461586822]], "5": [[-0.23701573533404902, -0.2836846749083216, 0.6036945090836102], [-0.12066125412403135, -0.16928667666580616, 0.7075459424483602]], "6": [[-0.1250354586797098, -0.15225726681587443, 0.6212751570463972], [0.012903583318319388, 0.02878301437426585, 0.6866524334411284]], "7": [[-0.3000350830402114, -0.15713416540262776, 0.6205366346278877], [-0.19126300764777973, -0.06037427021125892, 0.8125462839274863]]}, "sizes": {"2": "medium", "3": "medium", "4": "medium", "5": "medium", "6": "small", "7": "medium"}, "distances": {"(2, 3)": 0.23426852357646577, "(2, 4)": 0.09202198362560424, "(2, 5)": 0.21668090066497483, "(2, 6)": 0.041227816424977894, "(2, 7)": 0.27571154269281806, "(3, 2)": 0.23426852357646577, "(3, 4)": 0.2729197923921782, "(3, 5)": 0.18485108723182442, "(3, 6)": 0.09335980527579617, "(3, 7)": 0.054786028527487964, "(4, 2)": 0.09202198362560424, "(4, 3)": 0.2729197923921782, "(4, 5)": 0.3874973644542824, "(4, 6)": 0.14685896074669358, "(4, 7)": 0.3572653024223262, "(5, 2)": 0.21668090066497483, "(5, 3)": 0.18485108723182442, "(5, 4)": 0.3874973644542824, "(5, 6)": 0.08892555909425608, "(5, 7)": 0.08583159596153066, "(6, 2)": 0.04122781642497789, "(6, 3)": 0.09335980527579617, "(6, 4)": 0.14685896074669358, "(6, 5)": 0.08892555909425608, "(6, 7)": 0.10666541941457844, "(7, 2)": 0.27571154269281806, "(7, 3)": 0.054786028527487964, "(7, 4)": 0.3572653024223262, "(7, 5)": 0.08583159596153066, "(7, 6)": 0.10666541941457844}, "state": {"2": [[0.13752300152753422, -0.056132035238615895, 0.6390705558837699], [0.004049074294016405, 0.004015899296816057, 0.7070956988476185, 0.7070948664934554]], "3": [[-0.2756731014714772, -0.014224854950880814, 0.6335499842340265], [-0.03955070983040614, 0.7156145102935241, 0.6943116854799004, -0.06529086777896756]], "4": [[0.1600049277589074, 0.13460945974013366, 0.6280722553394861], [0.0038854118635574465, 0.6953119255462821, 0.7186856815347517, -0.004137743914454788]], "5": [[-0.17136369333094764, -0.23050495743221427, 0.617001105526218], [0.20067812425630602, 0.17062019944514645, 0.2713856054456773, 0.9257250623933395]], "6": [[-0.056125936586704936, -0.06173665202068195, 0.6539567181251476], [-0.0002810282326070243, 0.006037624766997621, 0.7070910409872588, 0.7070966891916977]], "7": [[-0.24577738500814028, -0.10904487351310811, 0.7163010157842064], [0.43569417768958013, 0.597785863336919, 0.5852910823579354, 0.33204968609262625]]}, "pickable_objects": [2, 3, 4, 5, 6, 7], "scene_graph": {"left": [[3, 7], [4, 2], [6, 5], [7, 5]], "right": [[2, 4], [5, 7], [5, 6], [7, 3]], "front": [[3, 6], [6, 2], [7, 6]], "behind": [[2, 6], [6, 3], [6, 7]], "on": [], "under": [], "leftbehind": [[2, 5], [4, 6], [4, 3]], "leftfront": [], "rightbehind": [], "rightfront": [[5, 2], [6, 4], [3, 4]]}}