{"objects": {"2": "plate", "3": "cutlery-fork_1_new", "4": "cutlery-knife_3_new", "5": "plastic_lemon", "6": "doraemon_bowl", "7": "glass-new_8"}, "semantic_label": {"2": "plate_0", "3": "fork_0", "4": "knife_0", "5": "fruit_0", "6": "bowl_0", "7": "glass_0"}, "obj_aabb": {"2": [[0.044189294373481014, -0.2864362041611328, 0.6229771155779915], [0.259073705010515, -0.07028039717450021, 0.6519271157027062]], "3": [[0.07488028933881806, -0.3950519867441559, 0.6183152445193459], [0.27076055568587776, -0.36263250263574215, 0.6482702979179852]], "4": [[0.17907512283952676, 0.0685794329054888, 0.6209990136747228], [0.37212574414682154, 0.21840732943857932, 0.6348667881981935]], "5": [[0.12360362569785743, -0.22207836410072518, 0.608095044079976], [0.21358829020647518, -0.12095383179374379, 0.7156783980389468]], "6": [[-0.023252708084224652, -0.022937519829955455, 0.6212726367073386], [0.2003338819447938, 0.18242715649660976, 0.6866550726012787]], "7": [[-0.16827096122070243, -0.3370229245688632, 0.6219731042876264], [-0.08779050215442005, -0.2558798760771456, 0.8329603879872138]]}, "sizes": {"2": "medium", "3": "medium", "4": "medium", "5": "medium", "6": "small", "7": "medium"}, "distances": {"(2, 3)": 0.08436366024988393, "(2, 4)": 0.217113494407254, "(2, 5)": -5.5688384573142563e-05, "(2, 6)": 0.10384071663948097, "(2, 7)": 0.1700150132423801, "(3, 2)": 0.08436366024988393, "(3, 4)": 0.46309600287648717, "(3, 5)": 0.16763946563389517, "(3, 6)": 0.39103504161091174, "(3, 7)": 0.1921187320730844, "(4, 2)": 0.217113494407254, "(4, 3)": 0.46309600287648717, "(4, 5)": 0.2750135641138203, "(4, 6)": 0.1022868756604351, "(4, 7)": 0.5563291053862307, "(5, 2)": -5.5688384573142563e-05, "(5, 3)": 0.16763946563389517, "(5, 4)": 0.2750135641138203, "(5, 6)": 0.16716819624232954, "(5, 7)": 0.25674003236480475, "(6, 2)": 0.10384071663948097, "(6, 3)": 0.39103504161091174, "(6, 4)": 0.1022868756604351, "(6, 5)": 0.16716819624232954, "(6, 7)": 0.3407488647972124, "(7, 2)": 0.1700150132423801, "(7, 3)": 0.1921187320730844, "(7, 4)": 0.5563291053862307, "(7, 5)": 0.25674003236480475, "(7, 6)": 0.3407488647972124}, "state": {"2": [[0.16118350635587886, -0.1783709517897761, 0.6291124091594053], [9.293720631944887e-06, 4.742673936974307e-05, -1.5962703825023236e-07, 0.9999999988321528]], "3": [[0.17280529915437745, -0.37882532659499357, 0.6332306755193082], [0.010158033265283055, 0.7126663349870115, 0.7013569350642813, -0.010097473624615081]], "4": [[0.2757560128393293, 0.1433867303573115, 0.6280181548958023], [0.6661838979236167, -0.21138590290861126, -0.2245165859885603, 0.6790488324228596]], "5": [[0.17158338864852918, -0.1755637194253846, 0.6226673923148027], [0.27904119215445417, 0.12705351111572005, 0.015220314985468657, 0.9517151676872296]], "6": [[0.08856840183559836, 0.07979798214442366, 0.6539567751466919], [0.004993747846798171, 0.0034201415681727135, -0.23485174170702772, 0.9720123582194168]], "7": [[-0.12799051971079328, -0.29631822693658566, 0.7276124763274703], [-0.4492925566173856, 0.549426275228246, 0.5525988631634966, -0.43692271981145614]]}, "pickable_objects": [3, 4, 5, 6, 7], "scene_graph": {"left": [[2, 3], [4, 2], [4, 5], [6, 2], [6, 5], [5, 3]], "right": [[3, 2], [3, 5], [5, 6], [2, 4], [5, 4], [2, 6]], "front": [[6, 4], [7, 2]], "behind": [[4, 6], [2, 7]], "on": [[2, 5]], "under": [[5, 2]], "leftbehind": [[5, 7]], "leftfront": [[7, 3]], "rightbehind": [[3, 7]], "rightfront": [[7, 5]]}}