{"objects": {"2": "round_plate_2", "3": "cutlery-fork_2_new", "4": "cutlery-knife_3_new", "5": "plastic_plum", "6": "green_bowl", "7": "glass-new_5"}, "semantic_label": {"2": "plate_0", "3": "fork_0", "4": "knife_0", "5": "fruit_0", "6": "bowl_0", "7": "glass_0"}, "obj_aabb": {"2": [[0.041294535478226146, -0.1522977584198389, 0.6197805063746699], [0.23375096417488866, 0.03971200246417478, 0.6589817878020078]], "3": [[0.055342428152664325, -0.2655103544153879, 0.6177872482262246], [0.24156749916655745, -0.23404224178785882, 0.6492146932015261]], "4": [[0.0505116587952576, 0.12151547746224725, 0.62097050660073], [0.2698135946756461, 0.14792201654270778, 0.6348856441946416]], "5": [[-0.24729969183249118, 0.050279179434485954, 0.601260970931915], [-0.12464080661377162, 0.15552244796552728, 0.7201787325788906]], "6": [[-0.12454059347079295, -0.1293697415531251, 0.6221045912975547], [0.012212954062470208, 0.006041994715348727, 0.6835856950519061]], "7": [[-0.10636029468460867, 0.20427981766854755, 0.6209547137993461], [-0.011590644166647714, 0.2951212155522621, 0.8261894604740518]]}, "sizes": {"2": "medium", "3": "medium", "4": "medium", "5": "medium", "6": "small", "7": "medium"}, "distances": {"(2, 3)": 0.0918967798167567, "(2, 4)": 0.09001054630861918, "(2, 5)": 0.2279640738745799, "(2, 6)": 0.038550490689793264, "(2, 7)": 0.23087988551646124, "(3, 2)": 0.0918967798167567, "(3, 4)": 0.35997408728231284, "(3, 5)": 0.38552714520331494, "(3, 6)": 0.14912799132819723, "(3, 7)": 0.4648571525296221, "(4, 2)": 0.09001054630861918, "(4, 3)": 0.35997408728231284, "(4, 5)": 0.20421432944518178, "(4, 6)": 0.15854675112377972, "(4, 7)": 0.12307051639827898, "(5, 2)": 0.2279640738745799, "(5, 3)": 0.38552714520331494, "(5, 4)": 0.20421432944518178, "(5, 6)": 0.10939416564152347, "(5, 7)": 0.12347972262156182, "(6, 2)": 0.038550490689793264, "(6, 3)": 0.14912799132819723, "(6, 4)": 0.15854675112377972, "(6, 5)": 0.10939416564152347, "(6, 7)": 0.21538134887089605, "(7, 2)": 0.23087988551646124, "(7, 3)": 0.4648571525296221, "(7, 4)": 0.12307051639827898, "(7, 5)": 0.12347972262156182, "(7, 6)": 0.21538134887089605}, "state": {"2": [[0.13751874069409578, -0.05613281022162429, 0.6396929309999724], [0.009478114969607173, -0.00508703771424438, -0.7070718650549243, 0.707059873724756]], "3": [[0.14874718827350636, -0.24978019626882283, 0.6334557243312318], [0.013078793659341626, 0.706540627828685, 0.7074191423035006, -0.013691000198801638]], "4": [[0.15997407593510984, 0.1347136299626234, 0.6280133395660594], [-0.004211983338860412, 0.6978448444261771, 0.7162241445678244, 0.004219839125615897]], "5": [[-0.1803581654815399, 0.10733983147043785, 0.6211238930925554], [0.40280694295189207, -0.10890497866100125, -0.5463552629690297, 0.7262108502071837]], "6": [[-0.0561423027291864, -0.06174722630922348, 0.6527273553224383], [0.0014699863668254645, -0.004230812205565289, -2.009755103152317e-06, 0.9999899696317576]], "7": [[-0.058931814785185256, 0.24978526389242658, 0.7236024249619163], [0.709686867117386, -0.007317823236625384, 0.007231257587273801, 0.7044421260954612]]}, "pickable_objects": [2, 3, 4, 5, 6, 7], "scene_graph": {"left": [[2, 3], [4, 2], [5, 6], [7, 6]], "right": [[2, 4], [3, 2], [6, 5], [6, 7]], "front": [[5, 4], [6, 2]], "behind": [[2, 6], [4, 5]], "on": [], "under": [], "leftbehind": [[4, 6], [7, 5]], "leftfront": [[6, 3], [7, 4]], "rightbehind": [[3, 6], [4, 7]], "rightfront": [[5, 7], [6, 4]]}}