{"objects": {"2": "round_plate_2", "3": "cutlery-fork_2_new", "4": "cutlery-knife_2_new", "5": "plastic_peach", "6": "doraemon_bowl", "7": "glass-new_1"}, "semantic_label": {"2": "plate_0", "3": "fork_0", "4": "knife_0", "5": "fruit_0", "6": "bowl_0", "7": "glass_0"}, "obj_aabb": {"2": [[-0.06707941330733048, -0.016555918465809547, 0.6197897422903017], [0.12537596050657024, 0.17545252750621326, 0.6589780442036876]], "3": [[-0.054723214479121804, -0.10060973435279297, 0.6177814120889079], [0.13150164546023568, -0.06913668000437168, 0.6492213998819288]], "4": [[-0.05821185109279671, 0.22887593518683422, 0.6229899957646756], [0.15504995712382247, 0.2548746299619474, 0.6338385325787361]], "5": [[-0.022625548492217117, 0.03362643088905318, 0.6154819396991011], [0.08561785292036522, 0.13287996008401826, 0.7322334504907781]], "6": [[-0.20424699040707556, -0.01567073603431389, 0.6212831310228633], [-0.06630128325155553, 0.1653567980730487, 0.6866379780357956]], "7": [[-0.18709810684185038, 0.2868545516533102, 0.620043502326372], [-0.08817882474365349, 0.3924906808331716, 0.7619090973812626]]}, "sizes": {"2": "medium", "3": "medium", "4": "medium", "5": "medium", "6": "small", "7": "medium"}, "distances": {"(2, 3)": 0.06444703194153478, "(2, 4)": 0.06166429807503994, "(2, 5)": -5.5805703325436436e-05, "(2, 6)": 0.010473497359328161, "(2, 7)": 0.17380893767906383, "(3, 2)": 0.06444703194153478, "(3, 4)": 0.30220674270873826, "(3, 5)": 0.1268766939120767, "(3, 6)": 0.09057979919348197, "(3, 7)": 0.37963586675297767, "(4, 2)": 0.06166429807503994, "(4, 3)": 0.30220674270873826, "(4, 5)": 0.11739278424134188, "(4, 6)": 0.10685727224624827, "(4, 7)": 0.09431306421798265, "(5, 2)": -5.5805703325436436e-05, "(5, 3)": 0.1268766939120767, "(5, 4)": 0.11739278424134188, "(5, 6)": 0.06464308367961497, "(5, 7)": 0.22126398972038078, "(6, 2)": 0.01047349735932816, "(6, 3)": 0.09057979919348197, "(6, 4)": 0.10685727224624827, "(6, 5)": 0.06464308367961497, "(6, 7)": 0.13220048736243237, "(7, 2)": 0.17380893767906383, "(7, 3)": 0.37963586675297767, "(7, 4)": 0.09431306421798265, "(7, 5)": 0.22126398972038078, "(7, 6)": 0.13220048736243237}, "state": {"2": [[0.029144271989356093, 0.07960838617981153, 0.6396956701169608], [0.009454133586367635, -0.005094583990270852, -0.7070724654021305, 0.7070595400970487]], "3": [[0.03868143901590253, -0.08487709871477538, 0.6334561520022031], [0.013091656200633942, 0.7064445908460104, 0.7075147533160081, -0.013693883398274098]], "4": [[0.04821714600662635, 0.24171424153444113, 0.6283606666738811], [2.054012026860712e-13, 0.7071067810312766, 0.7071067813418185, 8.245223162414297e-13]], "5": [[0.03492321171719486, 0.0848327432139747, 0.6349510080687287], [0.11415621444148767, 0.1856306524718892, -0.010694144827935917, 0.9759074007474525]], "6": [[-0.1353341364919492, 0.07484350670649495, 0.6539534839281089], [-0.000170339739882329, 0.0060025926116343995, 0.7070915012693509, 0.7070965624997532]], "7": [[-0.13769145448056308, 0.3394983995678348, 0.6909075348882305], [0.7242172100987756, 0.0001446436920753789, -0.00022312055284402828, 0.6895718685475555]]}, "pickable_objects": [3, 4, 5, 6, 7], "scene_graph": {"left": [[4, 2], [4, 6], [7, 6], [2, 3], [5, 3]], "right": [[3, 2], [3, 5], [2, 4], [6, 4], [6, 7]], "front": [[6, 2], [6, 5]], "behind": [[2, 6], [5, 6]], "on": [[2, 5]], "under": [[5, 2]], "leftbehind": [], "leftfront": [[6, 3], [7, 4], [7, 2]], "rightbehind": [[3, 6], [4, 7], [2, 7]], "rightfront": []}}