{"objects": {"2": "bottle-baby_cleansing_water", "3": "tube-signal", "4": "soap_dish", "5": "soap"}, "semantic_label": {"2": "shampoo_0", "3": "cleanser_0", "4": "soap_dish_0", "5": "soap_0"}, "obj_aabb": {"2": [[-0.12575871286103452, -0.06817928438573598, 0.6225559823514621], [-0.05547565125233851, 0.0029477816471154827, 0.7858589073011906]], "3": [[-0.01611428056258749, 0.08854425648018274, 0.6661287335739501], [0.0447215590546869, 0.15443291263962036, 0.820358380158531]], "4": [[-0.014563592483207238, -0.015026767668238322, 0.6229695112858565], [0.1454626771805435, 0.14500528795170053, 0.6719703605780488]], "5": [[0.036151197953126116, 0.009466196761746024, 0.6261629732222777], [0.10456614554066372, 0.12227502666598027, 0.6792742886026099]]}, "sizes": {"2": "medium", "3": "medium", "4": "medium", "5": "medium"}, "distances": {"(2, 3)": 0.13787046173726808, "(2, 4)": 0.0738294166842516, "(2, 5)": 0.1116204442461166, "(3, 2)": 0.1378704617372681, "(3, 4)": -1.0203298586505209e-05, "(3, 5)": 0.016494052041325508, "(4, 2)": 0.0738294166842516, "(4, 3)": -1.0203298586505209e-05, "(4, 5)": -1.083250287452122e-05, "(5, 2)": 0.1116204442461166, "(5, 3)": 0.01648507316359333, "(5, 4)": -1.083250287452122e-05}, "state": {"2": [[-0.09080222953613648, -0.03276177306894234, 0.7039764925948208], [0.7048090448926091, 0.0006354463661283588, -0.0006064200112146529, 0.7093965313562324]], "3": [[0.014459941350459266, 0.12128342867720283, 0.7434167121701977], [0.6532359869557316, 0.2106298629401599, 0.22448404825035506, 0.6917548107999777]], "4": [[0.06567998354897285, 0.0649962791993965, 0.6473351661612468], [-2.5882379940516264e-05, 8.433393444519858e-05, 0.7069433125169315, 0.7072702065727624]], "5": [[0.07012476470068302, 0.06587284546076476, 0.6530237076861346], [0.021516712275174623, 0.007171294709298742, 0.7114430141225762, 0.70237770556962]]}, "pickable_objects": [2, 3, 5], "scene_graph": {"left": [], "right": [], "front": [[2, 4], [2, 5]], "behind": [[4, 2], [5, 2]], "on": [[4, 3], [4, 5]], "under": [[3, 4], [5, 4]], "leftbehind": [[3, 2]], "leftfront": [], "rightbehind": [], "rightfront": [[2, 3]]}}