{"objects": {"2": "cup-red_heart", "3": "can-hoegaarden", "4": "black_marker", "5": "glue_2", "6": "stapler_1"}, "semantic_label": {"2": "cup_0", "3": "can_drink_0", "4": "marker_0", "5": "glue_0", "6": "stapler_0"}, "obj_aabb": {"2": [[0.1497312619006485, -0.17255093022214796, 0.6227067561472438], [0.2586594931614395, -0.02908306444421123, 0.7189933354159498]], "3": [[0.010717240026861537, -0.13017050167898953, 0.6217226560023827], [0.09009122995979799, -0.049033440985316645, 0.7570109823989333]], "4": [[0.13399826265704134, 0.04859164555176294, 0.6209952143726675], [0.28555068180716786, 0.07409927754401316, 0.6470528536014598]], "5": [[0.1795340414400199, 0.14696798050237064, 0.619641819521282], [0.24606658210952764, 0.2163271944956266, 0.7925162725355156]], "6": [[0.21070905519270827, 0.2631671421000022, 0.6217641977199538], [0.2525516341203676, 0.34663551243580987, 0.6822811881362799]]}, "sizes": {"2": "medium", "3": "medium", "4": "medium", "5": "medium", "6": "medium"}, "distances": {"(2, 3)": 0.06482866066233137, "(2, 4)": 0.0906531441088521, "(2, 5)": 0.18493632639286478, "(2, 6)": 0.29794849193334694, "(3, 2)": 0.06482866066233135, "(3, 4)": 0.13073303219773527, "(3, 5)": 0.24905880615681808, "(3, 6)": 0.3559981676053297, "(4, 2)": 0.0906531441088521, "(4, 3)": 0.13073303219773527, "(4, 5)": 0.0812489756247766, "(4, 6)": 0.19589905152563228, "(5, 2)": 0.1849363263928648, "(5, 3)": 0.24905880615681808, "(5, 4)": 0.0812489756247766, "(5, 6)": 0.05529386600937098, "(6, 2)": 0.29794849193334694, "(6, 3)": 0.3559981676053297, "(6, 4)": 0.19589905152563228, "(6, 5)": 0.05529386600937097}, "state": {"2": [[0.204207933132491, -0.1009254291555045, 0.6709129367593769], [0.4990483935002051, 0.49989100461372316, 0.5001061615320823, 0.5009526041940432]], "3": [[0.050237741102783194, -0.08972828158916066, 0.6894254173187836], [0.7018326288482073, 0.002534297343717291, -0.0025421445703501834, 0.7123328406875339]], "4": [[0.20976712411943607, 0.06125880114596253, 0.6340731892139996], [0.04388793296651513, 0.004200144024688341, 0.0012195233105950938, 0.9990268869720141]], "5": [[0.21262656356723308, 0.1818204651546486, 0.7034215096006757], [-0.02101088042059158, 0.034868808668999426, -0.7076505233846471, 0.7053888614370031]], "6": [[0.23184203899528177, 0.3049123171730021, 0.6519048465233442], [0.004184967789071203, -0.010715530073810993, 0.7072005167335691, 0.706919438544177]]}, "pickable_objects": [2, 3, 4, 5, 6], "scene_graph": {"left": [[4, 2], [5, 4], [6, 5]], "right": [[2, 4], [4, 5], [5, 6]], "front": [[3, 2]], "behind": [[2, 3]], "on": [], "under": [], "leftbehind": [[4, 3], [5, 3]], "leftfront": [], "rightbehind": [], "rightfront": [[3, 4], [3, 5]]}}