{"objects": {"2": "cup-teal_pattern_ikea", "3": "can-beer_delta", "4": "red_marker", "5": "stapler_2", "6": "glue_2"}, "semantic_label": {"2": "cup_0", "3": "can_drink_0", "4": "marker_0", "5": "stapler_0", "6": "glue_0"}, "obj_aabb": {"2": [[0.11741018934952119, -0.10465963214614885, 0.6222136039230933], [0.25281487246832113, 0.0528828085976577, 0.7276136826968275]], "3": [[0.0502252275997875, -0.04430205851000463, 0.6224523386359128], [0.12849653712474465, 0.035977301316885354, 0.75670978706369]], "4": [[0.09356205663275478, -0.1415445101132394, 0.6207944543153018], [0.2459170711525973, -0.11706816066460132, 0.6477166026146187]], "5": [[0.08441109599639404, -0.30818428209994286, 0.6219237992073398], [0.12147004662038505, -0.18914706788884378, 0.6511566758619277]], "6": [[0.19041451980134488, -0.3026384729730572, 0.6196421599172823], [0.25694956316176965, -0.23327789435718754, 0.7925158840754503]]}, "sizes": {"2": "medium", "3": "medium", "4": "medium", "5": "medium", "6": "medium"}, "distances": {"(2, 3)": 0.011650529812590378, "(2, 4)": 0.03128590249766122, "(2, 5)": 0.11714653512875194, "(2, 6)": 0.15028985516320384, "(3, 2)": 0.011650529812590378, "(3, 4)": 0.07961470293756881, "(3, 5)": 0.15019698552155353, "(3, 6)": 0.22673097039077156, "(4, 2)": 0.03128590249766122, "(4, 3)": 0.07961470293756881, "(4, 5)": 0.05280194243577826, "(4, 6)": 0.09919100408000057, "(5, 2)": 0.11714653512875191, "(5, 3)": 0.15019698552155353, "(5, 4)": 0.05280194243577828, "(5, 6)": 0.08182204484937024, "(6, 2)": 0.15028985516320387, "(6, 3)": 0.2267298809537186, "(6, 4)": 0.09919100408000057, "(6, 5)": 0.08182204484937024}, "state": {"2": [[0.18517417899394714, -0.025907884582690287, 0.6750554585816245], [-0.4332345338545682, 0.5548790352399658, 0.5592943379034744, -0.4377292982153398]], "3": [[0.08904876757663868, -0.004290785974104361, 0.6896110693502518], [0.7102732608167681, 0.0002848238279702781, -0.00028646885815613633, 0.7039259419709546]], "4": [[0.16974191653231452, -0.12929564354729603, 0.6341485218277884], [-0.008604152594682769, 0.0014318030645236273, 0.9999618046530947, 0.0005547369087152031]], "5": [[0.1029023163889051, -0.24866281757236605, 0.6366288741032713], [-0.0007186653710716986, 0.006761887542574295, -0.7081263715170034, 0.7060529741875669]], "6": [[0.2235083069902464, -0.2677853252740319, 0.703421483418795], [-0.021012922582626367, 0.034864895871465684, -0.7076668778291834, 0.7053725867539112]]}, "pickable_objects": [2, 3, 4, 5, 6], "scene_graph": {"left": [[2, 4], [3, 4], [4, 5], [4, 6]], "right": [[4, 2], [4, 3], [5, 4], [6, 4]], "front": [[3, 2], [5, 6]], "behind": [[2, 3], [6, 5]], "on": [], "under": [], "leftbehind": [], "leftfront": [], "rightbehind": [], "rightfront": []}}