{"objects": {"2": "plate", "3": "cutlery-fork_1_new", "4": "cutlery-knife_2_new", "5": "plastic_lemon", "6": "green_bowl", "7": "glass-new_13"}, "semantic_label": {"2": "plate_0", "3": "fork_0", "4": "knife_0", "5": "fruit_0", "6": "bowl_0", "7": "glass_0"}, "obj_aabb": {"2": [[-0.1321758478655161, 0.011068563088525454, 0.6229885265446823], [0.09162705448258474, 0.2360899830452879, 0.6519166112626605]], "3": [[0.17689733119417478, -0.4035131082541814, 0.6177731745239146], [0.3751546574166707, -0.334939959509985, 0.6490202518594033]], "4": [[0.16173721701439814, 0.1766750143015665, 0.6217094644610319], [0.3460674873422057, 0.32879764056262584, 0.6352688990885309]], "5": [[0.037689273892439035, 0.27103644571208496, 0.6018056304356835], [0.1418314521534859, 0.3608306430895559, 0.7095456584289376]], "6": [[0.05574522697238002, -0.09673218962485648, 0.6221084222144713], [0.22700685504261606, 0.073752348271013, 0.6835809850571102]], "7": [[0.06646255681983346, -0.18374904263980904, 0.6229224023500423], [0.15372510724517607, -0.09583823654289961, 0.8035886170799452]]}, "sizes": {"2": "medium", "3": "medium", "4": "medium", "5": "medium", "6": "small", "7": "medium"}, "distances": {"(2, 3)": 0.4319681727735119, "(2, 4)": 0.09880653330238359, "(2, 5)": 0.08476121894411064, "(2, 6)": 0.043851252423185355, "(2, 7)": 0.15738079570653016, "(3, 2)": 0.4319681727735119, "(3, 4)": 0.5493621588365278, "(3, 5)": 0.6601264621615505, "(3, 6)": 0.30100234419722366, "(3, 7)": 0.21626810989610984, "(4, 2)": 0.09880653330238359, "(4, 3)": 0.5493621588365278, "(4, 5)": 0.10285915677383113, "(4, 6)": 0.13858289382671718, "(4, 7)": 0.2973962326427425, "(5, 2)": 0.08476121894411062, "(5, 3)": 0.6601264621615505, "(5, 4)": 0.10285915677383113, "(5, 6)": 0.23261433765936737, "(5, 7)": 0.39238984822012213, "(6, 2)": 0.043851252423185355, "(6, 3)": 0.30100234419722366, "(6, 4)": 0.13858289382671718, "(6, 5)": 0.23261433765936737, "(6, 7)": 0.04612900554132173, "(7, 2)": 0.15738079570653016, "(7, 3)": 0.21626810989610984, "(7, 4)": 0.2973962326427425, "(7, 5)": 0.39238984822012213, "(7, 6)": 0.04612900554132173}, "state": {"2": [[-0.010730715012828877, 0.12316377462643381, 0.6291136722974758], [-6.21411446759321e-07, 5.062980917959442e-06, -0.021082184363204116, 0.9997777460398166]], "3": [[0.27600831734780523, -0.3692148036906298, 0.6333340973665845], [-0.05663949691738932, 0.7223304874504648, 0.6851991120713168, -0.07438286835823207]], "4": [[0.25384105759414166, 0.2524874473407425, 0.6284269320949505], [-0.22732795021340005, 0.6525746951426421, 0.6843047838125502, -0.23279869665124955]], "5": [[0.09440580812318125, 0.3188321780400072, 0.616515952249861], [0.08727940769192159, 0.2872822689777314, 0.7057181881933497, 0.6417266098402415]], "6": [[0.1413302649715272, -0.011417002936615664, 0.6527269232453755], [0.003972024330731124, 0.00206151684026495, 0.9881583634051745, -0.1533721682817338]], "7": [[0.10998099587721237, -0.13949284351268998, 0.71301980947402], [0.6868005048633685, -0.17020434895795158, -0.16990978736770557, 0.6859053945493381]]}, "pickable_objects": [2, 3, 4, 5, 6, 7], "scene_graph": {"left": [[4, 6], [5, 2], [5, 6], [6, 7], [2, 7]], "right": [[2, 5], [6, 4], [7, 6], [7, 2], [6, 5]], "front": [[2, 4], [5, 4]], "behind": [[4, 2], [4, 5]], "on": [], "under": [], "leftbehind": [], "leftfront": [[2, 6], [7, 3]], "rightbehind": [[3, 7], [6, 2]], "rightfront": []}}