{"objects": {"2": "cup-red_heart", "3": "can-beer_delta", "4": "black_marker", "5": "stapler_1", "6": "glue_1"}, "semantic_label": {"2": "cup_0", "3": "can_drink_0", "4": "marker_0", "5": "stapler_0", "6": "glue_0"}, "obj_aabb": {"2": [[0.12094782548266264, 0.12943917171798072, 0.6226793065246286], [0.22990610351904073, 0.2729094903891539, 0.7190014192370193]], "3": [[0.027055419509668235, 0.15550774981011203, 0.6224619096215491], [0.1053239624484666, 0.23576775059005925, 0.7567055744397624]], "4": [[0.07653580183330211, 0.04723113725765372, 0.6209820971434669], [0.22808403944669248, 0.07269402204606537, 0.6470496020949855]], "5": [[0.05880028928271977, -0.10861612582658092, 0.6217624564300537], [0.10065196699767381, -0.025134267169954184, 0.6822885112120711]], "6": [[0.19165963393268318, -0.12894516424333408, 0.6161863220192998], [0.23287243979547803, -0.03882326033745205, 0.7647779556023948]]}, "sizes": {"2": "medium", "3": "medium", "4": "medium", "5": "medium", "6": "medium"}, "distances": {"(2, 3)": 0.02039491042322021, "(2, 4)": 0.070903213003931, "(2, 5)": 0.17789054101659635, "(2, 6)": 0.18984847938342056, "(3, 2)": 0.02039491042322021, "(3, 4)": 0.09131622610702307, "(3, 5)": 0.18606582608848088, "(3, 6)": 0.24900902431820976, "(4, 2)": 0.070903213003931, "(4, 3)": 0.09131622610702307, "(4, 5)": 0.07757917988377458, "(4, 6)": 0.10738483705843171, "(5, 2)": 0.17789054101659635, "(5, 3)": 0.18606582608848088, "(5, 4)": 0.07757917988377458, "(5, 6)": 0.09668234712984902, "(6, 2)": 0.18984847938342056, "(6, 3)": 0.24900902431820976, "(6, 4)": 0.10738483705843171, "(6, 5)": 0.09668234712984902}, "state": {"2": [[0.17541442872005844, 0.2012827618220309, 0.6709032596292044], [0.4998178051532578, -0.4989696078684746, -0.5010346718351606, 0.5001757188172903]], "3": [[0.065877577392315, 0.19550934289190205, 0.6896137612953707], [0.7102189457551871, 0.00028204124092805644, -0.00027332302727469846, 0.7039807489112553]], "4": [[0.15230255580604, 0.05987593568943372, 0.6340650313165611], [0.04374042453236503, 0.00424762901017215, 0.0010901954642163775, 0.9990333049420176]], "5": [[0.07993785844428059, -0.06686440469680417, 0.6519076837296286], [0.004103339783095049, -0.010795482023059062, 0.7068697483528978, 0.7072494461178639]], "6": [[0.21239930164234128, -0.08395410596425705, 0.6904919743891644], [-0.005576826804980949, 0.059604486635479584, 0.9982037082126811, 0.002358195530671175]]}, "pickable_objects": [2, 3, 4, 5, 6], "scene_graph": {"left": [[2, 4], [3, 4], [4, 5], [4, 6]], "right": [[4, 2], [4, 3], [5, 4], [6, 4]], "front": [[3, 2], [5, 6]], "behind": [[2, 3], [6, 5]], "on": [], "under": [], "leftbehind": [[2, 5]], "leftfront": [], "rightbehind": [], "rightfront": [[5, 2]]}}