{"objects": {"2": "bottle-avene_skincare", "3": "tube-perfax", "4": "soap_dish", "5": "soap"}, "semantic_label": {"2": "shampoo_0", "3": "cleanser_0", "4": "soap_dish_0", "5": "soap_0"}, "obj_aabb": {"2": [[-0.18097263509686562, -0.15586330695596004, 0.622317040944481], [-0.10505201038940624, -0.07994220001260069, 0.854024659737776]], "3": [[-0.09901413692024291, -0.2571385443433087, 0.6229873123900851], [-0.0485919435504073, -0.19601822846557282, 0.7803943087089944]], "4": [[-0.08069995184930569, -0.1092988334044074, 0.6229688585373307], [0.07925594780604651, 0.050670971665697465, 0.6719736480984166]], "5": [[0.09782284441502583, -0.42852881290401934, 0.6199557912978536], [0.21984890331112755, -0.3429189345560111, 0.673948847490844]]}, "sizes": {"2": "medium", "3": "medium", "4": "medium", "5": "medium"}, "distances": {"(2, 3)": 0.07752877364283658, "(2, 4)": 0.05381318931746601, "(2, 5)": 0.3134337116547421, "(3, 2)": 0.0775286931435172, "(3, 4)": 0.11631861097389064, "(3, 5)": 0.2112657700343479, "(4, 2)": 0.05381318931746601, "(4, 3)": 0.11631861097389064, "(4, 5)": 0.26431335097710684, "(5, 2)": 0.3134337116547421, "(5, 3)": 0.2112657700343479, "(5, 4)": 0.26431335097710684}, "state": {"2": [[-0.14313465680193074, -0.11788355383807875, 0.7386368095634165], [0.7043636850630329, -0.0031945024540059102, 0.003195582919159939, 0.709824895709007]], "3": [[-0.07378261196703986, -0.22659823600954299, 0.701795929633454], [0.1113856815699512, 0.698246684339733, 0.6983094098232726, 0.11139464036496252]], "4": [[-0.0004915548905090691, -0.029306808002005625, 0.6473364991358103], [-8.452837390769738e-05, 9.30370287043336e-05, 0.7071222842219438, 0.7070912666380529]], "5": [[0.15888039879590626, -0.38549758013319757, 0.6472598873903014], [0.024488336628695824, -0.01341144641842177, -0.08695626230302354, 0.9958207985980275]]}, "pickable_objects": [2, 3, 4, 5], "scene_graph": {"left": [[2, 3], [4, 3]], "right": [[3, 2], [3, 4]], "front": [[2, 4]], "behind": [[4, 2]], "on": [], "under": [], "leftbehind": [], "leftfront": [[3, 5], [4, 5]], "rightbehind": [[5, 3], [5, 4]], "rightfront": []}}