{"objects": {"2": "soap_dish", "3": "soap", "4": "bottle-avene_skincare", "5": "tube-signal_pokemon"}, "semantic_label": {"2": "soap_dish_0", "3": "soap_0", "4": "shampoo_0", "5": "cleanser_0"}, "obj_aabb": {"2": [[0.056950261525173976, -0.3147968485756079, 0.6229679984249618], [0.21692338185086424, -0.1548255262413613, 0.6719709992244752]], "3": [[0.10966190159326863, -0.2905366435437664, 0.6249002198819311], [0.1756011096672476, -0.17658025499175395, 0.6813031583109672]], "4": [[0.08896787958260809, -0.10551388054697025, 0.6223256169096472], [0.16487778033063155, -0.029640136278715472, 0.8540129144369197]], "5": [[-0.0996579890055243, 0.19463624599962812, 0.6227971928605303], [-0.030996551671832608, 0.2482218398201931, 0.7899727376331365]]}, "sizes": {"2": "medium", "3": "medium", "4": "medium", "5": "medium"}, "distances": {"(2, 3)": -2.1843717026006834e-05, "(2, 4)": 0.05397520623298516, "(2, 5)": 0.40103044013257155, "(3, 2)": -2.1843717026006834e-05, "(3, 4)": 0.07757797649170953, "(3, 5)": 0.4265047548217491, "(4, 2)": 0.05397520623298516, "(4, 3)": 0.07757797649170951, "(4, 5)": 0.2900936262127787, "(5, 2)": 0.40103044013257144, "(5, 3)": 0.4265047548217491, "(5, 4)": 0.2900936262127787}, "state": {"2": [[0.1371672939769639, -0.23480407628077482, 0.6473347870547955], [-8.908575504869738e-05, -2.8900866995236554e-05, 0.7070699557492842, 0.7071435985039909]], "3": [[0.1423901139983907, -0.23356646868220743, 0.6534007795556663], [0.028600518713812213, -0.01764089670170093, 0.7066757652541797, 0.7067391116213113]], "4": [[0.12680053084677143, -0.0675578966652089, 0.7386352376831975], [0.7044380769083549, -0.0031975874552462257, 0.0031415726263743617, 0.7097512957068539]], "5": [[-0.06537116000282088, 0.22148160619965707, 0.7062738892666565], [-0.43079498953401024, 0.559557552906313, 0.5596996812445847, -0.4336441960785373]]}, "pickable_objects": [3, 4, 5], "scene_graph": {"left": [[4, 2], [4, 3]], "right": [[2, 4], [3, 4]], "front": [], "behind": [], "on": [[2, 3]], "under": [[3, 2]], "leftbehind": [], "leftfront": [[5, 4]], "rightbehind": [[4, 5]], "rightfront": []}}