{"objects": {"2": "cup-red_heart", "3": "can-redbull", "4": "black_marker", "5": "stapler_1", "6": "glue_1"}, "semantic_label": {"2": "cup_0", "3": "can_drink_0", "4": "marker_0", "5": "stapler_0", "6": "glue_0"}, "obj_aabb": {"2": [[0.031530630900466726, 0.04768528675969397, 0.6203763726039404], [0.14315207347547024, 0.19296080586848716, 0.7223604025463899]], "3": [[-0.1454418100543618, 0.04658809122703243, 0.6213375934719723], [-0.0559305422377323, 0.1364796968763216, 0.7660854200612863]], "4": [[-0.011224392162219113, -0.02479242365044005, 0.6209951012435343], [0.14035931354889142, 0.0009211434007432625, 0.6470570917780801]], "5": [[-0.2162454841756356, -0.17002351865191978, 0.6218052555203866], [-0.15908050879146168, -0.0801266959252573, 0.6820970841877931]], "6": [[0.09981982007642246, -0.19078730768021096, 0.616225375089166], [0.1408657184579017, -0.10078003119285356, 0.7647068130820736]]}, "sizes": {"2": "medium", "3": "medium", "4": "medium", "5": "medium", "6": "medium"}, "distances": {"(2, 3)": 0.10982413221658532, "(2, 4)": 0.06295008361734135, "(2, 5)": 0.26829687861194057, "(2, 6)": 0.17095911373794007, "(3, 2)": 0.10982413221658532, "(3, 4)": 0.10647869519074381, "(3, 5)": 0.16485099748384396, "(3, 6)": 0.26906883086276095, "(4, 2)": 0.06295008361734135, "(4, 3)": 0.10647869519074381, "(4, 5)": 0.17149602658310595, "(4, 6)": 0.09733649380925034, "(5, 2)": 0.26829687861194057, "(5, 3)": 0.164850997483844, "(5, 4)": 0.17149602658310595, "(5, 6)": 0.26946765887059565, "(6, 2)": 0.17095911373794007, "(6, 3)": 0.26906883086276095, "(6, 4)": 0.09733649380925034, "(6, 5)": 0.26946765887059565}, "state": {"2": [[0.08733056499099531, 0.12043284253041019, 0.6714292053815205], [0.48715943952446955, -0.49740844846038335, -0.5024988618804274, 0.5125967320333931]], "3": [[-0.10058172763993657, 0.09152175656156702, 0.6936587673746748], [0.6704246421029342, -0.2607846594610848, -0.251346904660983, 0.6475699917138389]], "4": [[0.06456022359467031, -0.012022331821399949, 0.6340752130101605], [0.04410703554132685, 0.004212596270770528, 0.0018698638810815162, 0.9990161795774289]], "5": [[-0.18787210232042983, -0.12504410179948552, 0.651832273029844], [-0.009400691349717695, -0.004927261065617285, -0.7737153069236165, 0.6334445302728824]], "6": [[0.1204760079240786, -0.1458536479775506, 0.6904756768551532], [-0.004887992186724211, 0.05908171393350735, 0.998237794988467, 0.002600628313497773]]}, "pickable_objects": [2, 3, 4, 5, 6], "scene_graph": {"left": [[2, 4], [4, 6]], "right": [[4, 2], [6, 4]], "front": [[3, 2]], "behind": [[2, 3]], "on": [], "under": [], "leftbehind": [[3, 5], [4, 5], [2, 5]], "leftfront": [[3, 4], [3, 6]], "rightbehind": [[4, 3], [6, 3]], "rightfront": [[5, 3], [5, 4], [5, 2]]}}