{"objects": {"2": "square_plate_1", "3": "fork", "4": "cutlery-knife_1_new", "5": "plastic_peach", "6": "yellow_bowl", "7": "glass-new_8"}, "semantic_label": {"2": "plate_0", "3": "fork_0", "4": "knife_0", "5": "fruit_0", "6": "bowl_0", "7": "glass_0"}, "obj_aabb": {"2": [[-0.1107365338743969, -0.04396191863059017, 0.6213779299102384], [0.07402554291567746, 0.14042812825454432, 0.6570342881722349]], "3": [[0.2226118063835622, 0.24771724777681087, 0.6147391303790496], [0.31916633480803996, 0.4528306311803542, 0.6474186303294932]], "4": [[-0.10560646497375929, 0.19451813244438612, 0.6228066246891827], [0.10640087490940107, 0.22202891696025154, 0.6331353230552689]], "5": [[-0.07043853107846981, 0.00392738953179432, 0.6121642347592163], [0.03677127047987506, 0.10116555569218479, 0.7265734267415623]], "6": [[-0.02290035244599911, 0.2251708317818329, 0.6229714227539264], [0.15577744740543376, 0.4043591225596392, 0.6827350095610117]], "7": [[-0.22339421003827717, -0.10789452063715532, 0.6219726469288249], [-0.13933525636221852, -0.023507133619453807, 0.832961273367425]]}, "sizes": {"2": "medium", "3": "medium", "4": "medium", "5": "medium", "6": "small", "7": "medium"}, "distances": {"(2, 3)": 0.26116058692987, "(2, 4)": 0.0627017223253495, "(2, 5)": -5.070782800568343e-05, "(2, 6)": 0.11523493296022702, "(2, 7)": 0.06324945756190974, "(3, 2)": 0.26116058692987, "(3, 4)": 0.18705834073382452, "(3, 5)": 0.3284401324847307, "(3, 6)": 0.13578111079486999, "(3, 7)": 0.5420931621985562, "(4, 2)": 0.0627017223253495, "(4, 3)": 0.18705834073382452, "(4, 5)": 0.11289413040754082, "(4, 6)": 0.04388012152331166, "(4, 7)": 0.24652984726336943, "(5, 2)": -5.070782800568343e-05, "(5, 3)": 0.3284401324847307, "(5, 4)": 0.11289413040754082, "(5, 6)": 0.16841967124096086, "(5, 7)": 0.13952925532809154, "(6, 2)": 0.11523493296022702, "(6, 3)": 0.13578111079487, "(6, 4)": 0.043904788989084294, "(6, 5)": 0.16841967124096086, "(6, 7)": 0.36187862101328827, "(7, 2)": 0.06324945756190974, "(7, 3)": 0.5420931621985562, "(7, 4)": 0.24652984726336943, "(7, 5)": 0.13952925532809154, "(7, 6)": 0.36187862101328827}, "state": {"2": [[-0.018365438162834643, 0.048092715755186644, 0.6390706016624867], [0.0040529374507606705, 0.003994692823943369, 0.7070950116392073, 0.7070956516923378]], "3": [[0.2701666008277712, 0.3500847195149544, 0.6312198122878857], [0.019901142111500868, 0.017015980201253146, -0.5849434289132862, 0.810651334379717]], "4": [[0.00046529972926402354, 0.2081672473587148, 0.6279898570621709], [-0.0002633526785173399, 0.7044842201332898, 0.709719544710432, 0.0002865040562749274]], "5": [[-0.01266582209926767, 0.05318517570069827, 0.6305076491369984], [0.1025802629645848, 0.17614203756317748, -0.012333714889086779, 0.9789275518291655]], "6": [[0.06639625202014476, 0.31478416820770483, 0.6528375666138074], [-7.521355933092893e-05, 8.227799099809786e-05, -0.8374265051690392, 0.5465499391763042]], "7": [[-0.18131507322533072, -0.06557089570538747, 0.7276127036023444], [-0.42931369697635163, 0.5651407439511027, 0.5679545849448896, -0.4168132418181668]]}, "pickable_objects": [3, 4, 5, 6, 7], "scene_graph": {"left": [[4, 2], [4, 5], [6, 4]], "right": [[2, 4], [4, 6], [5, 4]], "front": [[6, 3], [7, 2]], "behind": [[3, 6], [2, 7]], "on": [[2, 5]], "under": [[5, 2]], "leftbehind": [[3, 4], [3, 2], [5, 7], [4, 7]], "leftfront": [], "rightbehind": [], "rightfront": [[7, 5], [7, 4], [4, 3], [2, 3]]}}