{"objects": {"2": "bottle-baby_cleansing_water", "3": "tube-signal", "4": "soap_dish", "5": "soap"}, "semantic_label": {"2": "shampoo_0", "3": "cleanser_0", "4": "soap_dish_0", "5": "soap_0"}, "obj_aabb": {"2": [[-0.1257583923296158, -0.06817860344067006, 0.6225559816981772], [-0.055476114743420755, 0.0029476581925393167, 0.7858589080904239]], "3": [[0.22262107077819973, 0.13363185779893338, 0.6229273789996929], [0.2725871854095213, 0.19171490048282963, 0.7746156112320316]], "4": [[-0.014561836158380428, -0.015025855912899788, 0.622982581969187], [0.14545977811817118, 0.1449957192021767, 0.6719571640042148]], "5": [[0.036317110673621575, 0.009111800354146403, 0.6262185932621773], [0.10475189113409132, 0.12186259961271195, 0.6792216963465856]]}, "sizes": {"2": "medium", "3": "medium", "4": "medium", "5": "medium"}, "distances": {"(2, 3)": 0.34049792873586726, "(2, 4)": 0.07382537993721179, "(2, 5)": 0.11163027905747915, "(3, 2)": 0.34049792873586726, "(3, 4)": 0.11268878943432084, "(3, 5)": 0.14396238066054537, "(4, 2)": 0.07382537993721179, "(4, 3)": 0.11268878943432084, "(4, 5)": -1.3865082502566035e-05, "(5, 2)": 0.11163027905747915, "(5, 3)": 0.1439624056399759, "(5, 4)": -1.3865082502562565e-05}, "state": {"2": [[-0.09080230269127235, -0.03276149220714432, 0.703976492666916], [0.7048090512835798, 0.0006314291620587357, -0.0006104835487655767, 0.7093965251083418]], "3": [[0.24750515297920836, 0.16242508732380373, 0.6989297895996228], [0.6922222454951225, -0.14198089824603766, -0.1426469806284927, 0.693052397941536]], "4": [[0.06567941507495845, 0.06499197873950589, 0.6473351096290364], [2.626897743926672e-05, 1.620185995473804e-05, 0.7069511632959579, 0.707262364163351]], "5": [[0.07030071430215559, 0.06548980157521062, 0.6530253109727616], [0.021227140635757195, 0.0077457700676711976, 0.711442819745453, 0.7023806131857053]]}, "pickable_objects": [2, 3, 5], "scene_graph": {"left": [], "right": [], "front": [[2, 4], [2, 5], [4, 3]], "behind": [[3, 4], [4, 2], [5, 2]], "on": [[4, 5]], "under": [[5, 4]], "leftbehind": [[3, 5]], "leftfront": [], "rightbehind": [], "rightfront": [[5, 3]]}}