{"objects": {"2": "soap_dish", "3": "soap", "4": "bottle-baby_cleansing_water", "5": "tube-skincare_hydralist"}, "semantic_label": {"2": "soap_dish_0", "3": "soap_0", "4": "shampoo_0", "5": "cleanser_0"}, "obj_aabb": {"2": [[0.014348800520795027, -0.09392215150155986, 0.622987730281681], [0.17436174390556197, 0.06609310134492771, 0.6719541814212787]], "3": [[0.07370374794572157, 0.15712182999701277, 0.6192503450326602], [0.1863936877937243, 0.2883034619969429, 0.6759247962307761]], "4": [[-0.0798745685003191, 0.12874534929959341, 0.6225594184376863], [0.003975929165524063, 0.21150387407054266, 0.785855407300542]], "5": [[0.238960449087004, 0.08607264217110061, 0.6225164999304695], [0.2857323160488839, 0.15651708554866064, 0.7688293869741707]]}, "sizes": {"2": "medium", "3": "medium", "4": "medium", "5": "medium"}, "distances": {"(2, 3)": 0.10648220572540927, "(2, 4)": 0.11398112828172273, "(2, 5)": 0.11626417937843146, "(3, 2)": 0.10648220572540927, "(3, 4)": 0.090984266232232, "(3, 5)": 0.11345355307893243, "(4, 2)": 0.11398112828172273, "(4, 3)": 0.090984266232232, "(4, 5)": 0.2502391770628472, "(5, 2)": 0.11626417937843146, "(5, 3)": 0.11345355307893243, "(5, 4)": 0.2502498622921182}, "state": {"2": [[0.0945857255608729, -0.013907469166836923, 0.6473362087783607], [7.649190393083763e-07, -8.292662410162275e-06, 0.7069649912214837, 0.7072485426763735]], "3": [[0.13027133138640345, 0.22260003461621222, 0.6478800620552704], [-0.03321039730640126, -0.013055760292158158, -0.8609673069873978, 0.507407048564378]], "4": [[-0.03776893971765824, 0.1699728894564664, 0.7039764425707383], [0.4447459165018399, 0.546774068942785, 0.5495812640362697, 0.4485528079356819]], "5": [[0.2621869961532221, 0.12127195505445582, 0.6957422340696274], [0.014083485919056801, 0.7039973767475187, 0.7098910098235917, 0.015623800069801595]]}, "pickable_objects": [2, 3, 4, 5], "scene_graph": {"left": [[3, 2]], "right": [[2, 3]], "front": [[3, 5], [4, 3]], "behind": [[3, 4], [5, 3]], "on": [], "under": [], "leftbehind": [[5, 2]], "leftfront": [[4, 2]], "rightbehind": [[2, 4]], "rightfront": [[2, 5]]}}