{"objects": {"2": "blue_cup", "3": "can-redbull", "4": "black_marker", "5": "stapler_1", "6": "glue_1"}, "semantic_label": {"2": "cup_0", "3": "can_drink_0", "4": "marker_0", "5": "stapler_0", "6": "glue_0"}, "obj_aabb": {"2": [[0.07795870348126938, 0.01661814622840628, 0.6229893229172173], [0.1819942828083218, 0.15066558280406261, 0.7110208684713212]], "3": [[0.003775190582112061, 0.03020655670560872, 0.6213829225176988], [0.06313308772767998, 0.09776939412076076, 0.7660594007630905]], "4": [[-0.047017554335341244, 0.0885855789972548, 0.620907982334097], [0.10480601344463095, 0.15958140409107102, 0.6471448160238849]], "5": [[0.02461923743571982, -0.20939654880249436, 0.6217656937040767], [0.06668716468120521, -0.12579577264078862, 0.6822743750992952]], "6": [[0.1425155530146818, -0.22748543171602964, 0.616269230066075], [0.18338928484690573, -0.13768485855908835, 0.7646345324797648]]}, "sizes": {"2": "medium", "3": "medium", "4": "medium", "5": "medium", "6": "medium"}, "distances": {"(2, 3)": 0.018932274595492106, "(2, 4)": 0.024960236683641, "(2, 5)": 0.15997455760771423, "(2, 6)": 0.17472866903665668, "(3, 2)": 0.018927425714592973, "(3, 4)": 0.022184533355445346, "(3, 5)": 0.16468710203408649, "(3, 6)": 0.22085760428548068, "(4, 2)": 0.024960236683641, "(4, 3)": 0.022184533355445346, "(4, 5)": 0.23116600412685295, "(4, 6)": 0.29470803833126624, "(5, 2)": 0.15997455760771423, "(5, 3)": 0.1646871020340865, "(5, 4)": 0.23116600412685295, "(5, 6)": 0.08141896199488548, "(6, 2)": 0.17472866903665668, "(6, 3)": 0.22085760428548068, "(6, 4)": 0.29470803833126624, "(6, 5)": 0.08141979141602243}, "state": {"2": [[0.13020397538585018, 0.06914465668901304, 0.6628075220054627], [-6.443162859925461e-06, -5.283862348084234e-06, 0.7071070911449543, 0.707106471178908]], "3": [[0.03353936189223062, 0.06404950090299107, 0.6936683416469841], [0.7190047447247154, -0.00014670370921621587, 0.00022370328970404015, 0.6950051118504142]], "4": [[0.028914075790892876, 0.12399841641652194, 0.6340748615965995], [0.04662751436252723, 0.011663336810383411, 0.15706708717320467, 0.9864176456277254]], "5": [[0.04586490743125071, -0.1675859818982819, 0.6519021367788773], [0.004257322810832056, -0.01064473421068021, 0.7058404689220826, 0.7082780508161488]], "6": [[0.1630857061054905, -0.18265506173446105, 0.6904612388319448], [-0.004429117578706892, 0.058377074007686366, 0.9982821434027832, 0.002293972737432113]]}, "pickable_objects": [2, 3, 4, 5, 6], "scene_graph": {"left": [[3, 5], [4, 3], [2, 6]], "right": [[3, 4], [5, 3], [6, 2]], "front": [[3, 2], [5, 6]], "behind": [[2, 3], [6, 5]], "on": [], "under": [], "leftbehind": [[2, 5]], "leftfront": [[4, 2], [3, 6]], "rightbehind": [[2, 4], [6, 3]], "rightfront": [[5, 2]]}}