{"objects": {"2": "bottle-avene_skincare", "3": "tube-skincare_hydralist", "4": "soap_dish", "5": "soap"}, "semantic_label": {"2": "shampoo_0", "3": "cleanser_0", "4": "soap_dish_0", "5": "soap_0"}, "obj_aabb": {"2": [[-0.2558772558648381, -0.217567847414815, 0.6223180134910623], [-0.17997271235641077, -0.14166139502066222, 0.8540160238240774]], "3": [[-0.23780252251290557, -0.06438968236484344, 0.6225164112013982], [-0.19387550545881865, 0.004295435682723989, 0.7688296510257048]], "4": [[-0.1778056407346532, -0.18459780336225656, 0.6229335661129576], [-0.017810304788423242, -0.02456918959798335, 0.6720071061996393]], "5": [[-0.13316242965828695, -0.16121022903223953, 0.6259930289842266], [-0.06415365183639866, -0.0480252782835502, 0.6795624593882887]]}, "sizes": {"2": "medium", "3": "medium", "4": "medium", "5": "medium"}, "distances": {"(2, 3)": 0.08442177451786662, "(2, 4)": 0.027831948266129315, "(2, 5)": 0.06047741467269968, "(3, 2)": 0.08442177451786662, "(3, 4)": 0.04035230662365763, "(3, 5)": 0.07201179612011366, "(4, 2)": 0.027831948266129315, "(4, 3)": 0.040352082804817106, "(4, 5)": -4.285019553704108e-05, "(5, 2)": 0.060487710998774855, "(5, 3)": 0.07201179612011366, "(5, 4)": -4.285019553704108e-05}, "state": {"2": [[-0.2180472856344912, -0.1795954511747584, 0.7386329876392657], [0.7043863484372846, -0.0031698414773533527, 0.0031708739345881714, 0.7098026273540327]], "3": [[-0.2156807306188846, -0.030017538969756754, 0.6957423216101841], [0.7041359232036106, 0.0007093345000488728, -0.0007066366285967623, 0.7100645035230541]], "4": [[-0.0975775177968146, -0.10457650513228216, 0.6473355884833902], [-0.00024499307518991185, 0.00022462148037430903, 0.7070058511557733, 0.7072076187054861]], "5": [[-0.09889104504206651, -0.10461724484991454, 0.6530835187330943], [0.023416587426487345, 0.007393080560444297, 0.7128906396560144, 0.7008451624174651]]}, "pickable_objects": [2, 3, 5], "scene_graph": {"left": [[3, 2]], "right": [[2, 3]], "front": [[2, 5], [3, 4], [3, 5]], "behind": [[5, 2], [4, 3], [5, 3]], "on": [[4, 5]], "under": [[5, 4]], "leftbehind": [[4, 2]], "leftfront": [], "rightbehind": [], "rightfront": [[2, 4]]}}