{"objects": {"2": "plate", "3": "cutlery-fork_1", "4": "cutlery-knife_1", "5": "plastic_apple", "6": "green_bowl", "7": "glass-small_3"}, "semantic_label": {"2": "plate_0", "3": "fork_0", "4": "knife_0", "5": "fruit_0", "6": "bowl_0", "7": "glass_0"}, "obj_aabb": {"2": [[-0.13469000276417717, -0.06912180270663645, 0.6229804081969006], [0.08024556752639755, 0.14708551632476954, 0.6519252140771497]], "3": [[-0.10951885170770602, -0.14532783424843504, 0.6091506319472496], [0.09318358173571552, -0.10264222383758236, 0.6631171958840297]], "4": [[-0.10484513284537647, 0.1871297051119924, 0.6229899995484113], [0.10824000723668331, 0.2159658703138152, 0.6352289054813279]], "5": [[0.1484156768150578, -0.09117484005588876, 0.6215226683913461], [0.26593344180844236, 0.025221263302873678, 0.7041532570436014]], "6": [[-0.2616615150105536, -0.029963396919295816, 0.6221555139343037], [-0.12453565499406515, 0.10583474134437107, 0.6835461622455347]], "7": [[0.04815940821611919, 0.20244989951230472, 0.6215629152799382], [0.1410238416636037, 0.29251599320320576, 0.7537711243615541]]}, "sizes": {"2": "medium", "3": "medium", "4": "medium", "5": "medium", "6": "small", "7": "medium"}, "distances": {"(2, 3)": 0.04964815220769659, "(2, 4)": 0.04820109585716718, "(2, 5)": 0.10045308671455705, "(2, 6)": 0.002369920657503636, "(2, 7)": 0.10656243909815757, "(3, 2)": 0.04964815220769659, "(3, 4)": 0.29962700545543186, "(3, 5)": 0.11058117666102965, "(3, 6)": 0.11123357350741384, "(3, 7)": 0.3276454504126412, "(4, 2)": 0.04820109585716718, "(4, 3)": 0.29962700545543186, "(4, 5)": 0.21179481438386438, "(4, 6)": 0.12028744878229311, "(4, 7)": 0.006548381589382559, "(5, 2)": 0.10045308671455705, "(5, 3)": 0.11058117666102966, "(5, 4)": 0.21179481438386438, "(5, 6)": 0.30081936583835506, "(5, 7)": 0.23590707093086524, "(6, 2)": 0.002369920657503636, "(6, 3)": 0.11123357350741384, "(6, 4)": 0.12028744878229311, "(6, 5)": 0.30081936583835506, "(6, 7)": 0.26315666529962584, "(7, 2)": 0.10656243909815757, "(7, 3)": 0.3276454504126412, "(7, 4)": 0.0065483815893825625, "(7, 5)": 0.23590707093086524, "(7, 6)": 0.2631566652996259}, "state": {"2": [[-0.017670018692075743, 0.038966908645802587, 0.6291133286734072], [8.93929646364156e-06, 3.570007092656867e-05, -0.00012008259985629978, 0.9999999921128815]], "3": [[-0.008184414480661761, -0.1240511798029011, 0.6359656675566725], [0.021619864924149572, 0.6511384734757405, 0.75802567247517, -0.030795286472283873]], "4": [[0.0014147658930295359, 0.2016069327509661, 0.6291501849535247], [-4.0001127392417783e-10, 0.7071067924437656, 0.7071067699293293, -3.990269942063582e-10]], "5": [[0.20323069925533938, -0.03131800115796957, 0.627378760088682], [-0.004947090511138171, 0.020297839593636128, 0.2925734123286873, 0.9560148128568163]], "6": [[-0.19307736529020614, 0.03785222823643989, 0.6527330608028127], [0.0013452614831564109, -0.004017824286330687, -0.0014801270576208587, 0.9999899282409995]], "7": [[0.09445252672195915, 0.24750426308969486, 0.6876303065102428], [0.6481095294189337, -0.2990824186923191, -0.2844409310868579, 0.639997735486589]]}, "pickable_objects": [2, 3, 4, 5, 6, 7], "scene_graph": {"left": [[4, 2], [7, 2], [2, 3]], "right": [[2, 4], [3, 2], [2, 7]], "front": [[6, 2], [2, 5]], "behind": [[2, 6], [5, 2]], "on": [], "under": [], "leftbehind": [[5, 3], [7, 4]], "leftfront": [[6, 3], [4, 5]], "rightbehind": [[3, 6], [5, 4]], "rightfront": [[3, 5], [4, 7]]}}