{"objects": {"2": "cup-white_hogermann", "3": "can-beer_delta", "4": "remote-led_1"}, "semantic_label": {"2": "cup_0", "3": "can_drink_0", "4": "remote_0"}, "obj_aabb": {"2": [[0.08824566453823172, -0.04839943260044731, 0.6222018021034329], [0.19773042128019364, 0.09299562997053186, 0.7083824739981007]], "3": [[-0.13814565217281452, -0.29347303134280295, 0.6224493099810302], [-0.0493013723269766, -0.2027163106425364, 0.7567100434889868]], "4": [[-0.16870993251263158, -0.10778923428135402, 0.6227787570301562], [-0.057935399761047, 0.010536181613680543, 0.6383768035570836]]}, "sizes": {"2": "medium", "3": "medium", "4": "medium"}, "distances": {"(2, 3)": 0.2584741121855627, "(2, 4)": 0.17034114525388247, "(3, 2)": 0.2584741121855627, "(3, 4)": 0.11028482528168752, "(4, 2)": 0.17034114525388247, "(4, 3)": 0.11028482528168752}, "state": {"2": [[0.14313380725361358, 0.022452448622715334, 0.6652335533714796], [-0.5020816227550313, 0.5025191522351101, 0.497477688861126, -0.49790008517168716]], "3": [[-0.09405090568036126, -0.2481766437506679, 0.6896096516031234], [0.7084629017705926, -0.05118004772980671, -0.05124299037830233, 0.7020221331740586]], "4": [[-0.11312630232161947, -0.04857266454977947, 0.6305498765597453], [0.3010607741115983, 0.6385425341149169, 0.64019726863628, 0.3029410828000589]]}, "pickable_objects": [2, 3, 4], "scene_graph": {"left": [[4, 3]], "right": [[3, 4]], "front": [[4, 2]], "behind": [[2, 4]], "on": [], "under": [], "leftbehind": [[2, 3]], "leftfront": [], "rightbehind": [], "rightfront": [[3, 2]]}}