{"objects": {"2": "soap_dish", "3": "soap", "4": "bottle-baby_cleansing_water", "5": "tube-shoe_polish"}, "semantic_label": {"2": "soap_dish_0", "3": "soap_0", "4": "shampoo_0", "5": "cleanser_0"}, "obj_aabb": {"2": [[-0.07851344297227433, -0.2419666542118154, 0.6229771212519231], [0.08143669351935978, -0.08200622955816476, 0.6719678939422886]], "3": [[0.17523205300881772, 0.18746410171293526, 0.6196716881688416], [0.30111247738424546, 0.28067205986074967, 0.6748453021036553]], "4": [[-0.049009533956518636, -0.029818355130592316, 0.62240175362888], [0.021702884665194145, 0.042025026814658833, 0.7861860244675194]], "5": [[-0.28333187490723105, -0.1264662560780041, 0.6226762495510136], [-0.21199218772855666, -0.05396396705351848, 0.7878364389298758]]}, "sizes": {"2": "medium", "3": "medium", "4": "medium", "5": "medium"}, "distances": {"(2, 3)": 0.3311905827556194, "(2, 4)": 0.056685519782455354, "(2, 5)": 0.16299782220599443, "(3, 2)": 0.3311905827556194, "(3, 4)": 0.25371087105954937, "(3, 5)": 0.5117003935928391, "(4, 2)": 0.05668513752482507, "(4, 3)": 0.25371087105954937, "(4, 5)": 0.1990786253630647, "(5, 2)": 0.16299782220599443, "(5, 3)": 0.5117003935928391, "(5, 4)": 0.1990786253630647}, "state": {"2": [[0.001692073711537135, -0.16197927462440456, 0.647337758003911], [6.205392353118571e-05, -5.838778286962298e-05, 0.7071032679686365, 0.7071102892535591]], "3": [[0.23810810793402204, 0.23429754486735885, 0.647560189377424], [0.01598031666766557, -0.022022480113703728, 0.12986413200583927, 0.9911583864686878]], "4": [[-0.013839000503660116, 0.005956341577083284, 0.7040640608482759], [0.7032573506551141, 0.001497516276621469, -0.0015924749566593893, 0.7109320081541297]], "5": [[-0.24744557717168833, -0.09034332737551042, 0.705396504965623], [0.24932435252443996, 0.6630420791210501, 0.6621072653130636, 0.2445946397056982]]}, "pickable_objects": [2, 3, 4, 5], "scene_graph": {"left": [[4, 2]], "right": [[2, 4]], "front": [[5, 2]], "behind": [[2, 5]], "on": [], "under": [], "leftbehind": [[3, 4], [4, 5]], "leftfront": [], "rightbehind": [], "rightfront": [[4, 3], [5, 4]]}}