{"objects": {"2": "soap_dish", "3": "soap", "4": "bottle-baby_cleansing_water", "5": "tube-skincare_hydralist"}, "semantic_label": {"2": "soap_dish_0", "3": "soap_0", "4": "shampoo_0", "5": "cleanser_0"}, "obj_aabb": {"2": [[0.01434403342190975, -0.09392500869553139, 0.6229852283008472], [0.17436269139685484, 0.06609340148136406, 0.6719568408402006]], "3": [[0.028533862970568605, -0.07933983327422992, 0.6250934779886776], [0.15812630440842973, 0.04305912230073099, 0.6818308961032242]], "4": [[0.048137585210077605, 0.10587920321525016, 0.622559322757788], [0.11840461853202644, 0.17700168937176478, 0.785855468986835]], "5": [[0.06098120735256306, 0.2287379047135798, 0.6225159233466414], [0.10490845898750296, 0.2974228441757828, 0.7688291518055438]]}, "sizes": {"2": "medium", "3": "medium", "4": "medium", "5": "medium"}, "distances": {"(2, 3)": -1.0291780603774708e-05, "(2, 4)": 0.044151342621521594, "(2, 5)": 0.17643740949773296, "(3, 2)": -1.0291780603774708e-05, "(3, 4)": 0.07628442369455367, "(3, 5)": 0.20909562830296904, "(4, 2)": 0.044151342621521594, "(4, 3)": 0.07628442369455367, "(4, 5)": 0.06151078897964489, "(5, 2)": 0.17643740949773296, "(5, 3)": 0.20909562830296904, "(5, 4)": 0.06151078897964489}, "state": {"2": [[0.09458382161217142, -0.013908755058177683, 0.6473362971263124], [-1.9705324001107487e-05, -1.770751339540933e-05, 0.7069569278424155, 0.7072566022836111]], "3": [[0.09347786347007003, -0.017939266834490118, 0.6537546145140954], [-0.01709987947530625, -0.03159070470292268, -0.3293319594178087, 0.9435306470933149]], "4": [[0.08308606879359717, 0.14129443400994943, 0.703976426149297], [0.7048138643854805, 0.0005936964853695927, -0.0005889324556892348, 0.7093917939002758]], "5": [[0.08310311639274352, 0.26310995948043203, 0.6957418281185838], [0.7041359145425031, 0.0007107050362914261, -0.0007050461018350696, 0.7100645123224637]]}, "pickable_objects": [3, 4, 5], "scene_graph": {"left": [[4, 2], [4, 3], [5, 4]], "right": [[2, 4], [3, 4], [4, 5]], "front": [], "behind": [], "on": [[2, 3]], "under": [[3, 2]], "leftbehind": [], "leftfront": [], "rightbehind": [], "rightfront": []}}