{"objects": {"2": "round_plate_2", "3": "cutlery-fork_2_new", "4": "cutlery-knife_2_new", "5": "plastic_peach", "6": "doraemon_bowl", "7": "glass-new_1"}, "semantic_label": {"2": "plate_0", "3": "fork_0", "4": "knife_0", "5": "fruit_0", "6": "bowl_0", "7": "glass_0"}, "obj_aabb": {"2": [[-0.06708026918323863, -0.016554286857773104, 0.619792819491476], [0.12537588239418182, 0.17545239893191214, 0.6589765652694309]], "3": [[-0.05472327184026479, -0.1006094583278338, 0.6177816437214682], [0.131501669511746, -0.06913658251956303, 0.6492209684763878]], "4": [[-0.05821185109279671, 0.22887593518683422, 0.6229899996461193], [0.15504995712382247, 0.2548746299619474, 0.6338385364601798]], "5": [[-0.022630267057275846, 0.033685180073611404, 0.615525861865542], [0.08555360181105943, 0.13287895152499268, 0.7321883255331957]], "6": [[-0.2042469126255968, -0.0156707739570012, 0.6212868080085816], [-0.06630329202064726, 0.1653576374945138, 0.686639665216745]], "7": [[-0.1155142664952305, -0.3039560447325396, 0.6200435609535326], [0.00022080007732434848, -0.1827921190270102, 0.7619090441632861]]}, "sizes": {"2": "medium", "3": "medium", "4": "medium", "5": "medium", "6": "small", "7": "medium"}, "distances": {"(2, 3)": 0.0644493124322904, "(2, 4)": 0.061662224550932676, "(2, 5)": -4.878353963350037e-05, "(2, 6)": 0.010475594293587003, "(2, 7)": 0.20330800962206227, "(3, 2)": 0.0644493124322904, "(3, 4)": 0.30220680030962466, "(3, 5)": 0.1268946638630218, "(3, 6)": 0.0905820292534729, "(3, 7)": 0.1163800367830961, "(4, 2)": 0.061662224550932676, "(4, 3)": 0.30220680030962466, "(4, 5)": 0.11735499424415638, "(4, 6)": 0.1068585599531331, "(4, 7)": 0.4382006700665338, "(5, 2)": -4.878353963350037e-05, "(5, 3)": 0.1268946638630218, "(5, 4)": 0.11735499424415638, "(5, 6)": 0.06460968336249652, "(5, 7)": 0.25755059143196424, "(6, 2)": 0.010475594293587003, "(6, 3)": 0.0905820292534729, "(6, 4)": 0.1068585599531331, "(6, 5)": 0.06460968336249653, "(6, 7)": 0.1989538074994379, "(7, 2)": 0.20330800962206227, "(7, 3)": 0.1163800367830961, "(7, 4)": 0.4382006700665338, "(7, 5)": 0.25755059143196424, "(7, 6)": 0.1989538074994379}, "state": {"2": [[0.029143798731089486, 0.07960915122013712, 0.6396964622259734], [0.009445746244528323, -0.005116867700371439, -0.7070719615100018, 0.7070599951837321]], "3": [[0.038681422372651486, -0.08487691214900467, 0.6334560522066575], [0.013090861664027845, 0.7064520948799323, 0.7075072601272363, -0.013694664942949231]], "4": [[0.04821714600662635, 0.24171424153444113, 0.6283606705553249], [2.0539651517314766e-13, 0.7071067810312766, 0.7071067813418185, 8.245180090188854e-13]], "5": [[0.03492546628843041, 0.08483109510197014, 0.6349524332004438], [0.11376799898304636, 0.1851684927474516, -0.010675846327930151, 0.9760407255879301]], "6": [[-0.13533510175185534, 0.07484390735602481, 0.6539561640201796], [-0.00018702168934127866, 0.0059958865878152875, 0.7070914565229371, 0.7070966599264806]], "7": [[-0.05766866595929782, -0.24355485306318825, 0.6909075377038156], [0.721448755421843, 0.0632605712192241, 0.05987515348996948, 0.6869678008639444]]}, "pickable_objects": [3, 4, 5, 6, 7], "scene_graph": {"left": [[3, 7], [4, 2], [4, 6], [4, 5], [2, 3], [6, 7]], "right": [[3, 2], [7, 3], [7, 6], [2, 4], [6, 4], [5, 4]], "front": [[6, 2], [6, 5]], "behind": [[2, 6], [5, 6]], "on": [[2, 5]], "under": [[5, 2]], "leftbehind": [], "leftfront": [[6, 3]], "rightbehind": [[3, 6]], "rightfront": []}}