{"objects": {"2": "cup-mc_cafe", "3": "can-beer_delta", "4": "remote-thin_silver"}, "semantic_label": {"2": "cup_0", "3": "can_drink_0", "4": "remote_0"}, "obj_aabb": {"2": [[-0.09242605688567046, 0.08488050614436587, 0.6224702390208443], [0.06345211512823279, 0.24784259855280494, 0.7316765877141564]], "3": [[0.18443441993655565, 0.18157237827903902, 0.6224525464115985], [0.2659149678952214, 0.2650007978927834, 0.7567078853046884]], "4": [[0.033000783243861506, -0.16278516960848866, 0.6126940191131184], [0.09560838382921401, 0.06016799859789558, 0.657975749728508]]}, "sizes": {"2": "medium", "3": "medium", "4": "medium"}, "distances": {"(2, 3)": 0.15078180126750915, "(2, 4)": 0.0851881878961949, "(3, 2)": 0.15078180126750915, "(3, 4)": 0.18028053933056112, "(4, 2)": 0.0851881878961949, "(4, 3)": 0.18028053933056112}, "state": {"2": [[-0.014478303892855296, 0.16618409725143102, 0.6769345066626913], [0.6263986337890097, 0.322574665288197, 0.3254882017873159, 0.6305773286431483]], "3": [[0.22548128254351213, 0.2234276937354113, 0.6896101673718856], [-0.014809723232852044, 0.7101561687186825, 0.7037451471763551, -0.014200561759976499]], "4": [[0.0641907576147563, -0.05113090600581125, 0.6353850753914736], [0.5558165980395334, -0.5448112318084204, -0.4480823893860645, 0.4398531611358803]]}, "pickable_objects": [2, 3, 4], "scene_graph": {"left": [[2, 4]], "right": [[4, 2]], "front": [[2, 3]], "behind": [[3, 2]], "on": [], "under": [], "leftbehind": [[3, 4]], "leftfront": [], "rightbehind": [], "rightfront": [[4, 3]]}}