{"objects": {"2": "square_plate_1", "3": "cutlery-fork_1", "4": "cutlery-knife_1_new", "5": "plastic_plum", "6": "yellow_bowl", "7": "glass-new_6"}, "semantic_label": {"2": "plate_0", "3": "fork_0", "4": "knife_0", "5": "fruit_0", "6": "bowl_0", "7": "glass_0"}, "obj_aabb": {"2": [[0.04515148335717607, -0.1481852717809043, 0.6213536294880402], [0.22991614776089508, 0.036207564155420854, 0.6570403180463105]], "3": [[-0.05508205202632319, 0.0002495594806569551, 0.6085989719425617], [0.003359396557045584, 0.20435951258553142, 0.6661301180106203]], "4": [[0.10935642770413438, -0.3753135495627743, 0.6227345767963732], [0.32281366341860623, -0.33199949750254565, 0.6332040499615104]], "5": [[0.09692615428496902, -0.11141181573374542, 0.6086547110528744], [0.20014985996916812, -0.0004533920937649927, 0.7291853999023914]], "6": [[-0.07854894025702375, -0.44202098476905527, 0.6229724522124446], [0.11342474751333825, -0.250081426272733, 0.6827333826970409]], "7": [[-0.10171383780615076, 0.2073426772814968, 0.6226670939519481], [-0.016717475061890745, 0.29254323961290585, 0.7974293994986026]]}, "sizes": {"2": "medium", "3": "medium", "4": "medium", "5": "medium", "6": "small", "7": "medium"}, "distances": {"(2, 3)": 0.06813004094311322, "(2, 4)": 0.19444126955498184, "(2, 5)": -9.969858622119881e-06, "(2, 6)": 0.14479069845652703, "(2, 7)": 0.21321336486381576, "(3, 2)": 0.06813004094311322, "(3, 4)": 0.37246433908137583, "(3, 5)": 0.14168704726698894, "(3, 6)": 0.2878428602313416, "(3, 7)": 0.019681475931943193, "(4, 2)": 0.19444126955498184, "(4, 3)": 0.37246433908137583, "(4, 5)": 0.2535265580912999, "(4, 6)": 0.039558816582679755, "(4, 7)": 0.5748536948361013, "(5, 2)": -9.969858622119881e-06, "(5, 3)": 0.14168704726698894, "(5, 4)": 0.2535265580912999, "(5, 6)": 0.21847675602084954, "(5, 7)": 0.29314553552748723, "(6, 2)": 0.14479069845652703, "(6, 3)": 0.2878428602313416, "(6, 4)": 0.039558816582679755, "(6, 5)": 0.21847675602084954, "(6, 7)": 0.49655457624925897, "(7, 2)": 0.21321336486381576, "(7, 3)": 0.019681475931943193, "(7, 4)": 0.5748536948361013, "(7, 5)": 0.29314553552748723, "(7, 6)": 0.49655457624925897}, "state": {"2": [[0.13752386090280788, -0.056129275365872956, 0.6390615009427696], [0.003999870719006796, 0.0041111580970824065, 0.707094786907855, 0.707095511045762]], "3": [[-0.025823566442322334, 0.1022832373017343, 0.6371882362682798], [0.38037533525510137, -0.4533545511236233, -0.5770650082836716, 0.562832329845784]], "4": [[0.21602505497003266, -0.353545361286928, 0.6279875460210105], [0.7021636153622152, -0.02654295736198197, -0.02632176682975745, 0.7110336794181432]], "5": [[0.144242113283849, -0.04991988066924967, 0.6293671445810689], [0.3795401516184199, 0.1756571028499076, 0.0005897657826511131, 0.9083465790677947]], "6": [[0.017469640861623538, -0.3460851158364249, 0.6528372666231443], [-8.106244502637455e-05, -5.625619737057608e-05, 0.372751291608318, 0.927931282406435]], "7": [[-0.058939550153606426, 0.2497789082678393, 0.7098543746536017], [0.7062037574713876, 0.0014929542561074123, -0.0014999717606831934, 0.7080054901662839]]}, "pickable_objects": [3, 4, 5, 6, 7], "scene_graph": {"left": [[7, 3], [2, 4], [5, 4], [2, 6], [5, 6]], "right": [[3, 7], [4, 2], [4, 5], [6, 2], [6, 5]], "front": [[3, 2], [3, 5], [6, 4]], "behind": [[2, 3], [4, 6], [5, 3]], "on": [[2, 5]], "under": [[5, 2]], "leftbehind": [], "leftfront": [[7, 2], [7, 5]], "rightbehind": [[2, 7], [5, 7]], "rightfront": []}}