{"objects": {"2": "plate", "3": "cutlery-fork_1", "4": "cutlery-knife_1", "5": "plastic_apple", "6": "doraemon_bowl", "7": "glass-small_3"}, "semantic_label": {"2": "plate_0", "3": "fork_0", "4": "knife_0", "5": "fruit_0", "6": "bowl_0", "7": "glass_0"}, "obj_aabb": {"2": [[-0.051315660951683044, -0.1408087489602793, 0.622949847952849], [0.16359987080574726, 0.07537869006527556, 0.6519553576105201]], "3": [[0.17595755487164383, 0.30154268992758176, 0.6092041325120782], [0.38048938935486437, 0.35881624424440933, 0.6630139141524708]], "4": [[-0.022373829972546583, 0.10789416447280406, 0.6229899995861841], [0.1907113101094586, 0.13673032967362736, 0.6352289055175726]], "5": [[0.029003966713386932, -0.0729961216139102, 0.6280260368177262], [0.11335974860282871, 0.010148947588303585, 0.7093784808434602]], "6": [[-0.33636879425895577, -0.25370720466053437, 0.6119128192016529], [-0.10597202119134558, -0.04426266703261712, 0.6987952634356317]], "7": [[-0.12840485289431525, 0.18218687509386025, 0.6212506374312746], [-0.06123452263797624, 0.24895595917867172, 0.7545523568829257]]}, "sizes": {"2": "medium", "3": "medium", "4": "medium", "5": "medium", "6": "small", "7": "medium"}, "distances": {"(2, 3)": 0.27602674207023076, "(2, 4)": 0.041029047949083415, "(2, 5)": -1.649538000357033e-05, "(2, 6)": 0.12184186678298595, "(2, 7)": 0.15532192855393478, "(3, 2)": 0.27602674207023076, "(3, 4)": 0.19388705445149068, "(3, 5)": 0.3394393023546944, "(3, 6)": 0.5602123902407741, "(3, 7)": 0.2684927765903296, "(4, 2)": 0.041029047949083415, "(4, 3)": 0.19388705445149068, "(4, 5)": 0.11131191927739174, "(4, 6)": 0.2668294752610677, "(4, 7)": 0.08971358264502416, "(5, 2)": -1.649538000357033e-05, "(5, 3)": 0.3394393023546944, "(5, 4)": 0.11131191927739174, "(5, 6)": 0.1989740438107443, "(5, 7)": 0.23170123526281536, "(6, 2)": 0.12184186678298595, "(6, 3)": 0.560212390240774, "(6, 4)": 0.2668294752610677, "(6, 5)": 0.1989740438107443, "(6, 7)": 0.2959622784884513, "(7, 2)": 0.15532192855393478, "(7, 3)": 0.2684927765903296, "(7, 4)": 0.08971358264502415, "(7, 5)": 0.23170123526281536, "(7, 6)": 0.2959622784884513}, "state": {"2": [[0.06569313204476653, -0.03273038616997514, 0.6291117790385894], [-7.942582759617283e-05, 0.00010604231919011912, -6.432491022923106e-05, 0.9999999891544351]], "3": [[0.27824747679183964, 0.3302441462917907, 0.6359410808197142], [0.6507090174060229, -0.05754257693517809, -0.011042121176156348, 0.7570632061235563]], "4": [[0.08388606876583224, 0.12237139211127647, 0.6291501849905365], [-3.992831141892201e-10, 0.7071067924257854, 0.7071067699473095, -3.9850384589600693e-10]], "5": [[0.07109925991928906, -0.02770644908885261, 0.6331799176701557], [0.0031116932991290523, -0.010923860194013639, -1.89867494782424e-05, 0.9999354910606869]], "6": [[-0.22119943607417664, -0.1490369648455933, 0.6553440154815166], [-0.0562133327863621, -0.006409917732731259, 0.9654237842833728, 0.25447178804669285]], "7": [[-0.09492695601999107, 0.21548109904937798, 0.6878629387682572], [0.7154699452862985, -0.009558239135715957, 0.009598771013911779, 0.6985121767382928]]}, "pickable_objects": [3, 4, 5, 6, 7], "scene_graph": {"left": [[3, 4], [4, 2], [4, 5], [7, 2]], "right": [[2, 4], [5, 4], [4, 3], [2, 7]], "front": [[6, 2], [6, 5]], "behind": [[2, 6], [5, 6]], "on": [[2, 5]], "under": [[5, 2]], "leftbehind": [[3, 7], [3, 2], [4, 6]], "leftfront": [[7, 4], [7, 5]], "rightbehind": [[4, 7], [5, 7]], "rightfront": [[6, 4], [7, 3], [2, 3]]}}