{"objects": {"2": "cup-white_coffee_round_handle", "3": "can-beer_delta", "4": "black_marker", "5": "glue_2", "6": "stapler_1"}, "semantic_label": {"2": "cup_0", "3": "can_drink_0", "4": "marker_0", "5": "glue_0", "6": "stapler_0"}, "obj_aabb": {"2": [[0.17151394797245817, -0.14252862411453765, 0.6164013185638508], [0.29011114143520256, 0.014150953927867027, 0.7168357904109712]], "3": [[0.16410809541500418, -0.30165777578437225, 0.622462114577899], [0.24306294079107346, -0.22068603222168523, 0.7567000540264444]], "4": [[0.1608260580164036, 0.09307420670603739, 0.62099583384593], [0.3124185259046031, 0.11884562472061216, 0.6470578866304162]], "5": [[0.2064791882653985, 0.19589723530570993, 0.6196423250049247], [0.273012662153416, 0.2652526214877422, 0.7925155128105422]], "6": [[0.20930422887681305, -0.4151386702765132, 0.6218044180371437], [0.3019357336281298, -0.34788938160125926, 0.682099806576112]]}, "sizes": {"2": "medium", "3": "medium", "4": "medium", "5": "medium", "6": "medium"}, "distances": {"(2, 3)": 0.086755874946173, "(2, 4)": 0.09381395505879468, "(2, 5)": 0.1937194631368003, "(2, 6)": 0.2223317365644682, "(3, 2)": 0.08675587494617301, "(3, 4)": 0.3205355213093994, "(3, 5)": 0.42583433130402293, "(3, 6)": 0.07551249453267977, "(4, 2)": 0.09381395505879468, "(4, 3)": 0.320535501615294, "(4, 5)": 0.08556012694614644, "(4, 6)": 0.44933952130439486, "(5, 2)": 0.1937194631368003, "(5, 3)": 0.42583433130402293, "(5, 4)": 0.08556012694614645, "(5, 6)": 0.5547682074080952, "(6, 2)": 0.2223317365644682, "(6, 3)": 0.07551249453267976, "(6, 4)": 0.44933952130439486, "(6, 5)": 0.5547682074080952}, "state": {"2": [[0.23078176967639985, -0.06427168533957384, 0.6665997892122826], [0.5145312168660259, 0.4782771416860591, 0.5208452980311031, 0.48500389496360896]], "3": [[0.2038964788082932, -0.26104071081036134, 0.6896110220721264], [-0.0033805663012622033, 0.710257858336659, 0.7039273303372698, -0.0029427957369758118]], "4": [[0.2366150861964642, 0.10587321652200785, 0.6340759681147959], [0.0441553915933219, 0.0042142064754847105, 0.0020545360385932025, 0.9990136739498057]], "5": [[0.23957216209736248, 0.23074774308887197, 0.7034213793593556], [-0.021021225217874803, 0.03486240525841798, -0.7076509295794853, 0.7053884622356873]], "6": [[0.25570284284751393, -0.3817084463254921, 0.6518331261077345], [-5.522019254017568e-05, -0.010702083920535016, 0.17469449938745382, 0.9845645200972128]]}, "pickable_objects": [2, 3, 4, 5, 6], "scene_graph": {"left": [[2, 3], [3, 6], [4, 2], [5, 4]], "right": [[2, 4], [3, 2], [4, 5], [6, 3]], "front": [], "behind": [], "on": [], "under": [], "leftbehind": [], "leftfront": [], "rightbehind": [], "rightfront": []}}