{"objects": {"2": "cup-yellow_handle", "3": "can-beer_delta", "4": "black_marker", "5": "stapler_2", "6": "glue_1"}, "semantic_label": {"2": "cup_0", "3": "can_drink_0", "4": "marker_0", "5": "stapler_0", "6": "glue_0"}, "obj_aabb": {"2": [[-0.12038349046150587, 0.19185607383837344, 0.6209283179789643], [0.012587408853102673, 0.3544726336558427, 0.7413171846629666]], "3": [[0.15053540374886074, 0.23235993412612757, 0.6224553818543501], [0.26095733052936565, 0.34313987409487545, 0.7567058805008009]], "4": [[0.04767045586000347, -0.06066220769218554, 0.6209947223976451], [0.1992433574655491, -0.03501939338641753, 0.6470559904985838]], "5": [[-0.06443476672004404, -0.1401124726158343, 0.6220460853912267], [0.05820615089500063, -0.054082192076368246, 0.651066599303712]], "6": [[0.16126808108928675, -0.2328507202810079, 0.6162057297579933], [0.2025117708684061, -0.14279680057285582, 0.7647635902055916]]}, "sizes": {"2": "medium", "3": "medium", "4": "medium", "5": "medium", "6": "medium"}, "distances": {"(2, 3)": 0.1680572318385126, "(2, 4)": 0.2646631517163263, "(2, 5)": 0.26787895572787235, "(2, 6)": 0.4188269023282528, "(3, 2)": 0.1680572318385126, "(3, 4)": 0.2896936258512124, "(3, 5)": 0.38439741543301864, "(3, 6)": 0.4105622905647716, "(4, 2)": 0.2646631517163263, "(4, 3)": 0.2896936258512124, "(4, 5)": 0.04497713838673003, "(4, 6)": 0.10350735059329451, "(5, 2)": 0.26787895572787235, "(5, 3)": 0.3843974154330186, "(5, 4)": 0.04497713838673004, "(5, 6)": 0.12484218057036514, "(6, 2)": 0.4188269023282527, "(6, 3)": 0.4105622905647716, "(6, 4)": 0.10350735059329451, "(6, 5)": 0.12484218057036514}, "state": {"2": [[-0.05396946814253881, 0.2732317919066242, 0.6813068500460866], [0.5275312786747625, -0.45642632439030045, -0.4686199897987047, 0.5420157429303989]], "3": [[0.20592453631821797, 0.28803654482360413, 0.6896105866327313], [-0.218377890361662, 0.6758888411789843, 0.6699573925007178, -0.21596866347819713]], "4": [[0.12344963110484984, -0.04792748289326987, 0.6340744837533955], [0.04404622884115736, 0.004208756961135555, 0.0016443413809814904, 0.9990192752050069]], "5": [[-0.003094390235059183, -0.0970640147400743, 0.636644780282081], [-0.0046727307869472885, -0.0016869999500604847, 0.972792420609236, 0.23162518434614246]], "6": [[0.18202316393333068, -0.1878937102514167, 0.6904944597221613], [-0.005597902936193564, 0.059286775387761725, 0.9982220421611668, 0.0025487821460100906]]}, "pickable_objects": [2, 3, 4, 5, 6], "scene_graph": {"left": [[2, 5], [3, 4], [4, 6]], "right": [[5, 2], [6, 4], [4, 3]], "front": [[2, 3], [5, 4], [5, 6]], "behind": [[3, 2], [4, 5], [6, 5]], "on": [], "under": [], "leftbehind": [], "leftfront": [[2, 4]], "rightbehind": [[4, 2]], "rightfront": []}}