{"objects": {"2": "bottle-baby_cleansing_water", "3": "tube-wasabi", "4": "soap_dish", "5": "soap"}, "semantic_label": {"2": "shampoo_0", "3": "cleanser_0", "4": "soap_dish_0", "5": "soap_0"}, "obj_aabb": {"2": [[-0.3004266040275958, -0.33986179478321327, 0.6225590202790903], [-0.20083414146992698, -0.23991659884787925, 0.7858559789491193]], "3": [[-0.10000265763553162, 0.048677678251142775, 0.6229899750201836], [-0.06970794691742707, 0.09007451494920457, 0.771974871918455]], "4": [[-0.018057506513994105, -0.10287304667774028, 0.6229897815591793], [0.14197428486235852, 0.05716097311791271, 0.6719528374522113]], "5": [[-0.21366748237243877, -0.1393957192670403, 0.6198654122607703], [-0.08408475682715509, -0.028139629816058158, 0.6735966915322051]]}, "sizes": {"2": "medium", "3": "medium", "4": "medium", "5": "medium"}, "distances": {"(2, 3)": 0.34733243239183087, "(2, 4)": 0.2994145072451377, "(2, 5)": 0.14258245423203478, "(3, 2)": 0.34733243239183087, "(3, 4)": 0.08152266028066735, "(3, 5)": 0.10056423665180854, "(4, 2)": 0.2994145072451377, "(4, 3)": 0.08152266028066733, "(4, 5)": 0.08673705644868658, "(5, 2)": 0.14258245423203478, "(5, 3)": 0.10056423665180854, "(5, 4)": 0.08673705644868658}, "state": {"2": [[-0.25060749610939065, -0.28965460277143773, 0.7039765317949361], [-0.27680416307696376, 0.6481812980805222, 0.6528622416216946, -0.27750919549918895]], "3": [[-0.08492050649823463, 0.06930587860333798, 0.6974733710138941], [0.707106781186555, -5.0461921229118164e-14, -2.851692189759065e-14, 0.70710678118654]], "4": [[0.06218884205389581, -0.022849010268823203, 0.6473365600959077], [1.8031777489455675e-07, -7.876657053832246e-07, 0.7069222407967157, 0.7072912734272192]], "5": [[-0.14878276444897534, -0.08397187674433235, 0.6470431025493184], [-0.003991258940944506, 0.03565893336583511, 0.9721510983659571, -0.23159177936433845]]}, "pickable_objects": [2, 3, 4, 5], "scene_graph": {"left": [[3, 5], [5, 2]], "right": [[2, 5], [5, 3]], "front": [[3, 4], [5, 4]], "behind": [[4, 3], [4, 5]], "on": [], "under": [], "leftbehind": [[4, 2]], "leftfront": [], "rightbehind": [], "rightfront": [[2, 4]]}}