{"objects": {"2": "bottle-avene_skincare", "3": "tube-shoe_polish", "4": "soap_dish", "5": "soap"}, "semantic_label": {"2": "shampoo_0", "3": "cleanser_0", "4": "soap_dish_0", "5": "soap_0"}, "obj_aabb": {"2": [[-0.18265121293965586, 0.1919487036170657, 0.622317842567957], [-0.07673374440219898, 0.2954578838169043, 0.8540235224968218]], "3": [[-0.06351299950790579, -0.3641005874913631, 0.6226751156642308], [0.009031484968812387, -0.30287112737668453, 0.7878368309782625]], "4": [[-0.22633397301066704, -0.18892607218941065, 0.6229782461976502], [-0.06624206374868491, -0.028826344502159706, 0.6719634960878497]], "5": [[0.049733848594114734, 0.0352537091434017, 0.6198983778046707], [0.14423383539805748, 0.16001657475396389, 0.6740543866897692]]}, "sizes": {"2": "medium", "3": "medium", "4": "medium", "5": "medium"}, "distances": {"(2, 3)": 0.5325645258430243, "(2, 4)": 0.23980843181885633, "(2, 5)": 0.18186182994202166, "(3, 2)": 0.5325645258430243, "(3, 4)": 0.15770812609791532, "(3, 5)": 0.37571658815959397, "(4, 2)": 0.23980843181885628, "(4, 3)": 0.15770812609791532, "(4, 5)": 0.19817999904520175, "(5, 2)": 0.18186182994202166, "(5, 3)": 0.37571658815959397, "(5, 4)": 0.19817999904520175}, "state": {"2": [[-0.12980310398294456, 0.24364768023636704, 0.7386366454346738], [0.6715973248364421, 0.2123526318594539, 0.22008673834542453, 0.6748519990482138]], "3": [[-0.027377457222015567, -0.3332746571905098, 0.7053961314472913], [0.5884323596338272, -0.3943922779184797, -0.3895619694212631, 0.5885945643944273]], "4": [[-0.1460575612530166, -0.1088692850561657, 0.6473361236533586], [-4.982789603417428e-05, 4.0539758738621694e-05, 0.706790538042743, 0.7074228800420287]], "5": [[0.09720778579160588, 0.09769212084468806, 0.6472836149206072], [0.012192425840132822, -0.024916139091074683, -0.6067999381055392, 0.7943704210757352]]}, "pickable_objects": [2, 3, 4, 5], "scene_graph": {"left": [[2, 4], [4, 3]], "right": [[3, 4], [4, 2]], "front": [], "behind": [], "on": [], "under": [], "leftbehind": [[5, 4]], "leftfront": [[2, 5]], "rightbehind": [[5, 2]], "rightfront": [[4, 5]]}}