{"objects": {"2": "square_plate_3", "3": "cutlery-fork_1", "4": "cutlery-knife_1_new", "5": "plastic_peach", "6": "green_bowl", "7": "glass-new_6"}, "semantic_label": {"2": "plate_0", "3": "fork_0", "4": "knife_0", "5": "fruit_0", "6": "bowl_0", "7": "glass_0"}, "obj_aabb": {"2": [[0.042940046902366455, -0.1472590036724306, 0.621144744350833], [0.22800555987239085, 0.036512539801795814, 0.6574091956680191]], "3": [[0.03125917928956044, -0.03909774947824131, 0.6282931933632556], [0.22976453243207295, 0.08496986882959198, 0.6844141879372254]], "4": [[0.05390205516637599, 0.12106575082189347, 0.6228066350718648], [0.26590937563166334, 0.1485763781027809, 0.6331353127374009]], "5": [[-0.17995385388780577, 0.13928443931441303, 0.6079234089978709], [-0.04919412228459098, 0.2571742456504521, 0.7138099739754222]], "6": [[-0.12454186390341512, -0.12936958957166486, 0.622103857983312], [0.012212993927904314, 0.006041982137984646, 0.6835876008559463]], "7": [[-0.10171101031843344, 0.20734647430457748, 0.622785939165845], [-0.01695888385912806, 0.2922504117874359, 0.7972870660825175]]}, "sizes": {"2": "medium", "3": "medium", "4": "medium", "5": "medium", "6": "small", "7": "medium"}, "distances": {"(2, 3)": -2.5174280608321505e-05, "(2, 4)": 0.09078790521702206, "(2, 5)": 0.20320732148294782, "(2, 6)": 0.039989214531990856, "(2, 7)": 0.211085990404179, "(3, 2)": -2.517428060832107e-05, "(3, 4)": 0.06325395830882699, "(3, 5)": 0.21536620189814804, "(3, 6)": 0.04267484523711664, "(3, 7)": 0.23051297451079547, "(4, 2)": 0.09078790521702206, "(4, 3)": 0.06325395830882699, "(4, 5)": 0.14656004327378994, "(4, 6)": 0.15858791482855034, "(4, 7)": 0.1236267777079468, "(5, 2)": 0.20320732148294782, "(5, 3)": 0.21536620189814804, "(5, 4)": 0.14656004327378994, "(5, 6)": 0.1605312657009792, "(5, 7)": 0.008946277227798265, "(6, 2)": 0.039989214531990856, "(6, 3)": 0.04267484523711664, "(6, 4)": 0.1585879148285503, "(6, 5)": 0.1605312657009792, "(6, 7)": 0.21120570209031567, "(7, 2)": 0.211085990404179, "(7, 3)": 0.23051297451079547, "(7, 4)": 0.1236267777079468, "(7, 5)": 0.00894627722779826, "(7, 6)": 0.21120570209031567}, "state": {"2": [[0.13546520707631288, -0.055144024703434144, 0.6394978052972251], [5.7521816689433935e-05, 0.007693435651766277, 0.7068271164328388, 0.7073444954294555]], "3": [[0.1305318747462912, 0.02290563238847482, 0.6561758206522103], [-0.15030875968932786, 0.5646138156528455, 0.7962367116311297, -0.15692550775904993]], "4": [[0.15997381023551896, 0.13471478718113158, 0.6279898571751047], [-0.000263601589581915, 0.7044844888975477, 0.7097192779373903, 0.0002862533709586608]], "5": [[-0.11999363519213009, 0.18991612815675357, 0.6230581224045032], [-0.1366130490042118, 0.04062963418177179, 0.8802262236510873, -0.45264544940270246]], "6": [[-0.05614291541218006, -0.06174715691488838, 0.6527279422601885], [0.0014686765252579757, -0.004241836942373077, -1.9675198321318175e-06, 0.9999899248516193]], "7": [[-0.05905856828158903, 0.24963472283769014, 0.7098427399654154], [0.7068064738094774, 0.0009972295444962405, -0.0010021397489313375, 0.7074055483456232]]}, "pickable_objects": [2, 3, 4, 5, 6, 7], "scene_graph": {"left": [[3, 2]], "right": [[2, 3]], "front": [[5, 4], [6, 2], [6, 3]], "behind": [[2, 6], [3, 6], [4, 5]], "on": [], "under": [], "leftbehind": [[7, 5], [4, 6]], "leftfront": [[7, 4]], "rightbehind": [[4, 7]], "rightfront": [[5, 7], [6, 4]]}}