{"objects": {"2": "soap_dish", "3": "soap", "4": "bottle-avene_skincare", "5": "tube-signal_pokemon"}, "semantic_label": {"2": "soap_dish_0", "3": "soap_0", "4": "shampoo_0", "5": "cleanser_0"}, "obj_aabb": {"2": [[-0.00034368509795633384, -0.19210293923384336, 0.6229584441153916], [0.15961499874546115, -0.032124686478323713, 0.6719829979777664]], "3": [[0.05148642393551566, -0.1678326925637719, 0.6255246386964861], [0.11870356745132823, -0.05433721565844033, 0.6802828854313161]], "4": [[0.03401839259947454, -0.014313057874609264, 0.6223229507647354], [0.10991590132474494, 0.061586654735929294, 0.854016653970292]], "5": [[0.06723112586215238, -0.2950724799272112, 0.6227946818176442], [0.13880697256163124, -0.23213323852922763, 0.7899741812326806]]}, "sizes": {"2": "medium", "3": "medium", "4": "medium", "5": "medium"}, "distances": {"(2, 3)": -1.243627273168988e-05, "(2, 4)": 0.022480353061716973, "(2, 5)": 0.056797333796564424, "(3, 2)": -1.2436272731692916e-05, "(3, 4)": 0.04619279154610541, "(3, 5)": 0.08174853350382505, "(4, 2)": 0.022480353061716973, "(4, 3)": 0.04619279154610541, "(4, 5)": 0.23566902314576732, "(5, 2)": 0.056797333796564424, "(5, 3)": 0.08174853350382505, "(5, 4)": 0.23566902314576732}, "state": {"2": [[0.07986610846212752, -0.11210673007013107, 0.6473359724600265], [-0.00013672603193430377, 0.00012546820648384464, 0.7070855261108416, 0.7071280112739672]], "3": [[0.08485728352901394, -0.11108816847315298, 0.6532058745073845], [0.025008993519612464, -0.005321084555775571, 0.7095031284138449, 0.7042382743597889]], "4": [[0.07184485892846859, 0.023655953659306943, 0.7386357754989648], [0.7043972690320968, -0.003157978508446797, 0.003162148298665652, 0.7097918817301317]], "5": [[0.10308677671363517, -0.2636130081985232, 0.7062733592093986], [0.3700321944046553, 0.6014417284364347, 0.6041955434744297, 0.3691771494081233]]}, "pickable_objects": [3, 4, 5], "scene_graph": {"left": [[4, 2], [4, 3], [2, 5], [3, 5]], "right": [[2, 4], [3, 4], [5, 2], [5, 3]], "front": [], "behind": [], "on": [[2, 3]], "under": [[3, 2]], "leftbehind": [], "leftfront": [], "rightbehind": [], "rightfront": []}}