{"objects": {"2": "plate", "3": "cutlery-fork_1_new", "4": "cutlery-knife_2_new", "5": "plastic_lemon", "6": "green_bowl", "7": "glass-new_13"}, "semantic_label": {"2": "plate_0", "3": "fork_0", "4": "knife_0", "5": "fruit_0", "6": "bowl_0", "7": "glass_0"}, "obj_aabb": {"2": [[-0.132208034964339, 0.011069874015050593, 0.6229885772302381], [0.09158498177060002, 0.2360814688980759, 0.6519165776581031]], "3": [[0.1768973299189354, -0.4035131345923149, 0.6177733784930808], [0.37515468239331407, -0.334940101913259, 0.6490198344916358]], "4": [[0.1617373624050352, 0.17667582235281248, 0.6217135855915288], [0.3460669639129781, 0.32879760160582877, 0.6352643801281057]], "5": [[0.12633407959964527, -0.27416589415685644, 0.601805605484415], [0.22201948864302146, -0.1727765241741365, 0.7095456334776691]], "6": [[0.05574522700182552, -0.09673218965981831, 0.6221084214690727], [0.2270068540077925, 0.0737523496949414, 0.6835809869572919]], "7": [[0.06646255587679349, -0.18374904224052394, 0.6229224020870994], [0.15372510723426913, -0.09583823652645954, 0.8035886172302928]]}, "sizes": {"2": "medium", "3": "medium", "4": "medium", "5": "medium", "6": "small", "7": "medium"}, "distances": {"(2, 3)": 0.43197922192233185, "(2, 4)": 0.09884239368903933, "(2, 5)": 0.25975044315699575, "(2, 6)": 0.0438762999382567, "(2, 7)": 0.1573931656791275, "(3, 2)": 0.43197922192233185, "(3, 4)": 0.549362444872335, "(3, 5)": 0.11915026631724032, "(3, 6)": 0.3010024440063226, "(3, 7)": 0.21626829882598086, "(4, 2)": 0.09884239368903933, "(4, 3)": 0.549362444872335, "(4, 5)": 0.37256698746209105, "(4, 6)": 0.13858228733611402, "(4, 7)": 0.2973964668671257, "(5, 2)": 0.25975044315699575, "(5, 3)": 0.11915026631724032, "(5, 4)": 0.37256698746209105, "(5, 6)": 0.11923118114341366, "(5, 7)": 0.04901914143889904, "(6, 2)": 0.0438762999382567, "(6, 3)": 0.3010024440063226, "(6, 4)": 0.13858228733611402, "(6, 5)": 0.11923118114341366, "(6, 7)": 0.046129006208675785, "(7, 2)": 0.1573931656791275, "(7, 3)": 0.21626829882598086, "(7, 4)": 0.2973964668671257, "(7, 5)": 0.04901914143889904, "(7, 6)": 0.046129006208675785}, "state": {"2": [[-0.010767823843121523, 0.12316063084167465, 0.6291136821586967], [-4.969324739475296e-07, 4.991029045329945e-06, -0.021058311416200418, 0.9997782491608532]], "3": [[0.27600832909706796, -0.36921488721575907, 0.6333339908543335], [-0.05663969683364044, 0.7223257321978466, 0.6852040696527588, -0.074383225788719]], "4": [[0.25384087212135115, 0.2524878248456494, 0.6284267578491328], [-0.22733385983246343, 0.6526196310763375, 0.6842616811384038, -0.23279365333510377]], "5": [[0.1726055646440976, -0.21822587728774778, 0.6165159272985925], [-0.10493707542595286, 0.2813130058797391, 0.9503397124790347, 0.08188793445446826]], "6": [[0.141330264470959, -0.01141700224507252, 0.6527269238201225], [0.0039720173416453956, 0.0020615305519219446, 0.9881583634136986, -0.1533721682235142]], "7": [[0.10998099540111413, -0.13949284330542963, 0.7130198094165348], [0.6868005047660262, -0.17020435051792, -0.16990978491573053, 0.6859053948671019]]}, "pickable_objects": [2, 3, 4, 5, 6, 7], "scene_graph": {"left": [[2, 7], [4, 6], [5, 3], [6, 7], [6, 5]], "right": [[3, 5], [5, 6], [7, 6], [7, 2], [6, 4]], "front": [[2, 4]], "behind": [[4, 2]], "on": [], "under": [], "leftbehind": [], "leftfront": [[2, 6], [7, 5], [7, 3]], "rightbehind": [[3, 7], [5, 7], [6, 2]], "rightfront": []}}