{"objects": {"2": "soap_dish", "3": "soap", "4": "bottle-avene_skincare", "5": "tube-wasabi"}, "semantic_label": {"2": "soap_dish_0", "3": "soap_0", "4": "shampoo_0", "5": "cleanser_0"}, "obj_aabb": {"2": [[-0.06948697823610561, -0.1523540274921424, 0.6229802034041245], [0.09050462543935622, 0.007643130270724441, 0.6719611068626115]], "3": [[-0.053661833688681326, -0.11554349045981846, 0.6271415616023566], [0.07156268264747034, -0.02252144121355195, 0.6790186331774948]], "4": [[-0.03502459683455056, 0.023833546120967178, 0.6223198805542826], [0.04088510840944873, 0.09974431687173506, 0.8540208542802904]], "5": [[-0.012279271997875686, 0.14725696637420627, 0.6229900000727204], [0.01801543872022703, 0.18865380307226465, 0.7719748969709914]]}, "sizes": {"2": "medium", "3": "medium", "4": "medium", "5": "medium"}, "distances": {"(2, 3)": -1.1420458603242454e-05, "(2, 4)": 0.02087179862576903, "(2, 5)": 0.14866205677989858, "(3, 2)": -1.1420458603241587e-05, "(3, 4)": 0.06210718997612831, "(3, 5)": 0.1869699420130658, "(4, 2)": 0.02087179862576903, "(4, 3)": 0.06210718997612831, "(4, 5)": 0.05346136030631864, "(5, 2)": 0.1486620567798986, "(5, 3)": 0.1869699420130658, "(5, 4)": 0.05346136030631864}, "state": {"2": [[0.010739271485743369, -0.07234837509861601, 0.6473358996392437], [-2.4197647214892698e-05, 4.0241520416980495e-05, 0.7070134878351366, 0.7072000606718646]], "3": [[0.009010280420750555, -0.06928000452349511, 0.6533680751643376], [0.009708542914549052, -0.013552161915076659, 0.9911583966729425, -0.13163250285026837]], "4": [[0.0028079435442199554, 0.06180810981633053, 0.7386363332447778], [0.7043798536015271, -0.0031773589963132285, 0.003179578326583977, 0.7098090000216712]], "5": [[0.0028028791394204004, 0.16788516672639975, 0.6974733960664307], [0.7071067811865505, -3.3528071538656747e-14, -1.0646529176142266e-14, 0.7071067811865446]]}, "pickable_objects": [3, 4, 5], "scene_graph": {"left": [[4, 2], [4, 3], [5, 4]], "right": [[2, 4], [3, 4], [4, 5]], "front": [], "behind": [], "on": [[2, 3]], "under": [[3, 2]], "leftbehind": [], "leftfront": [], "rightbehind": [], "rightfront": []}}