{"objects": {"2": "square_plate_3", "3": "cutlery-fork_1", "4": "cutlery-knife_1_new", "5": "plastic_peach", "6": "green_bowl", "7": "glass-new_6"}, "semantic_label": {"2": "plate_0", "3": "fork_0", "4": "knife_0", "5": "fruit_0", "6": "bowl_0", "7": "glass_0"}, "obj_aabb": {"2": [[-0.3529275959441906, 0.11018421191514788, 0.6229801508892995], [-0.09874734722136325, 0.3647539047711069, 0.6552593500674903]], "3": [[-0.062181616302492373, -0.4040702807721498, 0.6094173151168539], [0.13007218461089465, -0.2676750013007926, 0.6628822212281308]], "4": [[0.05348048461979449, 0.12027688616973924, 0.6217338462768258], [0.26567893942025234, 0.14909947541815405, 0.6342144663244262]], "5": [[0.10006914807584605, 0.2182551865443494, 0.6091794663001207], [0.22312954325910683, 0.3443496498677897, 0.7143627528780689]], "6": [[0.21417337650589288, -0.22273748936178495, 0.6221046279160626], [0.3769609975310879, -0.061189376915027446, 0.6835874212075727]], "7": [[-0.10171616801479708, 0.20734295649007886, 0.6226663917397077], [-0.01671450708484959, 0.2925512204204634, 0.7974309988522288]]}, "sizes": {"2": "medium", "3": "medium", "4": "medium", "5": "medium", "6": "small", "7": "medium"}, "distances": {"(2, 3)": 0.5049902148876009, "(2, 4)": 0.20690351960802503, "(2, 5)": 0.24076765709086706, "(2, 6)": 0.4886157413544548, "(2, 7)": 0.023611039503427758, "(3, 2)": 0.5049902148876009, "(3, 4)": 0.40157778902800667, "(3, 5)": 0.5216554667996802, "(3, 6)": 0.16880873974921176, "(3, 7)": 0.5117292156118486, "(4, 2)": 0.20690351960802503, "(4, 3)": 0.40157778902800667, "(4, 5)": 0.10155903519890695, "(4, 6)": 0.21261613448471028, "(4, 7)": 0.12384379296015385, "(5, 2)": 0.24076765709086706, "(5, 3)": 0.5216554667996802, "(5, 4)": 0.10155903519890695, "(5, 6)": 0.3369870778776298, "(5, 7)": 0.14909308013854505, "(6, 2)": 0.4886157413544548, "(6, 3)": 0.16880873974921176, "(6, 4)": 0.21261613448471028, "(6, 5)": 0.3369870778776298, "(6, 7)": 0.42409118166619186, "(7, 2)": 0.023611039503427758, "(7, 3)": 0.5117292156118486, "(7, 4)": 0.12384379296015385, "(7, 5)": 0.14909308013854505, "(7, 6)": 0.42409118166619186}, "state": {"2": [[-0.22603339775210823, 0.23758376550409283, 0.6393429478950938], [1.6478823998042835e-06, 3.05833616478168e-05, 0.9590223317939827, 0.28333048932717203]], "3": [[0.03396612980413317, -0.335940736193131, 0.6359827567348609], [-0.15270994562727008, 0.6404548469295874, 0.7172857696125828, -0.22803154663817826]], "4": [[0.1596482333763304, 0.13458169975459447, 0.6279901236783182], [-0.0041725014198017735, 0.6932841644709367, 0.7206519505337341, 0.0006509359888360226]], "5": [[0.1560275779582283, 0.278149359356627, 0.6232096829077225], [0.16186840132833558, 0.0492408746404317, -0.8386152618451841, 0.5177821931240855]], "6": [[0.29556419137325834, -0.1418773964538753, 0.6527282392583563], [0.004381316521993243, 0.0009886432647929762, 0.9940626703770853, 0.10871630058462861]], "7": [[-0.05893924054961347, 0.24978302076839784, 0.7098548248232109], [0.706196427087422, 0.0014780288093035453, -0.001519583637401782, 0.708012791314795]]}, "pickable_objects": [2, 3, 4, 5, 6, 7], "scene_graph": {"left": [[5, 4], [4, 6]], "right": [[4, 5], [6, 4]], "front": [[2, 7], [2, 4], [7, 5]], "behind": [[4, 2], [5, 7], [7, 2]], "on": [], "under": [], "leftbehind": [[6, 3]], "leftfront": [[7, 4]], "rightbehind": [[4, 7]], "rightfront": [[3, 6]]}}