{"objects": {"2": "bottle-avene_skincare", "3": "tube-skincare_provencale", "4": "soap_dish", "5": "soap"}, "semantic_label": {"2": "shampoo_0", "3": "cleanser_0", "4": "soap_dish_0", "5": "soap_0"}, "obj_aabb": {"2": [[-0.26870296829881596, -0.07211066041495995, 0.6223146615238226], [-0.19278598862301996, 0.0038082823665768276, 0.8540204658563517]], "3": [[-0.24806388724852743, 0.12570249928691604, 0.6223682068796988], [-0.20701918001468064, 0.1866254189002927, 0.7698139582629798]], "4": [[-0.15863738865048532, -0.019024052652279945, 0.6229612540276642], [0.00134863214409843, 0.1409781907316782, 0.6719844698827852]], "5": [[-0.10952526035611301, 0.004358254040200134, 0.6261525238257172], [-0.04059921633323229, 0.11704820069298696, 0.6792905999056827]]}, "sizes": {"2": "medium", "3": "medium", "4": "medium", "5": "medium"}, "distances": {"(2, 3)": 0.12955388246986735, "(2, 4)": 0.06558951200147248, "(2, 5)": 0.1016371462503548, "(3, 2)": 0.12955388246986735, "(3, 4)": 0.08011196759768496, "(3, 5)": 0.11546260756439565, "(4, 2)": 0.06558951200147248, "(4, 3)": 0.08011196759768496, "(4, 5)": -3.6448662065504105e-05, "(5, 2)": 0.10163714625035482, "(5, 3)": 0.11546260756439565, "(5, 4)": -3.6448662065504105e-05}, "state": {"2": [[-0.23086680505394905, -0.034131993601187474, 0.7386335250463859], [0.7043669788790147, -0.0031890371632178915, 0.0031897337895721105, 0.7098216781031509]], "3": [[-0.2278463217733083, 0.15627032478060635, 0.6961834589471911], [0.7029033419760273, 0.0022258675162192243, -0.002242610120065642, 0.7112783618616426]], "4": [[-0.07841393380612026, 0.06098411972187884, 0.6473380993871337], [-0.00010128524101536163, 0.00013378230045092197, 0.7070283427579159, 0.7071851910076956]], "5": [[-0.07529375309347272, 0.060706437044707455, 0.6530284493903615], [0.022762069609542065, 0.011493221967999472, 0.7118811304749282, 0.7018369113331266]]}, "pickable_objects": [2, 3, 5], "scene_graph": {"left": [[3, 2]], "right": [[2, 3]], "front": [[2, 4], [2, 5], [3, 4], [3, 5]], "behind": [[4, 2], [5, 2], [4, 3], [5, 3]], "on": [[4, 5]], "under": [[5, 4]], "leftbehind": [], "leftfront": [], "rightbehind": [], "rightfront": []}}