{"objects": {"2": "soap_dish", "3": "soap", "4": "bottle-avene_skincare", "5": "tube-wasabi"}, "semantic_label": {"2": "soap_dish_0", "3": "soap_0", "4": "shampoo_0", "5": "cleanser_0"}, "obj_aabb": {"2": [[-0.20902239564455777, -0.3955025296196235, 0.6229780425953703], [-0.0061380109129285515, -0.19261731461394072, 0.6719619627662369]], "3": [[0.033968322491776934, 0.009088991904563096, 0.6214794829381706], [0.16023654838207102, 0.13388388345036928, 0.6732370653452951]], "4": [[-0.03501397398360151, 0.023833196588674103, 0.6223220466576764], [0.040883844841642564, 0.09973831077477485, 0.8540175425129224]], "5": [[-0.012279271997875697, 0.14725696637420627, 0.6229899999999989], [0.018015438720227036, 0.18865380307226465, 0.7719748968982699]]}, "sizes": {"2": "medium", "3": "medium", "4": "medium", "5": "medium"}, "distances": {"(2, 3)": 0.2850999895947658, "(2, 4)": 0.259363500874518, "(2, 5)": 0.38304225059284003, "(3, 2)": 0.2850999895947658, "(3, 4)": 0.006282370547113251, "(3, 5)": 0.09094341442532118, "(4, 2)": 0.2593646422326998, "(4, 3)": 0.0062816936110036085, "(4, 5)": 0.05346548030719577, "(5, 2)": 0.38304225059284003, "(5, 3)": 0.09094341442532118, "(5, 4)": 0.05346548030719578}, "state": {"2": [[-0.10735970123820686, -0.29412725299549464, 0.6473352410098594], [-3.9392768459840815e-06, 4.8192368840975254e-05, 0.5824512401965037, 0.8128656410843876]], "3": [[0.09727582815430501, 0.07129987558781346, 0.6476462305377412], [0.012322601502288874, -0.010882550338895847, 0.9253681936593573, -0.3787128592402897]], "4": [[0.0028126429440483132, 0.0618049136519628, 0.7386357663535971], [0.7043915292258814, -0.003152871143037787, 0.0031734011817395897, 0.7097975503503231]], "5": [[0.0028028791394203996, 0.16788516672639975, 0.6974733959937092], [0.7071067811865505, -3.359739125883294e-14, -1.0651584167827713e-14, 0.7071067811865446]]}, "pickable_objects": [2, 3, 4, 5], "scene_graph": {"left": [[5, 4], [4, 2]], "right": [[2, 4], [4, 5]], "front": [[4, 3]], "behind": [[3, 4]], "on": [], "under": [], "leftbehind": [[3, 2]], "leftfront": [[5, 3]], "rightbehind": [[3, 5]], "rightfront": [[2, 3]]}}