{"objects": {"2": "plate", "3": "cutlery-fork_1_new", "4": "cutlery-knife_3_new", "5": "plastic_lemon", "6": "doraemon_bowl", "7": "glass-new_8"}, "semantic_label": {"2": "plate_0", "3": "fork_0", "4": "knife_0", "5": "fruit_0", "6": "bowl_0", "7": "glass_0"}, "obj_aabb": {"2": [[0.044189195590581584, -0.28643581475644775, 0.6229700101908324], [0.2590744968615374, -0.07027902426009974, 0.6519336469581618]], "3": [[0.07488035229087604, -0.39505247351822464, 0.6183150605678489], [0.2707605329637319, -0.36263252372511884, 0.6482702246877639]], "4": [[0.11460266263046415, 0.16814681291175834, 0.6209683409338277], [0.20129053117715384, 0.38591508542268915, 0.634894829806009]], "5": [[0.12359348738674192, -0.2220686589873036, 0.608060490603761], [0.2137061748663331, -0.12094949316276137, 0.7157303633195682]], "6": [[-0.02325267038528671, -0.02293649723584945, 0.621274947048155], [0.2003327983694687, 0.18242714437647087, 0.6866520645763386]], "7": [[0.12391784533984058, 0.11918432039776986, 0.6219724024510009], [0.19293372151809401, 0.1864206041493147, 0.8329617646591674]]}, "sizes": {"2": "medium", "3": "medium", "4": "medium", "5": "medium", "6": "small", "7": "medium"}, "distances": {"(2, 3)": 0.08436619339363818, "(2, 4)": 0.24717738354558072, "(2, 5)": -3.866882113005236e-05, "(2, 6)": 0.1038425849938867, "(2, 7)": 0.20009263181530001, "(3, 2)": 0.08436619339363818, "(3, 4)": 0.5427604257848091, "(3, 5)": 0.16765802992934759, "(3, 6)": 0.3910359622770561, "(3, 7)": 0.49354308666373914, "(4, 2)": 0.24717738354558072, "(4, 3)": 0.5427604257848091, "(4, 5)": 0.3132576567544199, "(4, 6)": 0.08182549600986411, "(4, 7)": 0.0057532469942384225, "(5, 2)": -3.866882113005236e-05, "(5, 3)": 0.16765802992934759, "(5, 4)": 0.3132576567544199, "(5, 6)": 0.1671679379564889, "(5, 7)": 0.26750407046578545, "(6, 2)": 0.1038425849938867, "(6, 3)": 0.3910359622770561, "(6, 4)": 0.08182549600986411, "(6, 5)": 0.1671679379564889, "(6, 7)": 0.027807662189938492, "(7, 2)": 0.20009263181530001, "(7, 3)": 0.49354308666373914, "(7, 4)": 0.005617172766813547, "(7, 5)": 0.26750407046578545, "(7, 6)": 0.027807662189938492}, "state": {"2": [[0.16118360216507605, -0.17837065852578127, 0.6291118358433323], [-2.5894558075398864e-05, 6.24583925094881e-05, -2.1198283663079622e-07, 0.999999997714188]], "3": [[0.17280531918126582, -0.37882557969604996, 0.6332305471762206], [0.010160380009112171, 0.7126619707282887, 0.701361342943619, -0.010096968855343842]], "4": [[0.1578888753002451, 0.27721052393086665, 0.6280168419682526], [0.41529367588898003, 0.5607779203377041, 0.5704798426623503, 0.43314205053801746]], "5": [[0.17156844799341664, -0.17556508604919027, 0.6226717837390945], [0.2789499720039339, 0.1278951399089243, 0.014974391164521482, 0.9516330773548873]], "6": [[0.08856787903036946, 0.0797984872555726, 0.6539564258820948], [0.0049874080548911294, 0.0034092982305117506, -0.23485177022365575, 0.972012421972726]], "7": [[0.1582870998211, 0.15281317987322043, 0.7276128279621258], [0.7096920637825089, 0.005838790027920461, -0.0058652993867865134, 0.7044633996157903]]}, "pickable_objects": [3, 4, 5, 6, 7], "scene_graph": {"left": [[2, 3], [4, 7], [4, 6], [6, 2], [5, 3], [6, 5]], "right": [[3, 2], [3, 5], [5, 6], [6, 4], [7, 4], [2, 6]], "front": [], "behind": [], "on": [[2, 5]], "under": [[5, 2]], "leftbehind": [[7, 6]], "leftfront": [], "rightbehind": [], "rightfront": [[6, 7]]}}