{"objects": {"2": "blue_cup", "3": "can-hoegaarden", "4": "red_marker", "5": "glue_1", "6": "stapler_2"}, "semantic_label": {"2": "cup_0", "3": "can_drink_0", "4": "marker_0", "5": "glue_0", "6": "stapler_0"}, "obj_aabb": {"2": [[0.10567461732635758, -0.4082137134756385, 0.622985090420479], [0.20970971158118412, -0.27416275333029605, 0.7110217058618487]], "3": [[-0.04340763684737253, -0.35539803609137555, 0.6217226549736061], [0.03596536373035922, -0.2742599783720301, 0.7570109836625771]], "4": [[-0.301846938619493, 0.2895642804536148, 0.6207850531178322], [-0.16092367220372172, 0.39293627649840057, 0.6477369994856931]], "5": [[0.14817618784343992, -0.07237749463424646, 0.6162291066487879], [0.18917508992177465, 0.017609612714530733, 0.764696930549583]], "6": [[0.1687223200061913, 0.03946873718605865, 0.6219218340651644], [0.20579830223838264, 0.15851073795577694, 0.6511588801131156]]}, "sizes": {"2": "medium", "3": "medium", "4": "medium", "5": "medium", "6": "medium"}, "distances": {"(2, 3)": 0.07429824678261594, "(2, 4)": 0.6553191080555633, "(2, 5)": 0.21129166985994688, "(2, 6)": 0.32068635076260965, "(3, 2)": 0.07429824678261594, "(3, 4)": 0.5971819744399628, "(3, 5)": 0.2604368367424475, "(3, 6)": 0.36326976426693924, "(4, 2)": 0.6553191080555633, "(4, 3)": 0.5971819744399628, "(4, 5)": 0.44364142628020237, "(4, 6)": 0.3718023684223441, "(5, 2)": 0.21129166985994688, "(5, 3)": 0.2604368367424475, "(5, 4)": 0.44364142628020237, "(5, 6)": 0.04153829633498463, "(6, 2)": 0.32068635076260965, "(6, 3)": 0.36326976426693913, "(6, 4)": 0.3718023684223441, "(6, 5)": 0.04153829633498463}, "state": {"2": [[0.1574647124449008, -0.32669085302214956, 0.6628064188100079], [1.0710736654781196e-05, 1.9484747338346215e-05, -0.7071067807173589, 0.70710678130616]], "3": [[-0.0038876320775380617, -0.3149553153393306, 0.6894254174422294], [0.7018326548929187, 0.002529784071450111, -0.0025467659043957513, 0.7123328145620819]], "4": [[-0.2313771515063079, 0.34125847968013884, 0.6341540846126578], [-0.00875977268123815, 0.0010306645508595177, 0.9586174835005706, 0.28456058131826684]], "5": [[0.16880889542149863, -0.027453890500403266, 0.6904725643831813], [-0.00477842763002736, 0.05903866216909005, 0.9982411739426288, 0.0024822659630055945]], "6": [[0.18722206384305598, 0.09899259882163995, 0.6366289968313609], [-0.0007436822854810812, 0.006794622814612917, -0.7081701316919313, 0.7060087425923974]]}, "pickable_objects": [2, 3, 4, 5, 6], "scene_graph": {"left": [[5, 2], [6, 5]], "right": [[2, 5], [5, 6]], "front": [[3, 2]], "behind": [[2, 3]], "on": [], "under": [], "leftbehind": [[5, 3]], "leftfront": [], "rightbehind": [], "rightfront": [[3, 5]]}}