{"objects": {"2": "bottle-avene_skincare", "3": "tube-skincare_hydralist", "4": "soap_dish", "5": "soap"}, "semantic_label": {"2": "shampoo_0", "3": "cleanser_0", "4": "soap_dish_0", "5": "soap_0"}, "obj_aabb": {"2": [[0.08301391737076183, -0.007056954365816548, 0.6223257194443338], [0.19011679029430814, 0.09771567550375099, 0.854012733902804]], "3": [[-0.18226086106178124, -0.09848631521753722, 0.6664611550242419], [-0.1016798155273243, -0.03725758822933685, 0.8157439326723062]], "4": [[-0.17743787057510008, -0.184124130902053, 0.6229259090884831], [-0.017398861480246483, -0.024088320845733813, 0.6720551172610087]], "5": [[0.23328651015445945, 0.005464031599050408, 0.6200163707924298], [0.36232591974034456, 0.12385488717172893, 0.6738553756557868]]}, "sizes": {"2": "medium", "3": "medium", "4": "medium", "5": "medium"}, "distances": {"(2, 3)": 0.24242996422243682, "(2, 4)": 0.16327148803815722, "(2, 5)": 0.07425463603002258, "(3, 2)": 0.24242996422243682, "(3, 4)": -1.506667686905841e-06, "(3, 5)": 0.3827810966724661, "(4, 2)": 0.16327148803815722, "(4, 3)": -1.024838875455852e-05, "(4, 5)": 0.295860983309396, "(5, 2)": 0.07425472690203018, "(5, 3)": 0.3827810966724661, "(5, 4)": 0.295860983309396}, "state": {"2": [[0.13666054761968538, 0.045408391885264854, 0.7386352142690292], [-0.2870991119251929, 0.6432299943672544, 0.6455997447314481, -0.2950088877995991]], "3": [[-0.1419675188525301, -0.06770926924951126, 0.7411677856725495], [0.534152282069615, 0.4397802519355462, 0.4471713626286217, 0.5668442837430681]], "4": [[-0.09718784216558402, -0.10409905174656131, 0.6473558930203522], [-0.0003680741840485785, -3.9317202836536165e-05, 0.707245004008166, 0.7069684344304502]], "5": [[0.2976822617076759, 0.06485369106324937, 0.6472436052234448], [0.027816926441115178, -0.0023222135968525453, 0.29086384946570093, 0.9563571754325756]]}, "pickable_objects": [2, 3, 5], "scene_graph": {"left": [], "right": [], "front": [[2, 5]], "behind": [[5, 2]], "on": [[4, 3]], "under": [[3, 4]], "leftbehind": [[2, 4], [2, 3], [5, 4]], "leftfront": [], "rightbehind": [], "rightfront": [[3, 2], [4, 2], [4, 5]]}}