{"objects": {"2": "cup-white_coffee_round_handle", "3": "can-beer_delta", "4": "black_marker", "5": "glue_2", "6": "stapler_1"}, "semantic_label": {"2": "cup_0", "3": "can_drink_0", "4": "marker_0", "5": "glue_0", "6": "stapler_0"}, "obj_aabb": {"2": [[0.17151323867326201, -0.14252706667189868, 0.6164025607168824], [0.2901121100149145, 0.014149770918179885, 0.7168346397261642]], "3": [[0.16410792885313427, -0.30165798061924703, 0.622462123706074], [0.24306301523756865, -0.2206859645138898, 0.7567000444009605]], "4": [[0.1608301296444511, 0.09311664835754627, 0.6209951012499637], [0.31241383535501377, 0.11883021539517022, 0.6470570917718232]], "5": [[0.20647919031108955, 0.1958962891615214, 0.6196422003918164], [0.2730124342665637, 0.2652526188576658, 0.7925157000921225]], "6": [[-0.06816444129495904, -0.3135593348833053, 0.6217997476132775], [0.006773158855891415, -0.22030849990657506, 0.6822053658221843]]}, "sizes": {"2": "medium", "3": "medium", "4": "medium", "5": "medium", "6": "medium"}, "distances": {"(2, 3)": 0.08675646934921942, "(2, 4)": 0.0938287171445533, "(2, 5)": 0.193718909603508, "(2, 6)": 0.24404094097392548, "(3, 2)": 0.08675646934921942, "(3, 4)": 0.3205647553392507, "(3, 5)": 0.42583433495225187, "(3, 6)": 0.1657663675807916, "(4, 2)": 0.0938287171445533, "(4, 3)": 0.32056476672030554, "(4, 5)": 0.08554647878276585, "(4, 6)": 0.37398999330537297, "(5, 2)": 0.193718909603508, "(5, 3)": 0.42583433495225187, "(5, 4)": 0.08554647878276585, "(5, 6)": 0.49587363719375044, "(6, 2)": 0.24404094097392548, "(6, 3)": 0.1657663675807916, "(6, 4)": 0.37398999330537297, "(6, 5)": 0.49587363719375044}, "state": {"2": [[0.23078190046754282, -0.06427149882215291, 0.6665998361454172], [0.5145258579184598, 0.47828549807668813, 0.5208446417309323, 0.48500204436990174]], "3": [[0.2038964323029273, -0.2610407782930253, 0.6896110217368326], [-0.0033817059050959145, 0.7102578622590363, 0.7039273153984943, -0.0029441128144069156]], "4": [[0.2366147454010649, 0.10588674017983282, 0.6340752130102926], [0.044107035276565884, 0.004212596264872563, 0.0018698638739198547, 0.9990161795891566]], "5": [[0.23957205284895816, 0.23074728422159566, 0.7034214114627608], [-0.021018675548099837, 0.03486398384878071, -0.707650829432149, 0.7053885606617017]], "6": [[-0.030503795870245366, -0.26702072015022904, 0.6518822085153401], [0.007134873649456938, -0.009114983684823434, 0.5196052214471799, 0.854328054376806]]}, "pickable_objects": [2, 3, 4, 5, 6], "scene_graph": {"left": [[2, 3], [4, 2], [5, 4]], "right": [[2, 4], [3, 2], [4, 5]], "front": [[6, 3]], "behind": [[3, 6]], "on": [], "under": [], "leftbehind": [[2, 6]], "leftfront": [], "rightbehind": [], "rightfront": [[6, 2]]}}