{"objects": {"2": "cup-plastic_green_flowers", "3": "can-redbull", "4": "remote-thin_silver"}, "semantic_label": {"2": "cup_0", "3": "can_drink_0", "4": "remote_0"}, "obj_aabb": {"2": [[0.0425592248801012, -0.008524246436034985, 0.6138410248847265], [0.1451940076643826, 0.13933877382323695, 0.7335812036577608]], "3": [[0.10673248492257228, 0.11882396647142643, 0.6213823479948002], [0.1810896478813396, 0.19903607029787698, 0.7660594154092548]], "4": [[-0.06999669792018082, -0.1443562930387626, 0.6166881293204012], [-0.01237253492587129, 0.0787178707071704, 0.6540603487110053]]}, "sizes": {"2": "medium", "3": "medium", "4": "medium"}, "distances": {"(2, 3)": 0.0203695966511781, "(2, 4)": 0.06890974240425246, "(3, 2)": 0.0203695966511781, "(3, 4)": 0.15341042206860941, "(4, 2)": 0.06890974240425247, "(4, 3)": 0.15341042206860941}, "state": {"2": [[0.09391571306842852, 0.06568755073780196, 0.6734834210829259], [0.5224347181501289, -0.480392461404305, -0.5180889368327978, 0.4773561582600248]], "3": [[0.1440089695376244, 0.15896827246302675, 0.6936680626328141], [0.7132483710863385, -0.09079022544862149, -0.08738823799286244, 0.6894905307298832]], "4": [[-0.04128746122603475, -0.03264193608832724, 0.635445245860057], [0.5145160751424008, -0.5013654237836136, -0.4982194868699171, 0.4854722063696473]]}, "pickable_objects": [2, 3, 4], "scene_graph": {"left": [[3, 2]], "right": [[2, 3]], "front": [[4, 2]], "behind": [[2, 4]], "on": [], "under": [], "leftbehind": [[3, 4]], "leftfront": [], "rightbehind": [], "rightfront": [[4, 3]]}}