{"objects": {"2": "cup-new_york_big", "3": "can-beer_delta", "4": "red_marker", "5": "stapler_1", "6": "glue_2"}, "semantic_label": {"2": "cup_0", "3": "can_drink_0", "4": "marker_0", "5": "stapler_0", "6": "glue_0"}, "obj_aabb": {"2": [[-0.04900525672182285, -0.11842278060598023, 0.6175489981352107], [0.05747658079018482, 0.015943576886677788, 0.7411986022008985]], "3": [[0.12406608927320315, 0.25250839280027276, 0.6224585267384596], [0.23617073236787992, 0.3644687115204503, 0.756702815362461]], "4": [[-0.2797665232154164, 0.04384896008012992, 0.6199503656032562], [-0.24236563372482312, 0.19740839761124007, 0.6487819032458665]], "5": [[-0.11604291394428606, -0.3703012059922799, 0.6217679008279994], [-0.07348419258910469, -0.2864566110953406, 0.6822652197160354]], "6": [[0.0068970884962167855, -0.3838717100789823, 0.6196422809597419], [0.07343235537206957, -0.3145120480506088, 0.7925157021531344]]}, "sizes": {"2": "medium", "3": "medium", "4": "medium", "5": "medium", "6": "medium"}, "distances": {"(2, 3)": 0.3039867105889739, "(2, 4)": 0.2414453999987947, "(2, 5)": 0.19025058208594478, "(2, 6)": 0.20649328005328896, "(3, 2)": 0.3039867105889739, "(3, 4)": 0.40600382829780596, "(3, 5)": 0.6144266006712034, "(3, 6)": 0.6069466497145712, "(4, 2)": 0.2414453999987947, "(4, 3)": 0.40600382829780596, "(4, 5)": 0.3685251097210124, "(4, 6)": 0.4656326555172103, "(5, 2)": 0.19025058208594478, "(5, 3)": 0.6144266006712034, "(5, 4)": 0.3685251097210124, "(5, 6)": 0.09321024745592574, "(6, 2)": 0.20649328005328896, "(6, 3)": 0.6069466497145712, "(6, 4)": 0.4656326555172103, "(6, 5)": 0.09321024745592574}, "state": {"2": [[0.0042176609885748615, -0.05108401822854187, 0.6792952713872463], [0.49367476517954856, -0.4818845619052963, -0.5179165067030596, 0.505801331855461]], "3": [[0.18024500286749212, 0.3088014143747185, 0.6896106071918444], [-0.27548747080736663, 0.6546869603237145, 0.6489736587782525, -0.2726258014609471]], "4": [[-0.26106470680361327, 0.12062626379671866, 0.6342586050943351], [0.026534005098019457, 0.03611624501160399, 0.6796723444622847, 0.7321455235080396]], "5": [[-0.09455181948569379, -0.32837001704711316, 0.6518986077669261], [0.004313322443875988, -0.010562969449586731, 0.7036850975944142, 0.710420370167862]], "6": [[0.03999098387314579, -0.34901903575066273, 0.7034214522316037], [-0.021015399763974166, 0.03486336257995388, -0.7076669751194975, 0.7053724911333015]]}, "pickable_objects": [2, 3, 4, 5, 6], "scene_graph": {"left": [[2, 6]], "right": [[6, 2]], "front": [[5, 6]], "behind": [[6, 5]], "on": [], "under": [], "leftbehind": [[2, 5]], "leftfront": [[4, 2]], "rightbehind": [[2, 4]], "rightfront": [[5, 2]]}}