{"objects": {"2": "round_plate_3", "3": "cutlery-fork_1", "4": "cutlery-knife_1", "5": "plastic_plum", "6": "doraemon_bowl", "7": "glass-new_4"}, "semantic_label": {"2": "plate_0", "3": "fork_0", "4": "knife_0", "5": "fruit_0", "6": "bowl_0", "7": "glass_0"}, "obj_aabb": {"2": [[0.07663367796821809, -0.23833926411637063, 0.6200022671776095], [0.2686949632647067, -0.046362069395219904, 0.658584400134425]], "3": [[0.08204394645182554, -0.3487060715860061, 0.6086019221485235], [0.28451226288761944, -0.30124849661354913, 0.6661077208439345]], "4": [[0.08760749080385077, 0.02374394187114342, 0.6229899963601392], [0.30069263088585624, 0.05258010707197084, 0.6352289022915326]], "5": [[0.1320417332234475, -0.19402461678587832, 0.6152351949736641], [0.22636943488411357, -0.08450205092467264, 0.7306751042815363]], "6": [[-0.31194684492929564, -0.4808702802664848, 0.6212893393833496], [-0.1177988807329582, -0.2625262497926003, 0.6866359150309929]], "7": [[-0.05850024991038254, 0.0997801560077938, 0.620826390519334], [0.03175555158108445, 0.19443440753805227, 0.7900858024987624]]}, "sizes": {"2": "medium", "3": "medium", "4": "medium", "5": "medium", "6": "small", "7": "medium"}, "distances": {"(2, 3)": 0.08108575448616473, "(2, 4)": 0.07850289987995773, "(2, 5)": -1.0199120240307093e-05, "(2, 6)": 0.2736717740283505, "(2, 7)": 0.2103587285201737, "(3, 2)": 0.08108575448616473, "(3, 4)": 0.3365904097725121, "(3, 5)": 0.1484605592986069, "(3, 6)": 0.22803851040444612, "(3, 7)": 0.43442977738253213, "(4, 2)": 0.07850289987995773, "(4, 3)": 0.3365904097725121, "(4, 5)": 0.13547839188704203, "(4, 6)": 0.4180965931125122, "(4, 7)": 0.11145984546781197, "(5, 2)": -1.0199120240306659e-05, "(5, 3)": 0.1484605592986069, "(5, 4)": 0.13547839188704203, "(5, 6)": 0.3390084925363624, "(5, 7)": 0.27015128486424916, "(6, 2)": 0.2736717740283505, "(6, 3)": 0.22803851040444612, "(6, 4)": 0.4180965931125122, "(6, 5)": 0.3390084925363624, "(6, 7)": 0.4311319421977809, "(7, 2)": 0.2103587285201737, "(7, 3)": 0.43442977738253213, "(7, 4)": 0.11145984546781197, "(7, 5)": 0.27015128486424916, "(7, 6)": 0.4311319421977809}, "state": {"2": [[0.17265589645173451, -0.142082547786552, 0.6394668098346304], [0.006919463300621354, -0.005469819914874896, 0.9999611002731064, -6.191016963505417e-06]], "3": [[0.1832606901826191, -0.32501720333991974, 0.6371785617399409], [0.02205009449907552, 0.591878260837267, 0.8051571169479347, -0.03026441324268252]], "4": [[0.19386738954222973, 0.03822116950961789, 0.6291501817644941], [-3.9928642469726107e-10, 0.7071067924258467, 0.7071067699472482, -3.9850721705221773e-10]], "5": [[0.1794419759850684, -0.1366038591122518, 0.6328065304973636], [0.3401408198038485, 0.12435626486790058, 0.01692675649616645, 0.9319620308820472]], "6": [[-0.21481711424174185, -0.37172044953506744, 0.6539555475396504], [0.005916921005269616, -0.0008576212671542002, -0.8253264003187394, 0.5646242887695244]], "7": [[-0.01294707160072874, 0.14692796713744552, 0.7053257368101916], [0.6926116417593294, -0.0019982500585734577, 0.0019982261657132453, 0.7213051558032428]]}, "pickable_objects": [3, 4, 5, 6, 7], "scene_graph": {"left": [[4, 2], [4, 5], [2, 3], [5, 3]], "right": [[2, 4], [3, 2], [3, 5], [5, 4]], "front": [[6, 3]], "behind": [[3, 6]], "on": [[2, 5]], "under": [[5, 2]], "leftbehind": [[2, 6]], "leftfront": [[7, 4], [7, 2], [7, 5]], "rightbehind": [[4, 7], [2, 7], [5, 7]], "rightfront": [[6, 2]]}}