{"objects": {"2": "plate", "3": "cutlery-fork_1", "4": "cutlery-knife_1", "5": "plastic_apple", "6": "doraemon_bowl", "7": "glass-small_3"}, "semantic_label": {"2": "plate_0", "3": "fork_0", "4": "knife_0", "5": "fruit_0", "6": "bowl_0", "7": "glass_0"}, "obj_aabb": {"2": [[-0.05137469863741443, -0.14086888194906583, 0.6229491155176599], [0.16361489426743311, 0.07538533864168669, 0.6519595840160148]], "3": [[0.09032003227729582, -0.4519415439867432, 0.6086008793309512], [0.1687071674352805, -0.24824300801162552, 0.6661111079177167]], "4": [[-0.022373829972546583, 0.10789416447280406, 0.6229899995861841], [0.1907113101094586, 0.13673032967362736, 0.6352289055175726]], "5": [[0.028954706042335764, -0.07301653820883953, 0.6280302271014985], [0.11335814261983204, 0.010144869590270264, 0.7093736084802106]], "6": [[-0.3363729124924743, -0.2537049824826712, 0.6119063568335779], [-0.10597339488802497, -0.0442562779531217, 0.6988044882783808]], "7": [[-0.1266025892183575, 0.1830339836971861, 0.6216442736848247], [-0.06127409236034004, 0.2489404387006287, 0.7536781771024088]]}, "sizes": {"2": "medium", "3": "medium", "4": "medium", "5": "medium", "6": "small", "7": "medium"}, "distances": {"(2, 3)": 0.13006468630078083, "(2, 4)": 0.041063058961290644, "(2, 5)": -1.3339250609717239e-05, "(2, 6)": 0.12181036133157273, "(2, 7)": 0.15536995574559787, "(3, 2)": 0.13006468630078083, "(3, 4)": 0.36414103710486645, "(3, 5)": 0.19679903769590565, "(3, 6)": 0.29032786139416017, "(3, 7)": 0.49510020137302135, "(4, 2)": 0.041063058961290644, "(4, 3)": 0.36414103710486645, "(4, 5)": 0.11132314962752865, "(4, 6)": 0.2668260775760995, "(4, 7)": 0.08971146659203838, "(5, 2)": -1.3339250609717239e-05, "(5, 3)": 0.19679903769590565, "(5, 4)": 0.11132314962752865, "(5, 6)": 0.1989538469759786, "(5, 7)": 0.23154794052683528, "(6, 2)": 0.12181036133157273, "(6, 3)": 0.29032786139416017, "(6, 4)": 0.2668260775760995, "(6, 5)": 0.1989538469759786, "(6, 7)": 0.29683577860523, "(7, 2)": 0.15536995574559787, "(7, 3)": 0.49510020137302135, "(7, 4)": 0.08971146659203838, "(7, 5)": 0.23154794052683528, "(7, 6)": 0.29683577860523}, "state": {"2": [[0.06567004224874226, -0.03275067324080772, 0.6291122770255839], [-2.6015914826264402e-05, 0.00017134398642122602, 0.0002269547777277885, 0.9999999592279689]], "3": [[0.1295491907284057, -0.3501173791406246, 0.6371797340603578], [0.35689674064125465, -0.4726822492094254, -0.6049242372206838, 0.5322244592509267]], "4": [[0.08388606876583224, 0.12237139211127647, 0.6291501849905365], [-3.992831141892201e-10, 0.7071067924257854, 0.7071067699473095, -3.9850384589600693e-10]], "5": [[0.071073333103861, -0.027724146746992705, 0.6331790078658704], [0.003038559929368532, -0.010944298951579674, 0.0002518234227710904, 0.9999354609468443]], "6": [[-0.22120217987363966, -0.14903266123458409, 0.6553454009205701], [-0.056274428456384196, -0.006358548934965578, 0.9654246632808852, 0.2544562380574277]], "7": [[-0.09404614133684572, 0.2158966462436583, 0.6876247889380758], [0.7131956921801118, -0.0045934064234281514, 0.004562883224858535, 0.7009350792832649]]}, "pickable_objects": [3, 4, 5, 6, 7], "scene_graph": {"left": [[4, 2], [4, 5], [7, 2], [2, 3], [5, 3]], "right": [[2, 4], [3, 2], [3, 5], [5, 4], [2, 7]], "front": [[6, 2], [6, 5], [6, 3]], "behind": [[3, 6], [2, 6], [5, 6]], "on": [[2, 5]], "under": [[5, 2]], "leftbehind": [[4, 6]], "leftfront": [[7, 4], [7, 5]], "rightbehind": [[4, 7], [5, 7]], "rightfront": [[6, 4]]}}