{"objects": {"2": "cup-teal_pattern_ikea", "3": "can-beer_delta", "4": "red_marker", "5": "stapler_2", "6": "glue_2"}, "semantic_label": {"2": "cup_0", "3": "can_drink_0", "4": "marker_0", "5": "stapler_0", "6": "glue_0"}, "obj_aabb": {"2": [[0.11741006043373006, -0.10466005997195214, 0.6222121085885319], [0.2528175360374044, 0.052882827669993346, 0.7276152418914648]], "3": [[0.05022352099075927, -0.0443025614277784, 0.6224523394855753], [0.1284970531148338, 0.03597882967257715, 0.7567097865198619]], "4": [[0.09356213244177805, -0.14154473116686542, 0.6207930791428384], [0.24591706499047697, -0.1170651988650118, 0.6477182561717583]], "5": [[0.08441108826810385, -0.30818427929454156, 0.6219237820023387], [0.12147011052550725, -0.18914706809635803, 0.6511567317623446]], "6": [[-0.07158223853699865, 0.1857814481712094, 0.6203776540407786], [0.011174872297387239, 0.26622805410001854, 0.7920435823054899]]}, "sizes": {"2": "medium", "3": "medium", "4": "medium", "5": "medium", "6": "medium"}, "distances": {"(2, 3)": 0.011653418107723247, "(2, 4)": 0.03128444042978289, "(2, 5)": 0.11714670285980186, "(2, 6)": 0.26872703254211594, "(3, 2)": 0.011653418107723247, "(3, 4)": 0.07961364823793872, "(3, 5)": 0.15019739634353205, "(3, 6)": 0.20260692042522954, "(4, 2)": 0.03128444042978289, "(4, 3)": 0.07961364823793872, "(4, 5)": 0.05280326848860129, "(4, 6)": 0.35110291631752605, "(5, 2)": 0.11714670285980186, "(5, 3)": 0.15019739634353205, "(5, 4)": 0.05280326848860129, "(5, 6)": 0.41759813453010747, "(6, 2)": 0.26872703254211594, "(6, 3)": 0.20260692042522954, "(6, 4)": 0.35110291631752605, "(6, 5)": 0.41759813453010747}, "state": {"2": [[0.1851754499144774, -0.02590808952226852, 0.6750554888720351], [-0.4332277163479863, 0.5548728280934866, 0.5593011151664251, -0.43773525446899747]], "3": [[0.08904816859980792, -0.004290264341358369, 0.6896110695002329], [0.7102732627037487, 0.0002746774507630053, -0.0002965162048270296, 0.7039259399387197]], "4": [[0.1697419509537751, -0.1292942889929867, 0.634148659431907], [-0.00860231640547888, 0.0015057153193338473, 0.9999617122474774, 0.0005540874753797777]], "5": [[0.10290234469642413, -0.24866281626157694, 0.6366288935451603], [-0.0007195859475868052, 0.006762714423586034, -0.7081263749085399, 0.7060529619289045]], "6": [[-0.030028322045955066, 0.2261060866624076, 0.7035494991241421], [-0.008431682971745043, -0.03356648334134821, 0.9889228614505794, 0.14433908694029157]]}, "pickable_objects": [2, 3, 4, 5, 6], "scene_graph": {"left": [[2, 4], [3, 4], [4, 5]], "right": [[4, 2], [4, 3], [5, 4]], "front": [[3, 2]], "behind": [[2, 3]], "on": [], "under": [], "leftbehind": [], "leftfront": [[6, 3], [6, 2]], "rightbehind": [[3, 6], [2, 6]], "rightfront": []}}