{"objects": {"2": "cup-red_heart", "3": "can-beer_delta", "4": "black_marker", "5": "stapler_1", "6": "glue_1"}, "semantic_label": {"2": "cup_0", "3": "can_drink_0", "4": "marker_0", "5": "stapler_0", "6": "glue_0"}, "obj_aabb": {"2": [[0.12094782548266264, 0.12943917171798072, 0.6226831424636601], [0.22990610351904073, 0.2729094903891539, 0.7190052551760509]], "3": [[0.02705462195870828, 0.1555084533845582, 0.622461919587689], [0.10532371496182089, 0.23576794739776613, 0.7567055832321836]], "4": [[0.22151624201570852, -0.3796900007107038, 0.6209517189664607], [0.3169784213049789, -0.23506813872261823, 0.6471033411253223]], "5": [[0.05608636306225631, -0.4223917073166006, 0.6218087734041419], [0.1426839995918421, -0.33272462801392366, 0.6821167529045665]], "6": [[0.19163636220978975, -0.12895342779005853, 0.6161986046225592], [0.2328797718797837, -0.03887014786642086, 0.7647731975898748]]}, "sizes": {"2": "medium", "3": "medium", "4": "medium", "5": "medium", "6": "medium"}, "distances": {"(2, 3)": 0.020395418331655833, "(2, 4)": 0.3797619122017468, "(2, 5)": 0.47893951905154314, "(2, 6)": 0.18986969254666988, "(3, 2)": 0.020395418331655833, "(3, 4)": 0.432028923776907, "(3, 5)": 0.49744041741473016, "(3, 6)": 0.24901526035997984, "(4, 2)": 0.3797619122017468, "(4, 3)": 0.432028923776907, "(4, 5)": 0.1468902844785722, "(4, 6)": 0.1195754960335055, "(5, 2)": 0.47893951905154314, "(5, 3)": 0.49744041741473016, "(5, 4)": 0.1468902844785722, "(5, 6)": 0.2447301019602526, "(6, 2)": 0.18986969254666988, "(6, 3)": 0.24901526035997984, "(6, 4)": 0.1195754960335055, "(6, 5)": 0.2447301019602526}, "state": {"2": [[0.17541442872005844, 0.2012827618220309, 0.6709070955682359], [0.4998178051532578, -0.4989696078684746, -0.5010346718351606, 0.5001757188172903]], "3": [[0.06587705165312144, 0.19550980091024797, 0.6896137706718221], [0.7102189477458934, 0.00027313209482582936, -0.00028214631122124934, 0.7039807469349101]], "4": [[0.26932693038643674, -0.3073434905065056, 0.6340762990828503], [0.01981027636705881, 0.04185120400247642, 0.8609648867575475, 0.5065525574354232]], "5": [[0.09923641140335872, -0.3777079049148255, 0.65184330892845], [-0.005247331732577498, -0.009910029408372375, -0.40529904306094905, 0.9141153879684405]], "6": [[0.21239131330491917, -0.08398171837624688, 0.6904957254630935], [-0.005624894538330945, 0.05941832643402894, 0.9982142246532748, 0.002486914769974107]]}, "pickable_objects": [2, 3, 4, 5, 6], "scene_graph": {"left": [[2, 6], [6, 4]], "right": [[4, 6], [6, 2]], "front": [[3, 2], [5, 4]], "behind": [[2, 3], [4, 5]], "on": [], "under": [], "leftbehind": [[6, 5]], "leftfront": [[3, 6]], "rightbehind": [[6, 3]], "rightfront": [[5, 6]]}}