{"objects": {"2": "cup-red_heart", "3": "can-hoegaarden", "4": "red_marker", "5": "glue_2", "6": "stapler_1"}, "semantic_label": {"2": "cup_0", "3": "can_drink_0", "4": "marker_0", "5": "glue_0", "6": "stapler_0"}, "obj_aabb": {"2": [[0.1761563247451918, -0.22053313144949144, 0.6226718977045935], [0.285132515208958, -0.07706749096322517, 0.7190087405812573]], "3": [[0.02619021025090968, -0.17735527434802142, 0.6217258525853053], [0.10556153625393164, -0.09621591211733008, 0.7570135275127967]], "4": [[0.1605316088436637, 0.014166805723636301, 0.6207951854844659], [0.31288658666444846, 0.038641787623206164, 0.6477155563953075]], "5": [[-0.3033226376520739, 0.29718950536484295, 0.6205079938272733], [-0.21081462801818396, 0.3884723056714004, 0.7919557782060784]], "6": [[0.09412382045556876, -0.2368571732403286, 0.6217574352413054], [0.18431653120824726, -0.15131558921731755, 0.6823059798006005]]}, "sizes": {"2": "medium", "3": "medium", "4": "medium", "5": "medium", "6": "medium"}, "distances": {"(2, 3)": 0.07575753332970948, "(2, 4)": 0.10254212080808689, "(2, 5)": 0.599801688284082, "(2, 6)": 0.03984208498175294, "(3, 2)": 0.07575753332970948, "(3, 4)": 0.14697002981462826, "(3, 5)": 0.5136987587247331, "(3, 6)": 0.016496465516491796, "(4, 2)": 0.10254212080808689, "(4, 3)": 0.14697002981462826, "(4, 5)": 0.49269553651577624, "(4, 6)": 0.1803448120692314, "(5, 2)": 0.599801688284082, "(5, 3)": 0.5136987587247331, "(5, 4)": 0.49269553651577624, "(5, 6)": 0.5985924045178442, "(6, 2)": 0.03984208498175295, "(6, 3)": 0.016498257268848515, "(6, 4)": 0.1803448120692314, "(6, 5)": 0.5985924045178442}, "state": {"2": [[0.2306569440606749, -0.1489087446814193, 0.6709032135554174], [0.49893102797168387, 0.49975940230197, 0.5002361643414545, 0.5010710019776098]], "3": [[0.06570937352553385, -0.13691189626170755, 0.689428287163882], [0.7018362616903073, 0.0025184024889277705, -0.002559410092196992, 0.7123292559241535]], "4": [[0.23671145021993964, 0.026414995252980567, 0.6341483649723471], [-0.008603326690352669, 0.001400321343689178, 0.9999618562100877, 0.0005549728545804763]], "5": [[-0.25687469882631114, 0.34285409204722694, 0.7035702273283363], [-0.013786150455245769, -0.030854004722212208, 0.9378496615802259, 0.3453925082020205]], "6": [[0.13909307965420775, -0.19425609462672774, 0.6519139494198573], [-0.008151867793577832, -0.00835243329650227, -0.34021759733833495, 0.9402743059186687]]}, "pickable_objects": [2, 3, 4, 5, 6], "scene_graph": {"left": [[4, 2], [4, 6]], "right": [[2, 4], [6, 4]], "front": [[3, 2], [6, 2]], "behind": [[2, 6], [2, 3]], "on": [], "under": [], "leftbehind": [[4, 3]], "leftfront": [[3, 6]], "rightbehind": [[6, 3]], "rightfront": [[3, 4]]}}