{"objects": {"2": "soap_dish", "3": "soap", "4": "bottle-avene_skincare", "5": "tube-signal"}, "semantic_label": {"2": "soap_dish_0", "3": "soap_0", "4": "shampoo_0", "5": "cleanser_0"}, "obj_aabb": {"2": [[0.052313065499908676, -0.38061495689886776, 0.6229688213202846], [0.212267831451585, -0.2206501215956848, 0.6719812958116069]], "3": [[0.10459546914688994, -0.3563325430672991, 0.6249927110108393], [0.17110333949922896, -0.24252766323941466, 0.681094577056828]], "4": [[-0.22459399028861454, -0.18709908609923095, 0.6223305170836595], [-0.12879987563246076, -0.0899616284526342, 0.8540063339798398]], "5": [[0.10529356532084218, -0.011416716803207985, 0.6229296911255167], [0.13864832579447098, 0.037557946147940446, 0.774614911050107]]}, "sizes": {"2": "medium", "3": "medium", "4": "medium", "5": "medium"}, "distances": {"(2, 3)": -1.0809692994833905e-05, "(2, 4)": 0.23552961403914202, "(2, 5)": 0.219170139396031, "(3, 2)": -1.0809692994833905e-05, "(3, 4)": 0.27378791432612576, "(3, 5)": 0.24276963217836192, "(4, 2)": 0.23552961403914202, "(4, 3)": 0.27378791432612576, "(4, 5)": 0.28476994815787426, "(5, 2)": 0.219170139396031, "(5, 3)": 0.24276963217836192, "(5, 4)": 0.2847699481578742}, "state": {"2": [[0.1325208875217432, -0.300625428460184, 0.6473402899202906], [-5.679976861978533e-05, 0.00011002629685749293, 0.7071006136620825, 0.7071129378159521]], "3": [[0.13760975714233775, -0.2994356769566755, 0.6533441893635713], [0.028436035435222246, -0.013381515046950308, 0.7058121130339385, 0.7077016235945356]], "4": [[-0.17667335628259118, -0.13865177400969816, 0.7386344237744602], [0.40713259355630776, 0.5748514538380795, 0.5827877137115438, 0.4051510064546704]], "5": [[0.1219778928431179, 0.012803405041459692, 0.6989305818248355], [0.7066513057229478, 0.0002479913318365543, -0.0002268256838383617, 0.707561883633129]]}, "pickable_objects": [3, 4, 5], "scene_graph": {"left": [[5, 2], [5, 3]], "right": [[2, 5], [3, 5]], "front": [], "behind": [], "on": [[2, 3]], "under": [[3, 2]], "leftbehind": [[5, 4]], "leftfront": [[4, 2], [4, 3]], "rightbehind": [[2, 4], [3, 4]], "rightfront": [[4, 5]]}}