{"objects": {"2": "soap_dish", "3": "soap", "4": "bottle-baby_cleansing_water", "5": "tube-signal"}, "semantic_label": {"2": "soap_dish_0", "3": "soap_0", "4": "shampoo_0", "5": "cleanser_0"}, "obj_aabb": {"2": [[-0.12507207392647218, 0.010169796839902587, 0.7662802653651222], [0.09035541982552693, 0.22665715552116938, 0.8220684137193734]], "3": [[0.21658296624528328, -0.2761809287269518, 0.6193113597827273], [0.3382277921491268, -0.1462948680293445, 0.6754738371345241]], "4": [[-0.04901352026527556, -0.029852344928952546, 0.6226301111774348], [0.021605520296538845, 0.04084997608921744, 0.7858391262091875]], "5": [[-0.030972000990850342, 0.11045952938040401, 0.6225782496828735], [0.0025461763747630893, 0.16229092645607088, 0.7751870571456988]]}, "sizes": {"2": "medium", "3": "medium", "4": "medium", "5": "medium"}, "distances": {"(2, 3)": 0.35916139694889326, "(2, 4)": 0.025948729662245464, "(2, 5)": -1.000030755557305e-05, "(3, 2)": 0.35916139694889326, "(3, 4)": 0.2989282943552161, "(3, 5)": 0.40137844351691565, "(4, 2)": 0.025948729662245464, "(4, 3)": 0.2989282943552161, "(4, 5)": 0.07950624182765803, "(5, 2)": -1.000030755557305e-05, "(5, 3)": 0.40137844351691565, "(5, 4)": 0.07950748197129152}, "state": {"2": [[-0.017259285768840487, 0.11862715209449955, 0.794048447789583], [-0.0019291123899022639, -0.019000189041573984, 0.9726648548810536, 0.2314267733452429]], "3": [[0.27721345232576483, -0.21109190391892377, 0.6476919962335563], [0.020981496657035227, -0.02458841004310725, 0.4305630925978557, 0.9019814910418912]], "4": [[-0.01388958157824471, 0.005353684622062174, 0.7040035336079518], [0.7058807886371637, 0.0008602127372824001, -0.0015575185672152474, 0.7083284170516776]], "5": [[-0.014206298854675697, 0.13611105367754575, 0.6990459637817671], [0.6999441233039271, -0.0005298001045318346, 0.0006713229931178873, 0.7141970966684094]]}, "pickable_objects": [2, 3, 4], "scene_graph": {"left": [[5, 4]], "right": [[4, 5]], "front": [], "behind": [], "on": [[5, 2]], "under": [[2, 5]], "leftbehind": [], "leftfront": [[4, 3]], "rightbehind": [[3, 4]], "rightfront": []}}