{"objects": {"2": "plate", "3": "cutlery-fork_1_new", "4": "cutlery-knife_2_new", "5": "plastic_lemon", "6": "green_bowl", "7": "glass-new_13"}, "semantic_label": {"2": "plate_0", "3": "fork_0", "4": "knife_0", "5": "fruit_0", "6": "bowl_0", "7": "glass_0"}, "obj_aabb": {"2": [[-0.1322004578391762, 0.01105997733202134, 0.6229883299547015], [0.09160025510368111, 0.23607913621096066, 0.6519168281749413]], "3": [[0.17689732865138896, -0.40351316152013417, 0.6177735989157007], [0.3751547074287561, -0.33494025461184673, 0.6490193873825312]], "4": [[0.1617375420075338, 0.17667704086386699, 0.6217192829577829], [0.3460662101676609, 0.32879751462556667, 0.6352580720223902]], "5": [[0.126335101873026, -0.27416499424163265, 0.6018058647813491], [0.22201908729460834, -0.17277743226294412, 0.7095450489825352]], "6": [[0.05574522702780074, -0.09673218969062569, 0.6221084208130433], [0.22700685309495425, 0.07375235094963084, 0.6835809886308556]], "7": [[-0.2662218228909418, -0.39144189448662037, 0.6229162358375712], [-0.18137939855040114, -0.30570607793565996, 0.8035914408199757]]}, "sizes": {"2": "medium", "3": "medium", "4": "medium", "5": "medium", "6": "small", "7": "medium"}, "distances": {"(2, 3)": 0.43196969943434815, "(2, 4)": 0.09883218321544666, "(2, 5)": 0.2597397644532897, "(2, 6)": 0.0438640542723489, "(2, 7)": 0.37755666597465537, "(3, 2)": 0.43196969943434815, "(3, 4)": 0.5493629045843954, "(3, 5)": 0.11915016502403922, "(3, 6)": 0.3010025492596673, "(3, 7)": 0.37628066034068147, "(4, 2)": 0.09883218321544666, "(4, 3)": 0.5493629045843954, "(4, 5)": 0.37256691007706005, "(4, 6)": 0.1385815154235757, "(4, 7)": 0.6340177999554668, "(5, 2)": 0.2597397644532897, "(5, 3)": 0.11915016502403922, "(5, 4)": 0.37256691007706005, "(5, 6)": 0.1192309666101018, "(5, 7)": 0.3522665252598271, "(6, 2)": 0.0438640542723489, "(6, 3)": 0.3010025492596673, "(6, 4)": 0.1385815154235757, "(6, 5)": 0.1192309666101018, "(6, 7)": 0.40376455656142757, "(7, 2)": 0.37755666597465537, "(7, 3)": 0.37628066034068147, "(7, 4)": 0.6340177999554668, "(7, 5)": 0.3522665252598271, "(7, 6)": 0.4037645565614276}, "state": {"2": [[-0.010756435091941565, 0.1231541674089622, 0.6291136593962106], [-3.5287571559371275e-07, 6.264372369806629e-06, -0.0210767276403436, 0.9997778610834548]], "3": [[0.2760083408790783, -0.36921497613870996, 0.6333338777066647], [-0.056639925371387984, 0.7223207308387318, 0.6852092857975213, -0.07438356882655406]], "4": [[0.25384059019226274, 0.252488380511304, 0.6284264878222057], [-0.22734315919470874, 0.6526847143556426, 0.6841993634215565, -0.23278527167198393]], "5": [[0.1726051888752094, -0.2182256394734693, 0.616515824642201], [-0.10493412859888425, 0.2813086472513444, 0.9503426002694699, 0.08187316868103858]], "6": [[0.1413302640293983, -0.011417001635722198, 0.6527269243265587], [0.003972011174572753, 0.0020615426352446928, 0.9881583634212433, -0.1533721681722018]], "7": [[-0.2241059723735778, -0.34847425800939186, 0.7130180981557301], [0.6927339187324704, 0.144143757466206, 0.14413010634538048, 0.691786677716439]]}, "pickable_objects": [2, 3, 4, 5, 6, 7], "scene_graph": {"left": [[4, 6], [5, 3], [6, 5]], "right": [[3, 5], [5, 6], [6, 4]], "front": [[2, 4]], "behind": [[4, 2]], "on": [], "under": [], "leftbehind": [], "leftfront": [[2, 6], [2, 5]], "rightbehind": [[5, 2], [6, 2]], "rightfront": []}}