{"objects": {"2": "soap_dish", "3": "soap", "4": "bottle-baby_cleansing_water", "5": "tube-skincare_hydralist"}, "semantic_label": {"2": "soap_dish_0", "3": "soap_0", "4": "shampoo_0", "5": "cleanser_0"}, "obj_aabb": {"2": [[0.014345269880415623, -0.09392514956099732, 0.6229818596265481], [0.17436272518086218, 0.06609610414466582, 0.6719589336009225]], "3": [[0.07370467185634391, 0.15712247046694505, 0.6192224578719228], [0.18641193814388848, 0.2883152280946851, 0.6759598759864514]], "4": [[0.04813754976140502, 0.10587918940520594, 0.6225593793796365], [0.1184044196305214, 0.17700174952674072, 0.7858554457817921]], "5": [[0.23895971557776743, 0.08607143332983509, 0.622515920208041], [0.28573322337033646, 0.1565173962476072, 0.7688291676058785]]}, "sizes": {"2": "medium", "3": "medium", "4": "medium", "5": "medium"}, "distances": {"(2, 3)": 0.1064899192431939, "(2, 4)": 0.04414946520734886, "(2, 5)": 0.11626480711232709, "(3, 2)": 0.1064899192431939, "(3, 4)": 0.00817857417386909, "(3, 5)": 0.11344676327001396, "(4, 2)": 0.04414946520734886, "(4, 3)": 0.00817857417386909, "(4, 5)": 0.12786483441913038, "(5, 2)": 0.11626480711232709, "(5, 3)": 0.11344676327001396, "(5, 4)": 0.12786483441913038}, "state": {"2": [[0.09458445346240361, -0.013907482004970712, 0.6473356531646274], [-3.177102544992195e-05, 1.1512201395783775e-05, 0.7069569598636654, 0.7072565699648149]], "3": [[0.13028104166750176, 0.2226063153454222, 0.6478835943973316], [-0.03346181724797885, -0.01306465798079683, -0.8609605270959667, 0.5074018055554618]], "4": [[0.08308595201996775, 0.14129445701784182, 0.7039764426401242], [0.7048138099153537, 0.000593481909826927, -0.0005882280064806589, 0.7093918487829126]], "5": [[0.26218708246725897, 0.12127150906872597, 0.6957418341823799], [0.014090498045525429, 0.7039956073332961, 0.7098924478731163, 0.015631864027281134]]}, "pickable_objects": [2, 3, 4, 5], "scene_graph": {"left": [[3, 4], [4, 2]], "right": [[2, 4], [4, 3]], "front": [[3, 5], [4, 5]], "behind": [[5, 3], [5, 4]], "on": [], "under": [], "leftbehind": [[5, 2]], "leftfront": [], "rightbehind": [], "rightfront": [[2, 5]]}}