{"objects": {"2": "cup-red_heart", "3": "can-monster_blue", "4": "small_marker", "5": "glue_2", "6": "stapler_1"}, "semantic_label": {"2": "cup_0", "3": "can_drink_0", "4": "marker_0", "5": "glue_0", "6": "stapler_0"}, "obj_aabb": {"2": [[0.07181856387534304, -0.2736974617536724, 0.6227070137465975], [0.18074656616503643, -0.13022994049979855, 0.7189931145028221]], "3": [[-0.06408623157310775, -0.22703434502062073, 0.6227600450629129], [0.00813318074179846, -0.15477045919179663, 0.7980958579063324]], "4": [[0.05370784644004557, -0.04928450554792317, 0.6222448968779182], [0.2102359383842321, -0.029155668983265437, 0.643326767878025]], "5": [[0.10164248828907246, 0.04653873134877252, 0.6196418195212818], [0.16817502895858022, 0.11589794534202846, 0.7925162725355157]], "6": [[0.1330776714997946, 0.16305234649755823, 0.6217875348249756], [0.17471103072247607, 0.24651965764445655, 0.6821777420286453]]}, "sizes": {"2": "medium", "3": "medium", "4": "medium", "5": "medium", "6": "medium"}, "distances": {"(2, 3)": 0.06821336309964925, "(2, 4)": 0.0932848971099661, "(2, 5)": 0.1856534002511351, "(2, 6)": 0.2989915024941876, "(3, 2)": 0.06821358148897567, "(3, 4)": 0.13450124377800463, "(3, 5)": 0.25283936758526776, "(3, 6)": 0.3604719351933025, "(4, 2)": 0.09328459131162378, "(4, 3)": 0.13450124377800463, "(4, 5)": 0.08316793305596801, "(4, 6)": 0.19843149524651468, "(5, 2)": 0.18565340025113508, "(5, 3)": 0.25283936758526776, "(5, 4)": 0.08316793305596801, "(5, 6)": 0.055632756692959785, "(6, 2)": 0.2989915024941876, "(6, 3)": 0.3604719351933025, "(6, 4)": 0.19843149524651468, "(6, 5)": 0.055632756692959785}, "state": {"2": [[0.12629512078516997, -0.20207213309906527, 0.6709129548112139], [0.4990490635424681, 0.4998908469314975, 0.5001067775430772, 0.5009514790745456]], "3": [[-0.02806453652474941, -0.19084658091402634, 0.7104009016646314], [0.7069336801899264, -0.001334730294809819, 0.0013828553408394492, 0.7072772285456908]], "4": [[0.1319619065284419, -0.03931835777138097, 0.6326312402632104], [0.0005519248270087375, 0.003525053256320599, -0.0004779291089273615, 0.9999935204601539]], "5": [[0.13473501041628566, 0.08139121600105045, 0.7034215096006757], [-0.021010880420591502, 0.034868808668999614, -0.7076505233846467, 0.7053888614370033]], "6": [[0.15410568327191004, 0.2047968712854642, 0.6518641326286931], [0.005286177306266086, -0.00961655507310094, 0.7069903606987813, 0.7071380403266535]]}, "pickable_objects": [2, 3, 4, 5, 6], "scene_graph": {"left": [[4, 2], [5, 4], [6, 5]], "right": [[2, 4], [4, 5], [5, 6]], "front": [[3, 2]], "behind": [[2, 3]], "on": [], "under": [], "leftbehind": [[4, 3], [5, 3]], "leftfront": [], "rightbehind": [], "rightfront": [[3, 4], [3, 5]]}}