{"objects": {"2": "plate", "3": "cutlery-fork_1", "4": "cutlery-knife_1", "5": "plastic_apple", "6": "green_bowl", "7": "glass-small_3"}, "semantic_label": {"2": "plate_0", "3": "fork_0", "4": "knife_0", "5": "fruit_0", "6": "bowl_0", "7": "glass_0"}, "obj_aabb": {"2": [[-0.13468919424251055, -0.06912046188696902, 0.6229735762038893], [0.08024475908354377, 0.1470884108265036, 0.6519292133883827]], "3": [[-0.10951885241193493, -0.14532773279511735, 0.6091506686181769], [0.09318357812088726, -0.10264225660623927, 0.6631171180317177]], "4": [[-0.10484513284537646, 0.18712970511199242, 0.6229899995850448], [0.1082400072366833, 0.21596587031381517, 0.6352289055179614]], "5": [[-0.06014301182052919, 0.015221145693124875, 0.6274941276943421], [0.02449207126987383, 0.09926912115435133, 0.709999601507889]], "6": [[-0.26166151727489656, -0.029963397983104753, 0.6221555096303582], [-0.12453565493982123, 0.10583474138909547, 0.6835461658052191]], "7": [[0.04816288436861532, 0.20245078918394882, 0.621564394487494], [0.14102326112271857, 0.29251574894343924, 0.753769968011319]]}, "sizes": {"2": "medium", "3": "medium", "4": "medium", "5": "medium", "6": "small", "7": "medium"}, "distances": {"(2, 3)": 0.04965357069557725, "(2, 4)": 0.048194537418785925, "(2, 5)": -1.0036115349701304e-05, "(2, 6)": 0.0023710241038119107, "(2, 7)": 0.10655809202315937, "(3, 2)": 0.04965357069557725, "(3, 4)": 0.29962699898172684, "(3, 5)": 0.13938664485669688, "(3, 6)": 0.1112335081736889, "(3, 7)": 0.3276452458873551, "(4, 2)": 0.048194537418785925, "(4, 3)": 0.29962699898172684, "(4, 5)": 0.10202855282928798, "(4, 6)": 0.12028745038445847, "(4, 7)": 0.0065482020669163955, "(5, 2)": -1.0036115349701304e-05, "(5, 3)": 0.13938664485669686, "(5, 4)": 0.10202855282928798, "(5, 6)": 0.07047422003031181, "(5, 7)": 0.1554985028176472, "(6, 2)": 0.0023710241038119107, "(6, 3)": 0.1112335081736889, "(6, 4)": 0.12028745038445847, "(6, 5)": 0.07047422003031181, "(6, 7)": 0.26315851455260697, "(7, 2)": 0.10655809202315937, "(7, 3)": 0.3276452458873551, "(7, 4)": 0.006548202066916397, "(7, 5)": 0.1554985028176472, "(7, 6)": 0.26315851455260697}, "state": {"2": [[-0.017669770367753804, 0.03896809676612821, 0.6291121984492659], [-4.879632614035732e-05, 2.0810022775660354e-05, -0.00011833404762123708, 0.9999999915914574]], "3": [[-0.008184416607625021, -0.12405114597575867, 0.6359656471652938], [0.021619839223697562, 0.6511396371277787, 0.7580246776021728, -0.03079518889645301]], "4": [[0.0014147658930295359, 0.2016069327509661, 0.6291501849901582], [-4.0001119930795575e-10, 0.7071067924437656, 0.7071067699293293, -3.9902691817939077e-10]], "5": [[-0.017789933065840913, 0.061348183015012075, 0.6332669494460742], [0.008544051680273959, -0.012565217355854575, -0.00027926043386346656, 0.9998845115848605]], "6": [[-0.19307736639058343, 0.037852227729051495, 0.6527330604299979], [0.0013452706557655102, -0.004017844105597868, -0.0014801270649753403, 0.9999899281490177]], "7": [[0.09445397376801373, 0.24750458796879415, 0.687630472079524], [0.6481000911288508, -0.2990793002596037, -0.2844554607147143, 0.6400022928900966]]}, "pickable_objects": [3, 4, 5, 6, 7], "scene_graph": {"left": [[4, 2], [7, 2], [2, 3], [5, 3]], "right": [[3, 2], [3, 5], [2, 4], [2, 7]], "front": [[6, 2], [6, 5]], "behind": [[2, 6], [5, 6]], "on": [[2, 5]], "under": [[5, 2]], "leftbehind": [[7, 4]], "leftfront": [[6, 3]], "rightbehind": [[3, 6]], "rightfront": [[4, 7]]}}