{"objects": {"2": "plate", "3": "cutlery-fork_1_new", "4": "cutlery-knife_2_new", "5": "plastic_lemon", "6": "green_bowl", "7": "glass-new_13"}, "semantic_label": {"2": "plate_0", "3": "fork_0", "4": "knife_0", "5": "fruit_0", "6": "bowl_0", "7": "glass_0"}, "obj_aabb": {"2": [[-0.13223989227566138, 0.01090352890473019, 0.6229885582024706], [0.09158093310330498, 0.23594275228998912, 0.6519165928772719]], "3": [[0.17689733212530284, -0.4035130825219357, 0.6177729533901363], [0.3751546371645303, -0.3349398148646546, 0.6490207010323502]], "4": [[0.1617371925798656, 0.17667491282961034, 0.6217090198066828], [0.34606756869315414, 0.32879764319294613, 0.6352694088950652]], "5": [[-0.10823686921498314, -0.20643904278901676, 0.6018056200109211], [0.006488660747815317, -0.09546279253015584, 0.7095456480041752]], "6": [[0.055745226942904805, -0.09673218958985993, 0.622108422960599], [0.2270068560784818, 0.07375234684567034, 0.6835809831550524]], "7": [[0.06646255711759465, -0.1837490427963155, 0.6229224024499346], [0.1537251072607167, -0.09583823655902762, 0.8035886170460395]]}, "sizes": {"2": "medium", "3": "medium", "4": "medium", "5": "medium", "6": "small", "7": "medium"}, "distances": {"(2, 3)": 0.4318462427933531, "(2, 4)": 0.0989007204296167, "(2, 5)": 0.1395284404008944, "(2, 6)": 0.04379297455559132, "(2, 7)": 0.15726097964417704, "(3, 2)": 0.4318462427933531, "(3, 4)": 0.5493620998094528, "(3, 5)": 0.2884225130934566, "(3, 6)": 0.3010022409796036, "(3, 7)": 0.21626792398225464, "(4, 2)": 0.09890072042961667, "(4, 3)": 0.5493620998094528, "(4, 5)": 0.3742449984322757, "(4, 6)": 0.13858295549056238, "(4, 7)": 0.29739620663454014, "(5, 2)": 0.1395284404008944, "(5, 3)": 0.2884225130934566, "(5, 4)": 0.3742449984322757, "(5, 6)": 0.1412564115431829, "(5, 7)": 0.0991593337815939, "(6, 2)": 0.043792974555591335, "(6, 3)": 0.3010022409796036, "(6, 4)": 0.13858295549056238, "(6, 5)": 0.1412564115431829, "(6, 7)": 0.046129004872644055, "(7, 2)": 0.15726097964417704, "(7, 3)": 0.21626792398225464, "(7, 4)": 0.29739620663454014, "(7, 5)": 0.0991593337815939, "(7, 6)": 0.04612900487264406}, "state": {"2": [[-0.010785833618671038, 0.12300681702107509, 0.6291136792176522], [-5.206845131157172e-07, 5.0458817951496745e-06, -0.021125491709815244, 0.9997768318851394]], "3": [[0.2760083077720826, -0.36921471934784744, 0.6333342112037526], [-0.05663921219517245, 0.7223352333383727, 0.6851941604161681, -0.07438261121721584]], "4": [[0.2538410855033253, 0.2524873988460579, 0.6284269615089649], [-0.2273267606958282, 0.6525686734508331, 0.684310571983861, -0.23279972373970412]], "5": [[-0.0543367351670474, -0.15519266543285068, 0.6165159418250986], [0.29768358922917043, -0.039157091052385226, -0.5177676094041809, 0.8011041789778863]], "6": [[0.14133026547259953, -0.011417003628845662, 0.6527269226700576], [0.003972031326882818, 0.002061503114970373, 0.9881583633966413, -0.15337216834001136]], "7": [[0.10998099603378522, -0.13949284359873704, 0.7130198095073954], [0.6868005048347965, -0.17020434868801673, -0.16990978839363574, 0.685905394390791]]}, "pickable_objects": [2, 3, 4, 5, 6, 7], "scene_graph": {"left": [[2, 5], [4, 6], [6, 7], [2, 7]], "right": [[5, 2], [6, 4], [7, 6], [7, 2]], "front": [[2, 4], [5, 7], [5, 6]], "behind": [[4, 2], [7, 5], [6, 5]], "on": [], "under": [], "leftbehind": [], "leftfront": [[2, 6], [7, 3], [5, 3]], "rightbehind": [[3, 7], [3, 5], [6, 2]], "rightfront": []}}