{"objects": {"2": "cup-stanford", "3": "can-monster_blue", "4": "black_marker", "5": "stapler_2", "6": "glue_2"}, "semantic_label": {"2": "cup_0", "3": "can_drink_0", "4": "marker_0", "5": "stapler_0", "6": "glue_0"}, "obj_aabb": {"2": [[-0.28973804465420655, -0.3721784219735858, 0.6221003111027067], [-0.1288688809839263, -0.23907541766490642, 0.7343412655582967]], "3": [[0.0032622906292791923, 0.04801109853500525, 0.62275951446826], [0.0754876336557849, 0.12025731291907195, 0.798093594652069]], "4": [[0.047679915041048695, -0.060562866188372484, 0.6209952110449499], [0.19923237312377212, -0.03505497030346965, 0.6470528630287182]], "5": [[0.0352498316162459, -0.23041992263502292, 0.6219238096379001], [0.07230876629714571, -0.11138270045462519, 0.6511566459919635]], "6": [[0.14654631137090338, -0.22569833074885462, 0.6196420376397471], [0.2130811288556649, -0.15633682611294783, 0.7925160678588954]]}, "sizes": {"2": "medium", "3": "medium", "4": "medium", "5": "medium", "6": "medium"}, "distances": {"(2, 3)": 0.37421819369088577, "(2, 4)": 0.30103401552310416, "(2, 5)": 0.1973381285147436, "(2, 6)": 0.31566726725777344, "(3, 2)": 0.37421819369088577, "(3, 4)": 0.09044548238615649, "(3, 5)": 0.16362310131196714, "(3, 6)": 0.2424749803736251, "(4, 2)": 0.30103401552310416, "(4, 3)": 0.09044548238615649, "(4, 5)": 0.056041591026318296, "(4, 6)": 0.1050121042920425, "(5, 2)": 0.1973381285147436, "(5, 3)": 0.16362310131196714, "(5, 4)": 0.056041591026318296, "(5, 6)": 0.08712132218752741, "(6, 2)": 0.31566726725777344, "(6, 3)": 0.2424749803736251, "(6, 4)": 0.10501210429204251, "(6, 5)": 0.08712132218752741}, "state": {"2": [[-0.20917501105279673, -0.3052983340072804, 0.6782453483082084], [-0.11734066475916244, 0.6984593872681195, 0.6971342134779487, -0.11130831563455974]], "3": [[0.03928695554044066, 0.0841900337741966, 0.7103995042233614], [0.7069616026344742, -0.001373551249284181, 0.0013836894909817266, 0.7072492426018241]], "4": [[0.12344879610738017, -0.047895578705186556, 0.634073192183255], [0.043888391865733734, 0.0042001578309261356, 0.0012203314430415584, 0.9990268657672847]], "5": [[0.0537410439218571, -0.17089845412074664, 0.6366288643337171], [-0.0007181827167353341, 0.006761445387543847, -0.7081264352263682, 0.7060529150166102]], "6": [[0.1796399892294129, -0.1908447048077174, 0.7034215149267272], [-0.021010419776421648, 0.034866444804781425, -0.7076667795530607, 0.7053726833415748]]}, "pickable_objects": [2, 3, 4, 5, 6], "scene_graph": {"left": [[3, 4], [4, 5], [4, 6]], "right": [[4, 3], [5, 4], [6, 4]], "front": [[2, 5], [5, 6]], "behind": [[6, 5], [5, 2]], "on": [], "under": [], "leftbehind": [], "leftfront": [[3, 6]], "rightbehind": [[6, 3]], "rightfront": []}}