{"objects": {"2": "soap_dish", "3": "soap", "4": "bottle-baby_cleansing_water", "5": "tube-shoe_polish"}, "semantic_label": {"2": "soap_dish_0", "3": "soap_0", "4": "shampoo_0", "5": "cleanser_0"}, "obj_aabb": {"2": [[-0.0785134429100038, -0.24196665211092597, 0.6229771265288749], [0.08143669228382668, -0.08200622969449853, 0.6719678882753447]], "3": [[-0.15145022273416253, 0.007237651573267015, 0.6196655783387143], [-0.06324828597052452, 0.13198519790894075, 0.6748510430849376]], "4": [[-0.04901462809504638, -0.0298257302958396, 0.6222006090347781], [0.022597803500360614, 0.04277585494007932, 0.7866882194524626]], "5": [[-0.28333165755255724, -0.12646661814973226, 0.6226763333948151], [-0.2119923217808894, -0.053963743389947326, 0.7878363444335315]]}, "sizes": {"2": "medium", "3": "medium", "4": "medium", "5": "medium"}, "distances": {"(2, 3)": 0.12458724202294813, "(2, 4)": 0.056832780556939924, "(2, 5)": 0.16299771792444512, "(3, 2)": 0.12458724202294813, "(3, 4)": 0.041420887639349695, "(3, 5)": 0.14002776686946913, "(4, 2)": 0.05683260322484507, "(4, 3)": 0.041420887639349695, "(4, 5)": 0.19976107943524946, "(5, 2)": 0.16299771792444512, "(5, 3)": 0.14002776686946913, "(5, 4)": 0.19976107943524946}, "state": {"2": [[0.0016920731282164165, -0.16197927364789838, 0.6473377578142697], [6.202973233437951e-05, -5.838098599596586e-05, 0.7071032681756285, 0.707110289049253]], "3": [[-0.10758254503133152, 0.06965972812374244, 0.6475600251066788], [0.025154399144463074, -0.010494653032343686, 0.62641110046107, 0.7790162075852871]], "4": [[-0.013395364327359115, 0.0063269888746597305, 0.704216319894103], [0.7015824209912734, 0.0034944514049826984, -0.0035515402104571363, 0.7125708960710754]], "5": [[-0.24744553518909176, -0.09034339610385253, 0.7053964995627127], [0.2493227783142961, 0.6630413191350685, 0.6621091071954408, 0.24459331859665542]]}, "pickable_objects": [2, 3, 4, 5], "scene_graph": {"left": [[3, 2], [4, 2]], "right": [[2, 4], [2, 3]], "front": [[3, 4], [5, 2]], "behind": [[2, 5], [4, 3]], "on": [], "under": [], "leftbehind": [[3, 5], [4, 5]], "leftfront": [], "rightbehind": [], "rightfront": [[5, 3], [5, 4]]}}