{"objects": {"2": "soap_dish", "3": "soap", "4": "bottle-avene_skincare", "5": "tube-shoe_polish"}, "semantic_label": {"2": "soap_dish_0", "3": "soap_0", "4": "shampoo_0", "5": "cleanser_0"}, "obj_aabb": {"2": [[-0.1581698139343229, -0.13321344445077807, 0.6229636047729511], [0.0018851727236131044, 0.026855349926325288, 0.6719736322159094]], "3": [[-0.10592559135829055, -0.10892079598410473, 0.6253632898799718], [-0.03916687247295606, 0.004606701779323076, 0.6805273791445509]], "4": [[0.025430454256613555, -0.027001887759154585, 0.6223282682819882], [0.11658528123552103, 0.06498820662926459, 0.8540096428187558]], "5": [[-0.10675101836619373, 0.16255075205534325, 0.6226767970324292], [-0.06555106158825828, 0.22395756236150022, 0.7878368534358564]]}, "sizes": {"2": "medium", "3": "medium", "4": "medium", "5": "medium"}, "distances": {"(2, 3)": -1.0961570832487052e-05, "(2, 4)": 0.052253409822566946, "(2, 5)": 0.14994521604725206, "(3, 2)": -1.0961570832490521e-05, "(3, 4)": 0.08426300443028732, "(3, 5)": 0.17383346468771865, "(4, 2)": 0.052253409822566946, "(4, 3)": 0.08426300443028732, "(4, 5)": 0.17825903205090193, "(5, 2)": 0.14994521604725206, "(5, 3)": 0.17383346468771865, "(5, 4)": 0.17825903205090196}, "state": {"2": [[-0.07791188024232931, -0.053171784872211754, 0.6473338601854306], [-8.381004925022102e-05, 0.0001045896313736614, 0.7073394728097524, 0.7068740002589615]], "3": [[-0.07278468868394247, -0.05216107250953952, 0.6532468498509731], [0.025967258316154238, -0.008058274712276084, 0.7083973872805496, 0.7052899456239928]], "4": [[0.07089388586643976, 0.019041310763328115, 0.7386349403418543], [0.6987851836823377, -0.08904819638616503, -0.08348278487535674, 0.7048406276711547]], "5": [[-0.08639860980074632, 0.1932094222807303, 0.7053969847464432], [0.7083644072756392, -0.0020579822631329, 0.002051658213684372, 0.7058409324434304]]}, "pickable_objects": [3, 4, 5], "scene_graph": {"left": [[5, 2], [5, 3]], "right": [[2, 5], [3, 5]], "front": [[2, 4], [3, 4]], "behind": [[4, 2], [4, 3]], "on": [[2, 3]], "under": [[3, 2]], "leftbehind": [], "leftfront": [[5, 4]], "rightbehind": [[4, 5]], "rightfront": []}}