{"objects": {"2": "cup-yellow_white_border", "3": "can-redbull", "4": "black_marker", "5": "stapler_1", "6": "glue_1"}, "semantic_label": {"2": "cup_0", "3": "can_drink_0", "4": "marker_0", "5": "stapler_0", "6": "glue_0"}, "obj_aabb": {"2": [[0.049320426595251245, -0.11622707523001741, 0.6227884454615604], [0.1561954103864127, 0.027684586051725656, 0.7621511851480196]], "3": [[-0.036959760118672316, -0.08388001653105245, 0.6213834526932503], [0.022397434133842035, -0.01632468047942883, 0.7660571458763986]], "4": [[0.003947764950619381, -0.1990896182727908, 0.6209820971428741], [0.1554960025640381, -0.1736267334834849, 0.6470496020954819]], "5": [[-0.01419442835805326, -0.355652639490391, 0.6217624564300537], [0.027657249356901278, -0.2721707808337644, 0.6822885112120713]], "6": [[0.11963047556025352, -0.37609863169505336, 0.6162211531448496], [0.16060155942300014, -0.28609952775250297, 0.7646977814931566]]}, "sizes": {"2": "medium", "3": "medium", "4": "medium", "5": "medium", "6": "medium"}, "distances": {"(2, 3)": 0.031230553668516438, "(2, 4)": 0.07218182359959122, "(2, 5)": 0.1841144591131251, "(2, 6)": 0.19602975734845693, "(3, 2)": 0.031230553668516438, "(3, 4)": 0.10130674791533222, "(3, 5)": 0.1969388237284581, "(3, 6)": 0.2597438076678544, "(4, 2)": 0.07218182359959122, "(4, 3)": 0.10130674791533222, "(4, 5)": 0.07830221478702745, "(4, 6)": 0.10824276266889372, "(5, 2)": 0.18411445911312507, "(5, 3)": 0.1969388237284581, "(5, 4)": 0.07830221478702745, "(5, 6)": 0.09746255810114735, "(6, 2)": 0.19602975734845696, "(6, 3)": 0.2597438076678544, "(6, 4)": 0.10824276266889372, "(6, 5)": 0.09746255810114735}, "state": {"2": [[0.10293867594529775, -0.04423976800461972, 0.6923965933331855], [-0.5006333565695006, 0.5006643813342048, 0.4993346912865392, -0.49936588352726924]], "3": [[-0.0071959394881569725, -0.05004082661727462, 0.693667476333547], [0.7189879907486372, -0.0001511834061479322, 0.00021943789351034707, 0.695022444349696]], "4": [[0.07971451892337149, -0.1864448198405657, 0.6340650313165093], [0.043740424552947556, 0.004247629010928819, 0.0010901954642270914, 0.9990333049411132]], "5": [[0.006943140803507802, -0.3139009183606143, 0.6519076837296287], [0.0041033397830908015, -0.010795482023061787, 0.706869748352898, 0.7072494461178637]], "6": [[0.14024929792984053, -0.33116898295896974, 0.690469018647247], [-0.0047582232525779115, 0.059135242500054454, 0.9982359590112337, 0.0023135563232643507]]}, "pickable_objects": [2, 3, 4, 5, 6], "scene_graph": {"left": [[2, 4], [3, 4], [4, 5], [4, 6]], "right": [[4, 2], [4, 3], [5, 4], [6, 4]], "front": [[3, 2], [5, 6]], "behind": [[2, 3], [6, 5]], "on": [], "under": [], "leftbehind": [[2, 5]], "leftfront": [], "rightbehind": [], "rightfront": [[5, 2]]}}