{"objects": {"2": "round_plate_3", "3": "cutlery-fork_2_new", "4": "cutlery-knife_2_new", "5": "plastic_apple", "6": "yellow_bowl", "7": "glass-new_3"}, "semantic_label": {"2": "plate_0", "3": "fork_0", "4": "knife_0", "5": "fruit_0", "6": "bowl_0", "7": "glass_0"}, "obj_aabb": {"2": [[0.16192439074473386, -0.02399321897497332, 0.6198249400551608], [0.3540642829789008, 0.16803602671433465, 0.658751729782993]], "3": [[0.17404142631789696, -0.1068804498186515, 0.6177876878216909], [0.36026752458343647, -0.0754093003784671, 0.6492133148371871]], "4": [[0.17049443289495003, 0.2205873142882041, 0.6229899941036223], [0.38375624111163686, 0.24658600906803524, 0.6338385309287744]], "5": [[0.221367478775488, 0.033373163889477246, 0.6349846262397737], [0.3044262500391792, 0.11637881451928928, 0.7146371104135053]], "6": [[-0.041652922023595516, -0.33149946398449776, 0.6228783294722643], [0.1349913671041823, -0.15540480651666755, 0.6828100454181926]], "7": [[0.20650023402549283, 0.2932151862315734, 0.6228053063260012], [0.3042414884327282, 0.3914033497279279, 0.8455340426031553]]}, "sizes": {"2": "medium", "3": "medium", "4": "medium", "5": "medium", "6": "small", "7": "medium"}, "distances": {"(2, 3)": 0.06381425197821658, "(2, 4)": 0.06104347790415192, "(2, 5)": -1.4840513588713997e-05, "(2, 6)": 0.22082258766557913, "(2, 7)": 0.1412408659671517, "(3, 2)": 0.06381425197821658, "(3, 4)": 0.30019437840666297, "(3, 5)": 0.12631433100615164, "(3, 6)": 0.13066001231781038, "(3, 7)": 0.3846255769230839, "(4, 2)": 0.061043477904151905, "(4, 3)": 0.30019437840666297, "(4, 5)": 0.1189941828475204, "(4, 6)": 0.4210900947100209, "(4, 7)": 0.062452287098258785, "(5, 2)": -1.4840513588713997e-05, "(5, 3)": 0.12631433100615164, "(5, 4)": 0.1189941828475204, "(5, 6)": 0.27996345979030896, "(5, 7)": 0.19734738465942292, "(6, 2)": 0.22082258766557913, "(6, 3)": 0.13066001231781038, "(6, 4)": 0.4210900947100209, "(6, 5)": 0.27996345979030896, "(6, 7)": 0.5205355257782545, "(7, 2)": 0.14123199673258327, "(7, 3)": 0.3846255769230839, "(7, 4)": 0.06244780867981743, "(7, 5)": 0.19734738465942292, "(7, 6)": 0.5205355257782545}, "state": {"2": [[0.25798611503767843, 0.0722893381975431, 0.6394621058324267], [0.007281653987262532, -0.006009336443968687, 0.9999554226717517, 0.00013438776477690348]], "3": [[0.2674466999941041, -0.09114876807972287, 0.6334552540452477], [0.013070017831061775, 0.706570297683119, 0.7073894421239199, -0.013702782107804689]], "4": [[0.27692342999440683, 0.23342562063819203, 0.6283606650183079], [-1.842216208451276e-13, 0.7071067808880207, 0.7071067814850743, 2.2827461326379062e-12]], "5": [[0.2621744948150946, 0.07848831350462016, 0.6392849629395453], [0.0016503968521832905, -0.0019829884264924206, 0.0006024271414036272, 0.9999964905081767]], "6": [[0.04665255320083935, -0.24340876746109166, 0.6528285836644674], [0.00025576174710576004, -0.000566071221587389, 0.9821443539603908, -0.18812783455147594]], "7": [[0.2555975009194217, 0.3424126187859578, 0.734188660184865], [0.7064285325516073, -0.000194632969973404, 0.00020778023624507428, 0.7077843226169701]]}, "pickable_objects": [3, 4, 5, 6, 7], "scene_graph": {"left": [[4, 2], [7, 4], [7, 5], [2, 3]], "right": [[2, 4], [3, 2], [4, 7], [5, 7]], "front": [], "behind": [], "on": [[2, 5]], "under": [[5, 2]], "leftbehind": [[3, 6], [2, 6], [5, 6]], "leftfront": [], "rightbehind": [], "rightfront": [[6, 3], [6, 2], [6, 5]]}}