{"objects": {"2": "soap_dish", "3": "soap", "4": "bottle-avene_skincare", "5": "tube-signal_pokemon"}, "semantic_label": {"2": "soap_dish_0", "3": "soap_0", "4": "shampoo_0", "5": "cleanser_0"}, "obj_aabb": {"2": [[0.05696277571005956, -0.31479478185402515, 0.6229882028490078], [0.21692155048798337, -0.154834122703353, 0.6719540714415758]], "3": [[0.10958651939109718, -0.2905533176172619, 0.624894497845438], [0.17570347162355984, -0.1766984663522202, 0.6812494938770293]], "4": [[0.032634517480655545, -0.42575715407625936, 0.6223595392432378], [0.13447708882156467, -0.32195895887095316, 0.8539676150463115]], "5": [[0.19287170761618636, 0.2811084148080473, 0.622796655737054], [0.24079022104066136, 0.34653594826791495, 0.7899731578375254]]}, "sizes": {"2": "medium", "3": "medium", "4": "medium", "5": "medium"}, "distances": {"(2, 3)": -1.0495442040087382e-05, "(2, 4)": 0.035345242076512726, "(2, 5)": 0.45731270882016134, "(3, 2)": -1.0495442040086081e-05, "(3, 4)": 0.06201363599151191, "(3, 5)": 0.4791728201660487, "(4, 2)": 0.035351030681294054, "(4, 3)": 0.06201363599151191, "(4, 5)": 0.6402996379215853, "(5, 2)": 0.45731270882016134, "(5, 3)": 0.4791728201660487, "(5, 4)": 0.6402996379215853}, "state": {"2": [[0.137172614378986, -0.23480732074687158, 0.6473363905168324], [-7.00493145146827e-06, -2.311723780129346e-06, 0.7070850402828373, 0.7071285213833517]], "3": [[0.14240457505336324, -0.23363319390056417, 0.653371885876204], [0.028905280736891296, -0.01565417075864794, 0.7066419836108746, 0.7068072853910526]], "4": [[0.08360177884231094, -0.37397264093121, 0.738629633882828], [0.3513587769849799, 0.6107618301152566, 0.6180049521083878, 0.3486930969769704]], "5": [[0.21679944278490787, 0.31376138864561026, 0.7062738316237683], [0.7044899217281618, 0.0487364404588884, 0.05103141109160227, 0.7061972136994351]]}, "pickable_objects": [3, 4, 5], "scene_graph": {"left": [[2, 4], [3, 4]], "right": [[4, 2], [4, 3]], "front": [], "behind": [], "on": [[2, 3]], "under": [[3, 2]], "leftbehind": [], "leftfront": [], "rightbehind": [], "rightfront": []}}