{"objects": {"2": "round_plate_3", "3": "cutlery-fork_1", "4": "cutlery-knife_1", "5": "plastic_plum", "6": "doraemon_bowl", "7": "glass-new_4"}, "semantic_label": {"2": "plate_0", "3": "fork_0", "4": "knife_0", "5": "fruit_0", "6": "bowl_0", "7": "glass_0"}, "obj_aabb": {"2": [[0.07663356921607865, -0.23833831043549564, 0.6200034355780034], [0.2686964441849059, -0.046362147477275795, 0.6585889658620107]], "3": [[0.08204399331352716, -0.3487048003230414, 0.6086014565830342], [0.28451247259920587, -0.30124856129143707, 0.6661089187773725]], "4": [[0.08760749080385066, 0.02374394187114178, 0.6229899963601374], [0.30069263088585635, 0.05258010707197248, 0.6352289022915344]], "5": [[-0.20980310611821856, 0.21026509185409809, 0.6031506720639153], [-0.10583496073353127, 0.3300073937218086, 0.7185906099470125]], "6": [[-0.3119529753553348, -0.4808766489657269, 0.621274142272876], [-0.1177987885651424, -0.2625260293026255, 0.6866533404123252]], "7": [[0.2502589043032188, 0.2941057504051798, 0.6208256284013098], [0.3452415482222246, 0.3847074489079971, 0.7900839114018363]]}, "sizes": {"2": "medium", "3": "medium", "4": "medium", "5": "medium", "6": "small", "7": "medium"}, "distances": {"(2, 3)": 0.08108783787539176, "(2, 4)": 0.07850237899301811, "(2, 5)": 0.3964211506999076, "(2, 6)": 0.27368109527380086, "(2, 7)": 0.36623385224196575, "(3, 2)": 0.08108783787539176, "(3, 4)": 0.3365899889115707, "(3, 5)": 0.5981840674054034, "(3, 6)": 0.2280454159926985, "(3, 7)": 0.6116825310704999, "(4, 2)": 0.07850237899301811, "(4, 3)": 0.3365899889115707, "(4, 5)": 0.3037421073605408, "(4, 6)": 0.41810591787766505, "(4, 7)": 0.2535003323209887, "(5, 2)": 0.3964211506999076, "(5, 3)": 0.5981840674054034, "(5, 4)": 0.3037421073605408, "(5, 6)": 0.5202515276208671, "(5, 7)": 0.38719241635236495, "(6, 2)": 0.27368109527380086, "(6, 3)": 0.2280454159926985, "(6, 4)": 0.41810591787766505, "(6, 5)": 0.5202515276208671, "(6, 7)": 0.7484851690510177, "(7, 2)": 0.36623385224196575, "(7, 3)": 0.6116825310704999, "(7, 4)": 0.2535003323209887, "(7, 5)": 0.38719241635236495, "(7, 6)": 0.7484851690510177}, "state": {"2": [[0.17265659086616758, -0.14208210472853386, 0.6394696691751715], [0.006943518085044365, -0.00545466213688809, 0.9999610163310233, -5.983479058849543e-06]], "3": [[0.18326081634640665, -0.325016607813016, 0.6371789298926066], [0.022055302192377443, 0.5918957672958962, 0.8051439627431709, -0.03026819387787151]], "4": [[0.19386738954222973, 0.03822116950961789, 0.6291501817644941], [-3.992892401001567e-10, 0.7071067924258914, 0.7071067699472036, -3.9851013931799884e-10]], "5": [[-0.1574892239163181, 0.2674868168323203, 0.6207220162106869], [-0.15972601504823689, 0.32503428950192187, 0.9249121679766387, -0.11566240656991969]], "6": [[-0.21482013262956998, -0.3717235228784131, 0.653956665127677], [0.0059898872585210485, -0.0008432179111850839, -0.825326085779382, 0.5646240008769275]], "7": [[0.2979279094634669, 0.3398325630749567, 0.7053244156061267], [0.4902522009690836, 0.48927829155553526, 0.5124183581016498, 0.507628761141324]]}, "pickable_objects": [2, 3, 4, 5, 6, 7], "scene_graph": {"left": [[2, 3], [4, 2], [7, 4]], "right": [[2, 4], [3, 2], [4, 7]], "front": [[6, 3]], "behind": [[3, 6]], "on": [], "under": [], "leftbehind": [[2, 6]], "leftfront": [], "rightbehind": [], "rightfront": [[6, 2]]}}