{"objects": {"2": "cup-teal_pattern_ikea", "3": "can-beer_delta", "4": "red_marker", "5": "stapler_2", "6": "glue_2"}, "semantic_label": {"2": "cup_0", "3": "can_drink_0", "4": "marker_0", "5": "stapler_0", "6": "glue_0"}, "obj_aabb": {"2": [[0.13834914146438587, -0.06704628969224756, 0.622217219829296], [0.24396432633885784, 0.06926764848741022, 0.7276072214959176]], "3": [[0.05022518313650458, -0.04429863548836531, 0.6224537743538935], [0.1284997524882966, 0.035977768718798125, 0.756709614352432]], "4": [[0.0935628216131661, -0.14154456716125363, 0.6207829151398444], [0.24591702079903105, -0.11706870642331109, 0.6476985026559076]], "5": [[0.08441076241063916, -0.30818882326338526, 0.6218972676380732], [0.12146988293488098, -0.18914678812119243, 0.6511514990018823]], "6": [[0.19041452377727486, -0.30264033974730975, 0.6196419141231274], [0.25694911332783626, -0.23327789929371046, 0.7925162535107172]]}, "sizes": {"2": "medium", "3": "medium", "4": "medium", "5": "medium", "6": "medium"}, "distances": {"(2, 3)": 0.015059257446493111, "(2, 4)": 0.05748968480427171, "(2, 5)": 0.14526412103203917, "(2, 6)": 0.17546163674392531, "(3, 2)": 0.015059257446493115, "(3, 4)": 0.07961517129036232, "(3, 5)": 0.15019895343016543, "(3, 6)": 0.22673070450070268, "(4, 2)": 0.05748968480427171, "(4, 3)": 0.07961517129036232, "(4, 5)": 0.052802690305935825, "(4, 6)": 0.09919063426500321, "(5, 2)": 0.14526412103203917, "(5, 3)": 0.15019895343016543, "(5, 4)": 0.052802690305935825, "(5, 6)": 0.08182218482515113, "(6, 2)": 0.17546163674392531, "(6, 3)": 0.22672962304124564, "(6, 4)": 0.09919063426500321, "(6, 5)": 0.08182218482515113}, "state": {"2": [[0.19122124329794468, 0.0011066683353214372, 0.6750540434291109], [0.4975273873699019, -0.4981034566375459, -0.5018747451696784, 0.5024750595437332]], "3": [[0.08905035675953882, -0.004288847526662388, 0.6896117107308838], [0.7102602043131738, 0.00029955062557749426, -0.00028341245201662864, 0.7039391110854782]], "4": [[0.1697422697238293, -0.12929594182167042, 0.6341337024828463], [-0.008584837847810504, 0.0014171875534421782, 0.9999619911669797, 0.0005553016607062084]], "5": [[0.10290206771031411, -0.24866496419002637, 0.6366130203818559], [-0.0006548264013626966, 0.006825530374123815, -0.7081263115517145, 0.706052484044678]], "6": [[0.22350809131490268, -0.2677862305086432, 0.70342154675705], [-0.021007891158741108, 0.03486800948886683, -0.707666682047809, 0.7053727791336946]]}, "pickable_objects": [2, 3, 4, 5, 6], "scene_graph": {"left": [[2, 4], [3, 4], [4, 5], [4, 6]], "right": [[4, 2], [4, 3], [5, 4], [6, 4]], "front": [[3, 2], [5, 6]], "behind": [[2, 3], [6, 5]], "on": [], "under": [], "leftbehind": [[2, 5]], "leftfront": [], "rightbehind": [], "rightfront": [[5, 2]]}}