{"objects": {"2": "cup-yellow_white_border", "3": "can-redbull", "4": "red_marker", "5": "stapler_2", "6": "glue_1"}, "semantic_label": {"2": "cup_0", "3": "can_drink_0", "4": "marker_0", "5": "stapler_0", "6": "glue_0"}, "obj_aabb": {"2": [[0.20214906308031286, 0.14210190808466164, 0.6227891479382385], [0.3090240410377004, 0.2860135803663063, 0.7621519039404935]], "3": [[-0.10839849352434455, 0.2634644009663034, 0.6213788651107857], [-0.029601928848394056, 0.33604553324072406, 0.7660613550336144]], "4": [[0.1573327939428319, 0.06666199707350712, 0.6207950874175779], [0.3096878044674535, 0.09113696636386939, 0.6477157149189204]], "5": [[0.0069092198797044285, -0.23887833533549538, 0.6220510958311373], [0.12679511574090857, -0.14437707215055798, 0.6510644005183407]], "6": [[-0.01277778021314347, 0.32645565119352965, 0.6163161139635995], [0.07028896565205245, 0.42270098942642614, 0.7646492756862526]]}, "sizes": {"2": "medium", "3": "medium", "4": "medium", "5": "medium", "6": "medium"}, "distances": {"(2, 3)": 0.26095679421347884, "(2, 4)": 0.06498949086579792, "(2, 5)": 0.33364683093900804, "(2, 6)": 0.22071929526120132, "(3, 2)": 0.26095679421347884, "(3, 4)": 0.28524320701515876, "(3, 5)": 0.45375087152656635, "(3, 6)": 0.065482820787453, "(4, 2)": 0.06498949086579792, "(4, 3)": 0.28524320701515876, "(4, 5)": 0.22787432230839083, "(4, 6)": 0.29182218561081946, "(5, 2)": 0.33364683093900804, "(5, 3)": 0.45375087152656635, "(5, 4)": 0.22787432230839083, "(5, 6)": 0.5024013457536997, "(6, 2)": 0.22071929526120132, "(6, 3)": 0.065482820787453, "(6, 4)": 0.29182218561081946, "(6, 5)": 0.5024013457536997}, "state": {"2": [[0.25576730951499926, 0.2140892207940889, 0.6923973039646865], [-0.5006333185769092, 0.5006644205337848, 0.4993346734476941, -0.4993659001525085]], "3": [[-0.06904180360837274, 0.2998515021903799, 0.6936672962483067], [0.5609429850035125, 0.4498530839661513, 0.43506753962072103, 0.5419330275872326]], "4": [[0.23351265184582912, 0.07891018026659996, 0.6341483952013884], [-0.008604149870622068, 0.0014004695957755618, 0.9999618489545388, 0.0005549102046833563]], "5": [[0.06683376872606375, -0.19159348474740084, 0.6366461709040716], [-0.0033164420596221286, -0.003590681017759303, 0.9604270348486236, -0.2784888129777832]], "6": [[0.028688565632446095, 0.3747130674804072, 0.6904922831011195], [0.05614944123661926, -0.011897492693815435, -0.3096200923506034, 0.9491264870022436]]}, "pickable_objects": [2, 3, 4, 5, 6], "scene_graph": {"left": [[2, 4]], "right": [[4, 2]], "front": [[3, 6], [3, 2]], "behind": [[2, 3], [6, 3]], "on": [], "under": [], "leftbehind": [[4, 5]], "leftfront": [[3, 4], [6, 2], [6, 4]], "rightbehind": [[2, 6], [4, 3], [4, 6]], "rightfront": [[5, 4]]}}