{"objects": {"2": "bottle-avene_skincare", "3": "tube-wipp", "4": "soap_dish", "5": "soap"}, "semantic_label": {"2": "shampoo_0", "3": "cleanser_0", "4": "soap_dish_0", "5": "soap_0"}, "obj_aabb": {"2": [[-0.18097198018720242, -0.15586316711562656, 0.622313879387839], [-0.10505226375807361, -0.07994111453874586, 0.8540215120849791]], "3": [[-0.16797707913711366, 0.017076813506933484, 0.6222578489838574], [-0.11234316806493219, 0.10076024727968713, 0.808131133387667]], "4": [[-0.081260799976989, -0.10970173740307634, 0.6229200837956582], [0.07884362215322575, 0.05044282816701621, 0.6720131443730081]], "5": [[-0.036560611371853194, -0.08652035447248713, 0.6258888470433192], [0.03295960581539241, 0.02693615448001264, 0.6796493858310512]]}, "sizes": {"2": "medium", "3": "medium", "4": "medium", "5": "medium"}, "distances": {"(2, 3)": 0.1034513947241114, "(2, 4)": 0.0532325126164545, "(2, 5)": 0.08587880111133489, "(3, 2)": 0.1034513947241114, "(3, 4)": 0.06117286523737299, "(3, 5)": 0.09253722403941363, "(4, 2)": 0.0532325126164545, "(4, 3)": 0.06117286523737299, "(4, 5)": -3.321035561623534e-05, "(5, 2)": 0.08587880111133489, "(5, 3)": 0.09253722403941363, "(5, 4)": -3.321035561623534e-05}, "state": {"2": [[-0.14313445446667056, -0.11788293970967799, 0.7386336553088838], [0.7043624192153753, -0.0031927014687543873, 0.0031949659345224648, 0.7098261626955381]], "3": [[-0.14032799060706014, 0.05893765349395574, 0.715264258699396], [0.7095697409097675, 0.003100142085285279, -0.003129269381800409, 0.7046214441651862]], "4": [[-0.000978130432253095, -0.029622638867910486, 0.647331863426516], [-0.0002880503019959229, 0.0002742099132938513, 0.7067634509856588, 0.7074498329823743]], "5": [[-0.0020329546106061932, -0.029792711826977413, 0.6530753109913933], [0.024283745464490362, 0.007828962001280653, 0.7142442741407137, 0.6994312860584687]]}, "pickable_objects": [2, 3, 5], "scene_graph": {"left": [[3, 2]], "right": [[2, 3]], "front": [[2, 4], [2, 5], [3, 4], [3, 5]], "behind": [[4, 2], [5, 2], [4, 3], [5, 3]], "on": [[4, 5]], "under": [[5, 4]], "leftbehind": [], "leftfront": [], "rightbehind": [], "rightfront": []}}