{"objects": {"2": "cup-red_heart", "3": "can-beer_delta", "4": "black_marker", "5": "stapler_1", "6": "glue_1"}, "semantic_label": {"2": "cup_0", "3": "can_drink_0", "4": "marker_0", "5": "stapler_0", "6": "glue_0"}, "obj_aabb": {"2": [[0.12094782548266261, 0.1294391717179807, 0.6226831424634589], [0.22990610351904076, 0.2729094903891539, 0.7190052551758495]], "3": [[0.027055371293203505, 0.15550846439844115, 0.6224619192329433], [0.1053234881723484, 0.23576748617507207, 0.7567055834676011]], "4": [[0.07653300789689467, 0.047197211100441824, 0.6209952110418037], [0.22808546598015117, 0.07270510699291433, 0.6470528630315583]], "5": [[0.05608598066610956, -0.42239175902818077, 0.6218061424046157], [0.14268401617883392, -0.3327221365512711, 0.6821182374932271]], "6": [[0.191648002282884, -0.12894930268653396, 0.6161941326556696], [0.23287611006831757, -0.0388467347321258, 0.7647772330943682]]}, "sizes": {"2": "medium", "3": "medium", "4": "medium", "5": "medium", "6": "medium"}, "distances": {"(2, 3)": 0.020395166931890134, "(2, 4)": 0.07090575712697975, "(2, 5)": 0.47893868876290757, "(2, 6)": 0.18985911292933158, "(3, 2)": 0.020395166931890134, "(3, 4)": 0.09134269627604072, "(3, 5)": 0.49743918811869836, "(3, 6)": 0.24901213068932354, "(4, 2)": 0.07090575712697975, "(4, 3)": 0.09134269627604072, "(4, 5)": 0.3889791878659029, "(4, 6)": 0.10738957814720757, "(5, 2)": 0.47893868876290757, "(5, 3)": 0.49743918811869847, "(5, 4)": 0.3889791878659029, "(5, 6)": 0.24473296344486273, "(6, 2)": 0.18985911292933158, "(6, 3)": 0.24901213068932354, "(6, 4)": 0.10738957814720757, "(6, 5)": 0.24473296344486273}, "state": {"2": [[0.17541442872005844, 0.2012827618220309, 0.6709070955680346], [0.499817805153258, -0.49896960786847483, -0.5010346718351608, 0.5001757188172902]], "3": [[0.06587731453586992, 0.19550957189204177, 0.689613770613595], [0.7102189467570639, 0.00027758686816554615, -0.00027773451522617126, 0.7039807479443998]], "4": [[0.1523018889634944, 0.05986449858740088, 0.6340731921830814], [0.043888391983496935, 0.00420015783481979, 0.001220331451254818, 0.9990268657620848]], "5": [[0.09923622935360747, -0.3777066904507811, 0.6518427414420349], [-0.005266533017165305, -0.009922340709224698, -0.40529875989487996, 0.914115269543454]], "6": [[0.21239531168446646, -0.08396793084648016, 0.6904955128194714], [-0.005600826502476591, 0.059511283068991706, 0.9982089804996293, 0.002422639028474135]]}, "pickable_objects": [2, 3, 4, 5, 6], "scene_graph": {"left": [[2, 4], [3, 4], [4, 6]], "right": [[4, 2], [4, 3], [6, 4]], "front": [[3, 2]], "behind": [[2, 3]], "on": [], "under": [], "leftbehind": [[6, 5]], "leftfront": [[3, 6]], "rightbehind": [[6, 3]], "rightfront": [[5, 6]]}}