{"objects": {"2": "bottle-baby_cleansing_water", "3": "tube-shoe_polish", "4": "soap_dish", "5": "soap"}, "semantic_label": {"2": "shampoo_0", "3": "cleanser_0", "4": "soap_dish_0", "5": "soap_0"}, "obj_aabb": {"2": [[0.1998384356485508, -0.2692591356204438, 0.6225590287201138], [0.2818497899071368, -0.1878629504654122, 0.7858547565627622]], "3": [[0.08261173401530086, 0.18378792287104162, 0.6226760733781246], [0.13936704006629064, 0.2544383459243538, 0.7878371828527116]], "4": [[-0.21822006727214133, 0.027646970713864197, 0.6229804472936042], [-0.05820032160176024, 0.18767386874737524, 0.6719615671808916]], "5": [[-0.17282730110481279, 0.05081371661487044, 0.6257521569557807], [-0.10360613551158013, 0.16391506191363364, 0.6797227203442171]]}, "sizes": {"2": "medium", "3": "medium", "4": "medium", "5": "medium"}, "distances": {"(2, 3)": 0.40778386440447856, "(2, 4)": 0.39547562145865284, "(2, 5)": 0.423416975253215, "(3, 2)": 0.40778386440447856, "(3, 4)": 0.1757766705329131, "(3, 5)": 0.21365321676702295, "(4, 2)": 0.39547562145865284, "(4, 3)": 0.17577667053291307, "(4, 5)": -1.8209094870194533e-05, "(5, 2)": 0.423416975253215, "(5, 3)": 0.21365321676702292, "(5, 4)": -1.8209094870198436e-05}, "state": {"2": [[0.2409563110711891, -0.22876832872981048, 0.7039759207240202], [0.5389607868881825, 0.45416913824810895, 0.45624342383949607, 0.5432251855934653]], "3": [[0.11121369492227896, 0.2192270566050914, 0.7053967866867892], [-0.1007234345597092, 0.7011759149841171, 0.6980709917334615, -0.10442229875339673]], "4": [[-0.13797974127130083, 0.10766744928803093, 0.6473362584753648], [-4.0708858661388056e-05, 3.573260054928282e-05, 0.7069495514672879, 0.7072639738783325]], "5": [[-0.13844749502136355, 0.10736529144611243, 0.6530448969861457], [0.025790610917387557, 0.010149560419928006, 0.7124921812366533, 0.7011324571637132]]}, "pickable_objects": [2, 3, 5], "scene_graph": {"left": [], "right": [], "front": [[4, 3]], "behind": [[3, 4]], "on": [[4, 5]], "under": [[5, 4]], "leftbehind": [[3, 5]], "leftfront": [], "rightbehind": [], "rightfront": [[5, 3]]}}