{"objects": {"2": "soap_dish", "3": "soap", "4": "bottle-avene_skincare", "5": "tube-wasabi"}, "semantic_label": {"2": "soap_dish_0", "3": "soap_0", "4": "shampoo_0", "5": "cleanser_0"}, "obj_aabb": {"2": [[-0.20902228201249962, -0.39550539073959845, 0.6229818086240784], [-0.0061405346211580725, -0.192620136552582, 0.6719595311933881]], "3": [[0.03397040121546274, 0.008263923123027164, 0.6218136476724714], [0.1599742311059119, 0.13390227801582816, 0.6727673177246163]], "4": [[-0.11976391743998979, -0.11947695058408078, 0.6223353057949285], [-0.035378437737061376, -0.03470066285247631, 0.8539999219993178]], "5": [[-0.012279271997875709, 0.14725696637420627, 0.6229899999999984], [0.018015438720227046, 0.18865380307226465, 0.7719748968982694]]}, "sizes": {"2": "medium", "3": "medium", "4": "medium", "5": "medium"}, "distances": {"(2, 3)": 0.2846331527704427, "(2, 4)": 0.10675112498293984, "(2, 5)": 0.38304662302322867, "(3, 2)": 0.2846331527704427, "(3, 4)": 0.14000541169028735, "(3, 5)": 0.09113493281034457, "(4, 2)": 0.10675112498293984, "(4, 3)": 0.14000541169028735, "(4, 5)": 0.20535856527345353, "(5, 2)": 0.38304662302322867, "(5, 3)": 0.09113493281034457, "(5, 4)": 0.20535856527345353}, "state": {"2": [[-0.10736089907669813, -0.2941300774141755, 0.647335911470379], [3.1955870368172996e-05, -1.0300825758514297e-05, 0.5824513600798884, 0.8128655559277952]], "3": [[0.09714404017367705, 0.07089136250950821, 0.6475760290406312], [0.006207592224385806, -0.01813294347119575, 0.9252622566145708, -0.3788435279166824]], "4": [[-0.0774523137548863, -0.0771230664586521, 0.7386336073567691], [0.047538218022214335, 0.7028980849393527, 0.7084773157259319, 0.04164484503082557]], "5": [[0.0028028791394203974, 0.16788516672639975, 0.6974733959937086], [0.7071067811865505, -3.3726084510849886e-14, -1.0745023099988314e-14, 0.7071067811865446]]}, "pickable_objects": [2, 3, 4, 5], "scene_graph": {"left": [[4, 2]], "right": [[2, 4]], "front": [], "behind": [], "on": [], "under": [], "leftbehind": [[3, 4], [3, 2], [5, 4]], "leftfront": [[5, 3]], "rightbehind": [[3, 5]], "rightfront": [[2, 3], [4, 3], [4, 5]]}}