{"objects": {"2": "cup-stanford", "3": "can-hoegaarden", "4": "black_marker", "5": "glue_1", "6": "stapler_2"}, "semantic_label": {"2": "cup_0", "3": "can_drink_0", "4": "marker_0", "5": "glue_0", "6": "stapler_0"}, "obj_aabb": {"2": [[0.02805433099761149, -0.16938259258323204, 0.6221041471067406], [0.12268008306672398, -0.03150116220098814, 0.7343406949698876]], "3": [[-0.10476179950635878, -0.13087277440942574, 0.6217228102676184], [-0.025389321209963935, -0.0497328313250246, 0.757011027938721]], "4": [[0.004926138798570998, 0.03483820698788191, 0.6209958381061319], [0.15651864306936036, 0.06060986673886132, 0.6470578897444527]], "5": [[0.08510201695327684, -0.19392753893090428, 0.616231195796969], [0.17925917282766585, -0.1413248986100872, 0.7647038349669498]], "6": [[-0.01953898036082205, -0.038267861939608905, 0.6218590077201968], [0.10325001987347433, 0.014647308452871146, 0.6512367194317273]]}, "sizes": {"2": "medium", "3": "medium", "4": "medium", "5": "medium", "6": "medium"}, "distances": {"(2, 3)": 0.05856115061041991, "(2, 4)": 0.07320183811921954, "(2, 5)": 0.020098505258763687, "(2, 6)": 0.010697578767340623, "(3, 2)": 0.05856115061041991, "(3, 4)": 0.11268311868324644, "(3, 5)": 0.14495911826428973, "(3, 6)": 0.04309849369435464, "(4, 2)": 0.07320183811921954, "(4, 3)": 0.11268311868324647, "(4, 5)": 0.18660608080672897, "(4, 6)": 0.027619354747491727, "(5, 2)": 0.020098505258763687, "(5, 3)": 0.14495911826428973, "(5, 4)": 0.18660608080672897, "(5, 6)": 0.13325054476863327, "(6, 2)": 0.010697578767340624, "(6, 3)": 0.043092921640275776, "(6, 4)": 0.027619354747491727, "(6, 5)": 0.13325054476863327}, "state": {"2": [[0.07563762377168574, -0.1006684698832977, 0.6782469631350817], [0.49879298514173787, 0.5028242820117236, 0.49716438268916996, 0.5011994373281812]], "3": [[-0.06524206039929377, -0.09042910496646013, 0.689425517329203], [0.7018357609965971, 0.0025186121632006795, -0.0025631932226790346, 0.7123297348978226]], "4": [[0.08071518530038507, 0.04763733764067667, 0.6340759717656602], [0.04415559453513386, 0.004214208471327139, 0.002055307819964296, 0.9990136633840271]], "5": [[0.13223091502870524, -0.16748438307765406, 0.6904771010637897], [0.04780394200825849, -0.034854496881396066, -0.6557155195796309, 0.7526865911905368]], "6": [[0.04185294589595098, -0.011772274626928035, 0.6366366175021514], [-0.003926538045111132, -0.007114347592092998, 0.9975504940488157, -0.06947647213469482]]}, "pickable_objects": [2, 3, 4, 5, 6], "scene_graph": {"left": [[4, 6], [6, 2], [6, 3], [6, 5]], "right": [[2, 6], [3, 6], [5, 6], [6, 4]], "front": [[3, 2]], "behind": [[2, 3]], "on": [], "under": [], "leftbehind": [[4, 3]], "leftfront": [[2, 5], [3, 5]], "rightbehind": [[5, 2], [5, 3]], "rightfront": [[3, 4]]}}