{"objects": {"2": "cup-stanford", "3": "can-beer_delta", "4": "small_marker", "5": "glue_2", "6": "stapler_2"}, "semantic_label": {"2": "cup_0", "3": "can_drink_0", "4": "marker_0", "5": "glue_0", "6": "stapler_0"}, "obj_aabb": {"2": [[0.20339843897001159, -0.315943955817374, 0.6221036501172625], [0.2980228427023783, -0.17806266643712632, 0.7343388873540162]], "3": [[-0.21880484140631737, 0.006694083697104974, 0.6224620658838537], [-0.10689534850441043, 0.11863030766591467, 0.7567059104122297]], "4": [[0.17788719231759886, -0.10886247517263598, 0.6222451610433535], [0.3344231520302168, -0.088671785957713, 0.6433390995028072]], "5": [[-0.14343963630150094, -0.08690681048256856, 0.6204873566803711], [-0.06968239164906023, -0.015361665961033374, 0.7919697034981906]], "6": [[0.2584831057109643, 0.06455771464065055, 0.6219218837567467], [0.295559109655318, 0.18359975243884316, 0.6511587912181404]]}, "sizes": {"2": "medium", "3": "medium", "4": "medium", "5": "medium", "6": "medium"}, "distances": {"(2, 3)": 0.4212908796378459, "(2, 4)": 0.07467211663797135, "(2, 5)": 0.32151093903205846, "(2, 6)": 0.2485958085152919, "(3, 2)": 0.4212908796378459, "(3, 4)": 0.3397170816019222, "(3, 5)": 0.07190131735994479, "(3, 6)": 0.38622098531119253, "(4, 2)": 0.07467211663797137, "(4, 3)": 0.3397170816019222, "(4, 5)": 0.2591031629112559, "(4, 6)": 0.15821772535586714, "(5, 2)": 0.32151093903205846, "(5, 3)": 0.07190131735994477, "(5, 4)": 0.2591031629112559, "(5, 6)": 0.35860967038065394, "(6, 2)": 0.2485958085152919, "(6, 3)": 0.38622098531119253, "(6, 4)": 0.1582177253558671, "(6, 5)": 0.35860967038065394}, "state": {"2": [[0.25098105704958185, -0.24722990399013753, 0.6782458131976193], [0.4987912008635214, 0.5028207541673159, 0.49716732026236893, 0.5012018383674112]], "3": [[-0.1625443553713174, 0.06251927589508238, 0.6896140168922552], [0.2852982080851803, 0.6503891186545148, 0.6444606892822288, 0.28331845469200084]], "4": [[0.2561451447479466, -0.09886535246250476, 0.6326375099583071], [0.0006980922009533365, 0.003544913176639509, -0.0006575449293153471, 0.9999932569235229]], "5": [[-0.1067103177842844, -0.05126199012380403, 0.7035669585962954], [-0.03365973989892793, 0.004408598459261787, -0.05797429407865079, 0.9977407315508592]], "6": [[0.2769828600819767, 0.12408159483683577, 0.6366289770892555], [-0.0007424028912963932, 0.006793306503818506, -0.7081705092697093, 0.7060083778719436]]}, "pickable_objects": [2, 3, 4, 5, 6], "scene_graph": {"left": [[3, 5], [4, 2], [6, 4]], "right": [[2, 4], [4, 6], [5, 3]], "front": [[5, 4]], "behind": [[4, 5]], "on": [], "under": [], "leftbehind": [], "leftfront": [], "rightbehind": [], "rightfront": []}}