{"objects": {"2": "plate", "3": "cutlery-fork_1_new", "4": "cutlery-knife_3_new", "5": "plastic_lemon", "6": "doraemon_bowl", "7": "glass-new_8"}, "semantic_label": {"2": "plate_0", "3": "fork_0", "4": "knife_0", "5": "fruit_0", "6": "bowl_0", "7": "glass_0"}, "obj_aabb": {"2": [[0.044189500983292704, -0.2864356824712966, 0.6229885194552428], [0.25907129550730806, -0.07028035825531306, 0.6519164667796867]], "3": [[0.07488041337911036, -0.39505257518059733, 0.6183152779696016], [0.2707604169754644, -0.3626320525333172, 0.6482696178993496]], "4": [[0.07496183496006102, 0.005984411794276397, 0.6209735903090781], [0.29426396651401343, 0.03238736650970887, 0.6348867973092458]], "5": [[0.12359231774144797, -0.22205751933813142, 0.6080634498720079], [0.2137115239316214, -0.12094579146157455, 0.7157336012015905]], "6": [[-0.10817649250272186, -0.27469408790321015, 0.6212826943477908], [0.029758729667386394, -0.09365704115113256, 0.6866423237237499]], "7": [[0.12391754389147058, 0.11915710182121025, 0.6219697916753114], [0.1929238664893841, 0.1864204969758787, 0.8329645897738728]]}, "sizes": {"2": "medium", "3": "medium", "4": "medium", "5": "medium", "6": "small", "7": "medium"}, "distances": {"(2, 3)": 0.08436367674979303, "(2, 4)": 0.08317238699088368, "(2, 5)": -3.399628330931189e-05, "(2, 6)": 0.02601286490006128, "(2, 7)": 0.20009417943262447, "(3, 2)": 0.08436367674979303, "(3, 4)": 0.37319594403822404, "(3, 5)": 0.1676647953328328, "(3, 6)": 0.1378013316447223, "(3, 7)": 0.49354271400261407, "(4, 2)": 0.08317238699088368, "(4, 3)": 0.37319594403822404, "(4, 5)": 0.15240332412575772, "(4, 6)": 0.15624303062746925, "(4, 7)": 0.09873723866568013, "(5, 2)": -3.3996283309311454e-05, "(5, 3)": 0.1676647953328328, "(5, 4)": 0.15240332412575772, "(5, 6)": 0.11011029142201048, "(5, 7)": 0.2674849592097894, "(6, 2)": 0.02601286490006128, "(6, 3)": 0.1378013316447223, "(6, 4)": 0.15624303062746925, "(6, 5)": 0.11011029142201048, "(6, 7)": 0.28561350009549663, "(7, 2)": 0.20009417943262447, "(7, 3)": 0.49354271400261407, "(7, 4)": 0.09873723866568013, "(7, 5)": 0.2674849592097894, "(7, 6)": 0.28561350009549663}, "state": {"2": [[0.16118314002641979, -0.17837085833737493, 0.6291136289744486], [-2.097516430950828e-06, 3.3514361974833633e-06, 4.4648082024643975e-09, 0.9999999999921841]], "3": [[0.1728052920246624, -0.37882539472029475, 0.6332303524689312], [0.010160214656287298, 0.7126610656475774, 0.7013623012041377, -0.010094453815538425]], "4": [[0.18442434739365404, 0.01918080044880145, 0.6280154540496833], [-0.004222466358051553, 0.6979618960551622, 0.716109954152924, 0.0042303659457977325]], "5": [[0.17156687556439693, -0.17556759079457726, 0.6226756376105129], [0.27882899753417495, 0.12794389009950213, 0.014951051935118273, 0.951662344093916]], "6": [[-0.03926887990023279, -0.18417508994016657, 0.6539554283540885], [-0.00028358069286828506, 0.0059978928941614275, 0.707091104256606, 0.7070969630425479]], "7": [[0.15828201423749164, 0.15279950008636484, 0.7276129293847747], [0.7097398157600713, 0.005813857001332683, -0.005853512886902806, 0.704415594218719]]}, "pickable_objects": [3, 4, 5, 6, 7], "scene_graph": {"left": [[4, 2], [4, 5], [7, 4], [2, 3], [5, 3]], "right": [[3, 2], [3, 5], [4, 7], [2, 4], [5, 4]], "front": [[6, 2], [6, 5]], "behind": [[2, 6], [5, 6]], "on": [[2, 5]], "under": [[5, 2]], "leftbehind": [], "leftfront": [[6, 3]], "rightbehind": [[3, 6]], "rightfront": []}}