{"objects": {"2": "soap_dish", "3": "soap", "4": "bottle-avene_skincare", "5": "tube-shoe_polish"}, "semantic_label": {"2": "soap_dish_0", "3": "soap_0", "4": "shampoo_0", "5": "cleanser_0"}, "obj_aabb": {"2": [[-0.15784894176853004, -0.13333799991937081, 0.6229491812740551], [0.0022194432709125023, 0.026725304714449304, 0.6719841946927432]], "3": [[-0.1055908126451677, -0.10905654269662221, 0.6253348789028943], [-0.03883273337670817, 0.00449827661439111, 0.6805568068718346]], "4": [[-0.1613925830511513, -0.3125653564099088, 0.6223263360204985], [-0.0730904602701947, -0.22496242343083428, 0.8540119357006848]], "5": [[-0.10675131534981112, 0.1625508864846737, 0.6226768149256988], [-0.06555075745456047, 0.22395719840729283, 0.7878368324597934]]}, "sizes": {"2": "medium", "3": "medium", "4": "medium", "5": "medium"}, "distances": {"(2, 3)": -1.1847212006080386e-05, "(2, 4)": 0.10581285777375406, "(2, 5)": 0.15007637807030572, "(3, 2)": -1.1847212006076916e-05, "(3, 4)": 0.13111575551856772, "(3, 5)": 0.1739586371571643, "(4, 2)": 0.10581285777375406, "(4, 3)": 0.13111575551856772, "(4, 5)": 0.39978027694389306, "(5, 2)": 0.15007637807030572, "(5, 3)": 0.1739586371571643, "(5, 4)": 0.39978027694389306}, "state": {"2": [[-0.07758434544210967, -0.05329906958080863, 0.6473318680244764], [5.263271172934177e-05, 0.0001598669439424238, 0.7073397461128019, 0.7068737194445942]], "3": [[-0.07245025361511628, -0.05228333935527245, 0.6532473369040387], [0.026144337441603483, -0.00829196736939129, 0.7084042510101018, 0.7052738007665541]], "4": [[-0.1173652024122026, -0.26876707390349375, 0.7386351242500856], [0.7017839021081322, 0.06064518909744299, 0.0673390447641884, 0.7066024121324986]], "5": [[-0.08639860576752224, 0.19320930510367726, 0.7053969832436587], [0.70836420021851, -0.00205438788159461, 0.002055208308986776, 0.7058411403836059]]}, "pickable_objects": [3, 4, 5], "scene_graph": {"left": [[2, 4], [3, 4], [5, 2], [5, 3]], "right": [[4, 2], [4, 3], [2, 5], [3, 5]], "front": [], "behind": [], "on": [[2, 3]], "under": [[3, 2]], "leftbehind": [], "leftfront": [], "rightbehind": [], "rightfront": []}}