{"objects": {"2": "soap_dish", "3": "soap", "4": "bottle-baby_cleansing_water", "5": "tube-shampoo_yellow"}, "semantic_label": {"2": "soap_dish_0", "3": "soap_0", "4": "shampoo_0", "5": "cleanser_0"}, "obj_aabb": {"2": [[-0.305483368435724, 0.12541231180465195, 0.6229899490083286], [-0.07945357000498449, 0.35144224819698394, 0.6719528165805999]], "3": [[0.057362006518274264, -0.24684579828057435, 0.6197268244696884], [0.17385498554507806, -0.11700956525787314, 0.6747810381552569]], "4": [[0.12812683090018517, 0.24755261909821585, 0.6225604386399473], [0.22080079705075678, 0.3399657193783518, 0.7858536101022]], "5": [[0.07104729031544132, 0.20492740455060732, 0.6222539222423639], [0.12754299978850883, 0.2877689307352573, 0.8313881490168357]]}, "sizes": {"2": "medium", "3": "medium", "4": "medium", "5": "medium"}, "distances": {"(2, 3)": 0.3888596682957811, "(2, 4)": 0.259319199574555, "(2, 5)": 0.1896151367393077, "(3, 2)": 0.3888596682957811, "(3, 4)": 0.39231944028131466, "(3, 5)": 0.34794615990929656, "(4, 2)": 0.259319199574555, "(4, 3)": 0.39231944028131466, "(4, 5)": 0.029076842570844245, "(5, 2)": 0.1896151367393077, "(5, 3)": 0.34794615990929656, "(5, 4)": 0.02908996425775426}, "state": {"2": [[-0.19263281230556847, 0.2382655728270145, 0.6473366332291689], [-2.6193371773654713e-07, -3.4958880623516224e-07, -0.40066475110605754, 0.9162247307407339]], "3": [[0.1154084919887845, -0.18205726571083525, 0.6475555862786871], [0.026730420705980657, 2.3015074884655475e-06, 0.875655578727757, 0.48219580260153777]], "4": [[0.17452621707870106, 0.29353188400050545, 0.7039760457723964], [0.5871685008039033, 0.3898497922039701, 0.3914440518097252, 0.5916264408264758]], "5": [[0.09932069590171709, 0.24646797343926893, 0.7269187974327306], [0.7077958556485192, -0.005287320486927771, 0.0053486024728900535, 0.7063769980827773]]}, "pickable_objects": [2, 3, 4, 5], "scene_graph": {"left": [], "right": [], "front": [[2, 5], [2, 4]], "behind": [[4, 2], [5, 2]], "on": [], "under": [], "leftbehind": [[4, 5]], "leftfront": [], "rightbehind": [], "rightfront": [[5, 4]]}}