{"objects": {"2": "round_plate_3", "3": "cutlery-fork_2_new", "4": "cutlery-knife_2_new", "5": "plastic_apple", "6": "yellow_bowl", "7": "glass-new_3"}, "semantic_label": {"2": "plate_0", "3": "fork_0", "4": "knife_0", "5": "fruit_0", "6": "bowl_0", "7": "glass_0"}, "obj_aabb": {"2": [[0.16194837809515394, -0.023941104530250917, 0.6199805697437554], [0.35401309603187736, 0.16804222036730268, 0.6586165083405368]], "3": [[0.17404175624474644, -0.10688159048074972, 0.6177845419761632], [0.3602670712845936, -0.07540763233987594, 0.6492185038306444]], "4": [[0.17049443289495003, 0.22058731428820408, 0.6229899941024964], [0.38375624111163686, 0.24658600906803527, 0.6338385309276485]], "5": [[0.22286623304026226, 0.032670385540121916, 0.6350688219104249], [0.30585926282059656, 0.1153985221707792, 0.7145447774332446]], "6": [[0.026356708100715262, 1.827004673105037e-07, 0.6229410280446276], [0.16263349848576392, 0.13527961198965538, 0.6827552821219752]], "7": [[0.20650694737458827, 0.2932162477174727, 0.6228092629879386], [0.30424033194244204, 0.39138769882846347, 0.8455285844671737]]}, "sizes": {"2": "medium", "3": "medium", "4": "medium", "5": "medium", "6": "small", "7": "medium"}, "distances": {"(2, 3)": 0.06386412784487672, "(2, 4)": 0.06098652299140035, "(2, 5)": -3.6728068641889676e-05, "(2, 6)": 0.010090963658634183, "(2, 7)": 0.14119664680577107, "(3, 2)": 0.06386412784487672, "(3, 4)": 0.3001914751079952, "(3, 5)": 0.1253835591707339, "(3, 6)": 0.10848838417160603, "(3, 7)": 0.3846227342416763, "(4, 2)": 0.06098652299140035, "(4, 3)": 0.3001914751079952, "(4, 5)": 0.11988226656405603, "(4, 6)": 0.11801271736982161, "(4, 7)": 0.06245237468513391, "(5, 2)": -3.6728068641889676e-05, "(5, 3)": 0.1253835591707339, "(5, 4)": 0.11988226656405603, "(5, 6)": 0.06457170719817198, "(5, 7)": 0.19815472581584304, "(6, 2)": 0.010090963658634182, "(6, 3)": 0.10848838417160603, "(6, 4)": 0.11801271736982161, "(6, 5)": 0.06457170719817198, "(6, 7)": 0.22026446638649064, "(7, 2)": 0.14120059600632032, "(7, 3)": 0.3846227342416763, "(7, 4)": 0.062447855618798245, "(7, 5)": 0.198154725815843, "(7, 6)": 0.22026446638649064}, "state": {"2": [[0.257972330990804, 0.0723186462165063, 0.6394720634934294], [0.006971811528733828, -0.005558198820676297, 0.9999602493227475, -6.6533046094814616e-06]], "3": [[0.267446638051954, -0.0911485010443002, 0.6334562736770567], [0.013079038985338512, 0.7064822289631395, 0.7074773619211165, -0.013696031090496033]], "4": [[0.27692342999440683, 0.23342562063819203, 0.628360665017182], [-1.8411808860321315e-13, 0.7071067808880207, 0.7071067814850743, 2.282841230665518e-12]], "5": [[0.26365511396012403, 0.07756189383220291, 0.6392720690604298], [0.00044075515223522305, -0.002122444807743782, -7.474123618154533e-05, 0.9999976476855741]], "6": [[0.09449456488212683, 0.06759345112391325, 0.6528325163918042], [-0.00022764294872999337, -8.719224897091931e-05, -4.763817796897344e-08, 0.9999999702880983]], "7": [[0.25560028152009384, 0.34240531920603934, 0.7341879100552848], [0.7064526830129696, -0.0001901518469600687, 0.0001921429610160816, 0.7077602232303921]]}, "pickable_objects": [3, 4, 5, 6, 7], "scene_graph": {"left": [[4, 2], [4, 6], [7, 4], [7, 5], [2, 3]], "right": [[3, 2], [4, 7], [2, 4], [6, 4], [5, 7]], "front": [[6, 2], [6, 5]], "behind": [[2, 6], [5, 6]], "on": [[2, 5]], "under": [[5, 2]], "leftbehind": [], "leftfront": [[6, 3]], "rightbehind": [[3, 6]], "rightfront": []}}