{"objects": {"2": "bottle-avene_skincare", "3": "tube-perfax", "4": "soap_dish", "5": "soap"}, "semantic_label": {"2": "shampoo_0", "3": "cleanser_0", "4": "soap_dish_0", "5": "soap_0"}, "obj_aabb": {"2": [[-0.18097242659451143, -0.15586311273878614, 0.6223137849087043], [-0.10505202612356387, -0.07994102585685656, 0.854021641329881]], "3": [[-0.15822379542577752, 0.03264322039115631, 0.6229899896244493], [-0.12238083198356337, 0.0852072201185404, 0.7803922246555814]], "4": [[-0.08128368510786416, -0.10969069858879305, 0.6229519887302362], [0.07880555735554354, 0.050403169238061735, 0.6719832190284862]], "5": [[-0.036481869946169615, -0.08664758131393774, 0.6257587187290943], [0.033212276697852164, 0.02689863082733175, 0.679725672253414]]}, "sizes": {"2": "medium", "3": "medium", "4": "medium", "5": "medium"}, "distances": {"(2, 3)": 0.11858245800077111, "(2, 4)": 0.053193239268713055, "(2, 5)": 0.08602530601897783, "(3, 2)": 0.11858245800077111, "(3, 4)": 0.07054798289442367, "(3, 5)": 0.1021339977123616, "(4, 2)": 0.053193239268713055, "(4, 3)": 0.07054798289442367, "(4, 5)": -4.471083855526071e-05, "(5, 2)": 0.08602530601897783, "(5, 3)": 0.1021339977123616, "(5, 4)": -4.471083855526071e-05}, "state": {"2": [[-0.14313455944315037, -0.11788286682964921, 0.7386336724811883], [0.7043618270280841, -0.0031949063118482633, 0.0031937830985516572, 0.7098267457266154]], "3": [[-0.14032790365505315, 0.05893771953512228, 0.7017962273816574], [0.7071067811865215, -4.461814061186276e-14, -3.7016233205065805e-14, 0.7071067811865736]], "4": [[-0.0010085834878045656, -0.029636840075520626, 0.647332896249418], [-0.0001514785786156583, 1.7495111633149892e-05, 0.7068155404299789, 0.7073978856024651]], "5": [[-0.0018666758786217673, -0.02987552552835346, 0.6530488226948571], [0.025220742888856392, 0.008212380234700842, 0.7145232768244159, 0.6991086881273284]]}, "pickable_objects": [2, 3, 5], "scene_graph": {"left": [[3, 2]], "right": [[2, 3]], "front": [[2, 4], [2, 5], [3, 4], [3, 5]], "behind": [[4, 2], [5, 2], [4, 3], [5, 3]], "on": [[4, 5]], "under": [[5, 4]], "leftbehind": [], "leftfront": [], "rightbehind": [], "rightfront": []}}