{"objects": {"2": "square_plate_1", "3": "cutlery-fork_1", "4": "cutlery-knife_1_new", "5": "plastic_plum", "6": "yellow_bowl", "7": "glass-new_6"}, "semantic_label": {"2": "plate_0", "3": "fork_0", "4": "knife_0", "5": "fruit_0", "6": "bowl_0", "7": "glass_0"}, "obj_aabb": {"2": [[0.04515165615747288, -0.14818774423869577, 0.621379036323251], [0.22991243656194324, 0.03620303689314027, 0.6570307228001018]], "3": [[-0.05508389838655335, 0.0002496326989063907, 0.6085994893631258], [0.0033568116611303843, 0.2043599657627363, 0.6661271758902018]], "4": [[0.05390204543474343, 0.12106567127012245, 0.622806628053841], [0.26590938530738334, 0.14857645331592073, 0.6331353195943933]], "5": [[0.09692347187364536, -0.11147642091689938, 0.6086312458463459], [0.20025803405816966, -0.0004938042669753243, 0.7292121947539003]], "6": [[-0.07854908320444806, -0.4420209908590869, 0.6229721967682456], [0.11342475339099328, -0.25008127718142487, 0.6827336148348111]], "7": [[-0.10171385070303085, 0.20734264751879894, 0.622667081720377], [-0.016718269573176903, 0.2925455022369122, 0.7974300149502327]]}, "sizes": {"2": "medium", "3": "medium", "4": "medium", "5": "medium", "6": "small", "7": "medium"}, "distances": {"(2, 3)": 0.06813222008345139, "(2, 4)": 0.09235193519444629, "(2, 5)": -1.8472748085714315e-05, "(2, 6)": 0.14478704222322483, "(2, 7)": 0.21321861552034005, "(3, 2)": 0.06813222008345139, "(3, 4)": 0.075246469731516, "(3, 5)": 0.14175437570302651, "(3, 6)": 0.287843772919913, "(3, 7)": 0.019680804202209794, "(4, 2)": 0.09235193519444629, "(4, 3)": 0.075246469731516, "(4, 5)": 0.14843339330339295, "(4, 6)": 0.4082941944474454, "(4, 7)": 0.12362700045232419, "(5, 2)": -1.8472748085714315e-05, "(5, 3)": 0.14175437570302651, "(5, 4)": 0.14843339330339295, "(5, 6)": 0.21845408774074904, "(5, 7)": 0.29322523250145505, "(6, 2)": 0.14478704222322483, "(6, 3)": 0.287843772919913, "(6, 4)": 0.4082941944474454, "(6, 5)": 0.21845408774074904, "(6, 7)": 0.49655441280298296, "(7, 2)": 0.21321861552034005, "(7, 3)": 0.019680804202209794, "(7, 4)": 0.12362700045232419, "(7, 5)": 0.29322523250145505, "(7, 6)": 0.49655441280298296}, "state": {"2": [[0.1375221092364909, -0.05613274096009571, 0.6390693699418757], [0.004043946391193312, 0.003976358231854424, 0.7070959309818124, 0.7070948871698628]], "3": [[-0.025825754333433922, 0.10228349818858949, 0.6371870301404436], [0.38041663980450235, -0.45340309684915914, -0.5770330447353579, 0.5627980785422831]], "4": [[0.15997381013253661, 0.1347147849540578, 0.6279898570400697], [-0.00026335257133240907, 0.7044843071036421, 0.7097194583817767, 0.00028650375574475233]], "5": [[0.14423476808792493, -0.04991649244268661, 0.6293839212927725], [0.3801840975132432, 0.17634126318733281, 0.0004031695501126612, 0.9079447385991344]], "6": [[0.01746957236513127, -0.3460850443770876, 0.65283725513727], [-8.273383131683228e-05, -5.692870360463577e-05, 0.3727512827929704, 0.9279312857590432]], "7": [[-0.05893995307376442, 0.24978002191287027, 0.7098546797372562], [0.7061993259471121, 0.001490671773491453, -0.001498624527746015, 0.7080099180477862]]}, "pickable_objects": [3, 4, 5, 6, 7], "scene_graph": {"left": [[4, 2], [7, 3], [2, 6], [5, 6], [3, 6]], "right": [[3, 7], [6, 2], [6, 5], [6, 3], [2, 4]], "front": [[3, 2], [3, 4], [3, 5]], "behind": [[2, 3], [4, 3], [5, 3]], "on": [[2, 5]], "under": [[5, 2]], "leftbehind": [], "leftfront": [[7, 4], [7, 2]], "rightbehind": [[4, 7], [2, 7]], "rightfront": []}}