{"objects": {"2": "plate", "3": "cutlery-fork_1", "4": "cutlery-knife_1", "5": "plastic_apple", "6": "doraemon_bowl", "7": "glass-small_3"}, "semantic_label": {"2": "plate_0", "3": "fork_0", "4": "knife_0", "5": "fruit_0", "6": "bowl_0", "7": "glass_0"}, "obj_aabb": {"2": [[-0.051372670695444794, -0.14086551279469794, 0.6229780220812398], [0.16360695109609613, 0.07538497365413432, 0.6519352769845526]], "3": [[-0.09876638715950127, 0.2238814380561493, 0.6092041565278864], [0.10635128155873265, 0.2847927222415683, 0.6630138972462177]], "4": [[-0.022373829972546583, 0.10789416447280406, 0.6229899995861841], [0.1907113101094586, 0.13673032967362736, 0.6352289055175726]], "5": [[0.028869954298956314, -0.07301911611685369, 0.6279776739098385], [0.11335692835063058, 0.010145317061194599, 0.7094171225353599]], "6": [[-0.33637004703050194, -0.2537065306140001, 0.6119108297622384], [-0.10597243745961882, -0.04426072191294346, 0.6987980516750067]], "7": [[-0.12841307135563435, 0.18217918617535564, 0.6212483789860421], [-0.061234669948364726, 0.24895606756853136, 0.754557453485684]]}, "sizes": {"2": "medium", "3": "medium", "4": "medium", "5": "medium", "6": "small", "7": "medium"}, "distances": {"(2, 3)": 0.18034924462522203, "(2, 4)": 0.041062040905870914, "(2, 5)": -3.8425658971198706e-05, "(2, 6)": 0.12180948712036666, "(2, 7)": 0.15533540324531495, "(3, 2)": 0.18034924462522203, "(3, 4)": 0.11040561800191614, "(3, 5)": 0.24922430665526824, "(3, 6)": 0.342880096879573, "(3, 7)": 0.0066871194398707735, "(4, 2)": 0.041062040905870914, "(4, 3)": 0.11040561800191614, "(4, 5)": 0.11131906220009588, "(4, 6)": 0.2668284378375989, "(4, 7)": 0.08971356245546788, "(5, 2)": -3.8425658971198706e-05, "(5, 3)": 0.24922430665526824, "(5, 4)": 0.11131906220009588, "(5, 6)": 0.1988955416442196, "(5, 7)": 0.23167852164202557, "(6, 2)": 0.12180948712036666, "(6, 3)": 0.342880096879573, "(6, 4)": 0.2668284378375989, "(6, 5)": 0.1988955416442196, "(6, 7)": 0.29595376587345235, "(7, 2)": 0.15533540324531495, "(7, 3)": 0.0066871194398707735, "(7, 4)": 0.08971356245546788, "(7, 5)": 0.23167852164202557, "(7, 6)": 0.29595376587345235}, "state": {"2": [[0.06566901495875897, -0.03274918122255142, 0.6291167871402866], [-1.7937825541925677e-05, 5.562075448429472e-05, 0.00021934970524735444, 0.9999999742351361]], "3": [[0.003782102385736666, 0.25426887050939434, 0.6359410842132278], [-0.009295659288376583, 0.653181319280208, 0.7542249013028061, -0.06642705109015289]], "4": [[0.08388606876583224, 0.12237139211127647, 0.6291501849905365], [-3.992831141892201e-10, 0.7071067924257854, 0.7071067699473095, -3.9850384589600693e-10]], "5": [[0.07106994170339008, -0.027722490863999333, 0.6331747021775121], [0.0030765033914509844, -0.011499830893227326, 0.00023624066397911578, 0.9999291140909231]], "6": [[-0.22120026993546887, -0.14903565587645912, 0.6553444161608792], [-0.05623193823612956, -0.006394274939397631, 0.9654240503689386, 0.2544670614037117]], "7": [[-0.0949311367816208, 0.21547731143105678, 0.6878643457416245], [0.715489920034677, -0.00958218918839301, 0.009620040343843547, 0.6984910957219944]]}, "pickable_objects": [3, 4, 5, 6, 7], "scene_graph": {"left": [[3, 4], [4, 2], [4, 5]], "right": [[2, 4], [4, 3], [5, 4]], "front": [[6, 2], [6, 5]], "behind": [[2, 6], [5, 6]], "on": [[2, 5]], "under": [[5, 2]], "leftbehind": [[3, 7], [4, 6]], "leftfront": [[7, 4]], "rightbehind": [[4, 7]], "rightfront": [[6, 4], [7, 3]]}}