{"objects": {"2": "blue_cup", "3": "can-hoegaarden", "4": "red_marker", "5": "glue_1", "6": "stapler_2"}, "semantic_label": {"2": "cup_0", "3": "can_drink_0", "4": "marker_0", "5": "glue_0", "6": "stapler_0"}, "obj_aabb": {"2": [[0.10567461732635564, -0.40821371347584745, 0.622985090420188], [0.2097097115812669, -0.27416275333029116, 0.7110217058619835]], "3": [[-0.043407840991580564, -0.3553973002665651, 0.6217226560023827], [0.03596614894135588, -0.2742602395728922, 0.7570109823989333]], "4": [[0.08718439847094187, -0.16742999453167198, 0.6207949937867278], [0.23953944667317048, -0.1429549328564593, 0.6477159606631168]], "5": [[0.14817630434028164, -0.07237745387473167, 0.6162290621464848], [0.18917505349959743, 0.01760984203920399, 0.7646969688880936]], "6": [[0.16872196945466023, 0.039464110397605, 0.6218952397469939], [0.2057980939166329, 0.15851097820249438, 0.6511538069174541]]}, "sizes": {"2": "medium", "3": "medium", "4": "medium", "5": "medium", "6": "medium"}, "distances": {"(2, 3)": 0.07429796226123063, "(2, 4)": 0.11317427076910146, "(2, 5)": 0.21129176389198598, "(2, 6)": 0.32068737551810644, "(3, 2)": 0.07429796226123063, "(3, 4)": 0.14196337408764992, "(3, 5)": 0.2604365236970618, "(3, 6)": 0.3632688533997728, "(4, 2)": 0.11317427076910146, "(4, 3)": 0.14196337408764992, "(4, 5)": 0.07847472149480236, "(4, 6)": 0.18726182836494432, "(5, 2)": 0.21129176389198598, "(5, 3)": 0.2604365236970618, "(5, 4)": 0.07847472149480236, "(5, 6)": 0.04153891849319321, "(6, 2)": 0.32068737551810644, "(6, 3)": 0.3632688533997728, "(6, 4)": 0.18725861639574876, "(6, 5)": 0.04153891849319321}, "state": {"2": [[0.15746471244493718, -0.32669085302224143, 0.6628064188099653], [1.071073717354596e-05, 1.948474853787138e-05, -0.707106780717359, 0.7071067813061599]], "3": [[-0.0038873399156589042, -0.31495508017673624, 0.6894254173187836], [0.7018326288482073, 0.002534297343717287, -0.0025421445703501374, 0.7123328406875339]], "4": [[0.16336427538971846, -0.15518176554255422, 0.634148471222321], [-0.008604973626191541, 0.0014023207503844673, 0.9999618392572128, 0.0005549366970676358]], "5": [[0.16880893555057896, -0.027453755276307612, 0.6904725613541747], [-0.0047781855390071765, 0.059039572266617754, 0.9982411228600006, 0.0024816286456752737]], "6": [[0.18722178426552794, 0.09899038947825321, 0.6366131635310082], [-0.000678844651772047, 0.006858492073593352, -0.7081700746194881, 0.7060082475933578]]}, "pickable_objects": [2, 3, 4, 5, 6], "scene_graph": {"left": [[4, 2], [5, 4], [6, 5]], "right": [[2, 4], [4, 5], [5, 6]], "front": [[3, 2]], "behind": [[2, 3]], "on": [], "under": [], "leftbehind": [[4, 3], [5, 3]], "leftfront": [], "rightbehind": [], "rightfront": [[3, 4], [3, 5]]}}