{"objects": {"2": "soap_dish", "3": "soap", "4": "bottle-baby_cleansing_water", "5": "tube-signal"}, "semantic_label": {"2": "soap_dish_0", "3": "soap_0", "4": "shampoo_0", "5": "cleanser_0"}, "obj_aabb": {"2": [[-0.08389669951036716, -0.23800668418202278, 0.6229713989627876], [0.07607655661277413, -0.07803161838404152, 0.6719736395425344]], "3": [[-0.031140248898371563, -0.2137844429452107, 0.6249237276974667], [0.03479160166746303, -0.09983786917003873, 0.6812582459715529]], "4": [[-0.048998198101261825, -0.029805525210298667, 0.6225574399273701], [0.021276802427476784, 0.04131815175741031, 0.785857577151706]], "5": [[-0.03071716956372456, 0.11049476332522078, 0.6229296865058571], [0.002637706622628782, 0.1594692267301454, 0.774614907890262]]}, "sizes": {"2": "medium", "3": "medium", "4": "medium", "5": "medium"}, "distances": {"(2, 3)": -1.1136037493498455e-05, "(2, 4)": 0.05257182414647728, "(2, 5)": 0.19848397134537252, "(3, 2)": -1.1136037493490215e-05, "(3, 4)": 0.07613158095944855, "(3, 5)": 0.22214797277010329, "(4, 2)": 0.0525688436880147, "(4, 3)": 0.07613158095944855, "(4, 5)": 0.07700917598046313, "(5, 2)": 0.19848397134537252, "(5, 3)": 0.22214797277010329, "(5, 4)": 0.07700430097118935}, "state": {"2": [[-0.003679640418957048, -0.15801199384103243, 0.6473377393707214], [2.83866623094156e-06, 8.740359751536786e-05, 0.7071481438005026, 0.7070654107450435]], "3": [[0.0015846280980477496, -0.1568189527892342, 0.6533903599600422], [0.0285424670586769, -0.016768877381734534, 0.7069191367670588, 0.7065192611656649]], "4": [[-0.014045742645860459, 0.005610299553392274, 0.7039765491235151], [0.7048111233906974, 0.0006106543094864328, -0.0006070763451441808, 0.7093944875063299]], "5": [[-0.01403278447213919, 0.13471478524086541, 0.6989305776844728], [0.7066516250350867, 0.0002478093285221878, -0.00022797485718260407, 0.7075615644262148]]}, "pickable_objects": [3, 4, 5], "scene_graph": {"left": [[4, 2], [4, 3], [5, 4]], "right": [[2, 4], [3, 4], [4, 5]], "front": [], "behind": [], "on": [[2, 3]], "under": [[3, 2]], "leftbehind": [], "leftfront": [], "rightbehind": [], "rightfront": []}}