{"objects": {"2": "square_plate_3", "3": "fork", "4": "cutlery-knife_2_new", "5": "plastic_lemon", "6": "green_bowl", "7": "glass-small_3"}, "semantic_label": {"2": "plate_0", "3": "fork_0", "4": "knife_0", "5": "fruit_0", "6": "bowl_0", "7": "glass_0"}, "obj_aabb": {"2": [[0.07111617977931428, -0.21261611555604387, 0.6211319665220941], [0.25628670350101107, -0.028774381647541022, 0.6574532195815258]], "3": [[0.07240787104558781, -0.3324968084873536, 0.6147546455662828], [0.27722712764426855, -0.29827616229382076, 0.6473982321181003]], "4": [[0.07971649350417605, 0.058805510335016395, 0.6229900000926207], [0.2929783017207622, 0.0848042051053904, 0.6338385368958177]], "5": [[0.16654448849996933, -0.1164003648962591, 0.6109230629406888], [0.2577361808508505, -0.01942267990727895, 0.7155611316503774]], "6": [[-0.2888517752940889, -0.27171093739867164, 0.6228655412427019], [-0.10279809666150998, -0.08525494781959043, 0.6830100587416515]], "7": [[0.12862935313339255, 0.1687231526887694, 0.6218332604777651], [0.1935346852140157, 0.2343801038253777, 0.75354725729893]]}, "sizes": {"2": "medium", "3": "medium", "4": "medium", "5": "medium", "6": "small", "7": "medium"}, "distances": {"(2, 3)": 0.09229791661989609, "(2, 4)": 0.09356882189292884, "(2, 5)": -1.4299229341006858e-05, "(2, 6)": 0.20520471345555916, "(2, 7)": 0.20442147547950373, "(3, 2)": 0.09229791661989609, "(3, 4)": 0.361296565058909, "(3, 5)": 0.20570567060844722, "(3, 6)": 0.237888209017887, "(3, 7)": 0.4743717303760212, "(4, 2)": 0.09356882189292884, "(4, 3)": 0.361296565058909, "(4, 5)": 0.10461374277884564, "(4, 6)": 0.3058994135460488, "(4, 7)": 0.09104130921711373, "(5, 2)": -1.4299229341006858e-05, "(5, 3)": 0.20570567060844713, "(5, 4)": 0.10461374277884564, "(5, 6)": 0.31843107523103154, "(5, 7)": 0.21563581549981864, "(6, 2)": 0.20520471345555916, "(6, 3)": 0.237888209017887, "(6, 4)": 0.3058994135460488, "(6, 5)": 0.31843107523103154, "(6, 7)": 0.42787752479413377, "(7, 2)": 0.20442147547950368, "(7, 3)": 0.4743717303760212, "(7, 4)": 0.09104130921711373, "(7, 5)": 0.21563581549981864, "(7, 6)": 0.42787752479413377}, "state": {"2": [[0.16369341311842805, -0.12046599491569758, 0.6395133648201078], [-3.690717610291424e-05, 0.007803143456555296, 0.7075034802990865, 0.7066667778767707]], "3": [[0.1748656976942911, -0.31464130972147375, 0.631217926338264], [-0.025417131031947912, 0.005807847698856455, 0.9996600609065751, 3.136039339540992e-05]], "4": [[0.1861454906035827, 0.07164381668023127, 0.6283606709964616], [3.0039055999580805e-13, 0.7071067811779526, 0.7071067811951425, -6.121120290355066e-14]], "5": [[0.21579824876152492, -0.0742382073449611, 0.6243826524829041], [0.2643552781066136, 0.09154872181029336, -0.04712676603648914, 0.9589130233733498]], "6": [[-0.19590731966351055, -0.17845766915334396, 0.6528200764030021], [0.0004446503613098504, 0.0004474137774926437, 0.8700515015121976, -0.4929604312957972]], "7": [[0.1609741011759286, 0.20146099387009986, 0.6876543465213087], [0.7125278896444451, -0.003452611595878751, 0.003410154068671854, 0.7016270068927145]]}, "pickable_objects": [2, 3, 4, 5, 6, 7], "scene_graph": {"left": [[2, 3], [4, 2], [4, 5], [7, 4], [5, 3]], "right": [[3, 2], [3, 5], [4, 7], [5, 4], [2, 4]], "front": [[6, 2]], "behind": [[2, 6]], "on": [], "under": [], "leftbehind": [[5, 2]], "leftfront": [[6, 3]], "rightbehind": [[3, 6]], "rightfront": [[2, 5]]}}