{"objects": {"2": "bottle-baby_cleansing_water", "3": "tube-signal", "4": "soap_dish", "5": "soap"}, "semantic_label": {"2": "shampoo_0", "3": "cleanser_0", "4": "soap_dish_0", "5": "soap_0"}, "obj_aabb": {"2": [[-0.12575807171949022, -0.06817792234132555, 0.6225559810447567], [-0.055476578337305876, 0.0029475347060549453, 0.7858589088798245]], "3": [[-0.2237850784620366, -0.3105165116850533, 0.6229182331090982], [-0.18625329808077562, -0.2587774802028799, 0.7746033416327484]], "4": [[-0.014561860742074842, -0.015023848103165774, 0.6229625761244898], [0.145466684793006, 0.14499975291129524, 0.671973271614415]], "5": [[0.03633033449968443, 0.009162378480894393, 0.6262270241232512], [0.10482232601729513, 0.12184391947568833, 0.679212786582369]]}, "sizes": {"2": "medium", "3": "medium", "4": "medium", "5": "medium"}, "distances": {"(2, 3)": 0.22652458915869295, "(2, 4)": 0.07383232559579479, "(2, 5)": 0.11168229228767378, "(3, 2)": 0.22652458915869295, "(3, 4)": 0.34893406761784235, "(3, 5)": 0.3776364906063944, "(4, 2)": 0.07383232559579479, "(4, 3)": 0.34893406761784235, "(4, 5)": -1.8215838042110345e-05, "(5, 2)": 0.11168229228767378, "(5, 3)": 0.3776364906063944, "(5, 4)": -1.8215838042106875e-05}, "state": {"2": [[-0.09080237585880015, -0.032761211283676754, 0.703976492739028], [0.7048090576531006, 0.0006274110751372463, -0.0006145479792016564, 0.7093965188357442]], "3": [[-0.20498857163948872, -0.28491253705874414, 0.698919067444053], [0.705944776076946, 0.03161235939376306, 0.031178157164569256, 0.7068737895685846]], "4": [[0.06568283410379908, 0.06499498871411484, 0.6473331223070657], [5.1638322770371204e-05, 0.0001060827328947876, 0.7069534699360948, 0.7072600493632116]], "5": [[0.07034308264552668, 0.06550615716729852, 0.6530254799518598], [0.021434226564312122, 0.00878951610443708, 0.7113579348941262, 0.7024480100344819]]}, "pickable_objects": [2, 3, 5], "scene_graph": {"left": [], "right": [], "front": [[2, 4], [2, 5]], "behind": [[4, 2], [5, 2]], "on": [[4, 5]], "under": [[5, 4]], "leftbehind": [[2, 3]], "leftfront": [], "rightbehind": [], "rightfront": [[3, 2]]}}