{"objects": {"2": "square_plate_3", "3": "cutlery-fork_1_new", "4": "cutlery-knife_1_new", "5": "plastic_lemon", "6": "green_bowl", "7": "glass-new_1"}, "semantic_label": {"2": "plate_0", "3": "fork_0", "4": "knife_0", "5": "fruit_0", "6": "bowl_0", "7": "glass_0"}, "obj_aabb": {"2": [[0.04523084703759832, -0.14800254336128515, 0.622965544652759], [0.2298346783736676, 0.035290062211063095, 0.6552809742459923]], "3": [[-0.20372547781061645, -0.22359792502246412, 0.6182622355029002], [-0.00597768359464558, -0.14526723286292392, 0.648322813827044]], "4": [[0.05390205463942574, 0.1210657409486539, 0.6228066250115177], [0.2659093761545297, 0.14857638355384567, 0.6331353226867144]], "5": [[0.09950305486265368, -0.09716774309177725, 0.6110325362451052], [0.1897241975861962, 0.00044757173029780217, 0.7171828618408331]], "6": [[-0.19133885778488674, -0.13480845444527165, 0.6221018154308786], [-0.023032439717143527, 0.034694500581787885, 0.6835897329653673]], "7": [[0.08534297090314197, 0.21123813657957485, 0.6200532914008516], [0.18425668780896365, 0.31685445851548716, 0.7618992596318188]]}, "sizes": {"2": "medium", "3": "medium", "4": "medium", "5": "medium", "6": "small", "7": "medium"}, "distances": {"(2, 3)": 0.0738027905402288, "(2, 4)": 0.09199759172520287, "(2, 5)": -1.0043412030977424e-05, "(2, 6)": 0.09198524542388296, "(2, 7)": 0.18941544436623692, "(3, 2)": 0.0738027905402288, "(3, 4)": 0.28994321203802303, "(3, 5)": 0.15395635780236816, "(3, 6)": 0.06736464114752454, "(3, 7)": 0.40635467684540133, "(4, 2)": 0.09199759172520287, "(4, 3)": 0.28994321203802303, "(4, 5)": 0.1446243943779948, "(4, 6)": 0.17950622791509618, "(4, 7)": 0.08265789678745986, "(5, 2)": -1.0043504815701338e-05, "(5, 3)": 0.15395635780236816, "(5, 4)": 0.1446243943779948, "(5, 6)": 0.15275437335650166, "(5, 7)": 0.2351102831402384, "(6, 2)": 0.09198524542388294, "(6, 3)": 0.06736464114752455, "(6, 4)": 0.17950622791509618, "(6, 5)": 0.15275437335650166, "(6, 7)": 0.28470618075948073, "(7, 2)": 0.18941544436623692, "(7, 3)": 0.40635467684540133, "(7, 4)": 0.08265789678745986, "(7, 5)": 0.2351102831402384, "(7, 6)": 0.28470618075948073}, "state": {"2": [[0.1375225947068329, -0.05612940591327647, 0.6393464287380726], [-4.139051937726274e-06, 9.578995315875453e-05, 0.7071068746403564, 0.707106681232401]], "3": [[-0.10487027598202127, -0.18441995685812354, 0.633230379807731], [-0.07599794916499374, 0.709724354203276, 0.6939595352772998, -0.0945294460534501]], "4": [[0.15997381022942284, 0.13471478495366154, 0.627989857042004], [-0.00026358812985323107, 0.7044842298057392, 0.7097195351175577, 0.0002862670608802885]], "5": [[0.14797069810714955, -0.05382802634232036, 0.6250910945998194], [0.26567955758521067, 0.1147971317538602, -0.004084352566021116, 0.9571934544733003]], "6": [[-0.10727168735858804, -0.050054015363391845, 0.65272798943762], [-0.0025423354078884077, -0.003723363450904803, -0.8009899718116364, 0.5986607872180038]], "7": [[0.13474684150154584, 0.2638720705828876, 0.6909075359819787], [0.724161786078647, 0.0001226424886794747, -0.00021049073831405255, 0.689630080721435]]}, "pickable_objects": [3, 4, 5, 6, 7], "scene_graph": {"left": [[4, 2], [4, 5], [6, 3], [7, 4]], "right": [[3, 6], [4, 7], [5, 4], [2, 4]], "front": [[3, 2], [6, 2], [6, 5]], "behind": [[2, 3], [2, 6], [5, 6]], "on": [[2, 5]], "under": [[5, 2]], "leftbehind": [[5, 3]], "leftfront": [], "rightbehind": [], "rightfront": [[3, 5]]}}