{"objects": {"2": "square_plate_1", "3": "cutlery-fork_2_new", "4": "cutlery-knife_1_new", "5": "plastic_lemon", "6": "doraemon_bowl", "7": "glass-new_13"}, "semantic_label": {"2": "plate_0", "3": "fork_0", "4": "knife_0", "5": "fruit_0", "6": "bowl_0", "7": "glass_0"}, "obj_aabb": {"2": [[0.045151542659121566, -0.14818746652059187, 0.6213718184966682], [0.22991454145823492, 0.036203040449363504, 0.6570349329465784]], "3": [[-0.3703220215325164, -0.043772178705307786, 0.617416082329129], [-0.18160382550284587, 0.015247004410807443, 0.6497739748178939]], "4": [[0.05388514127093974, 0.1207862784562024, 0.6214242262868199], [0.2659880154258735, 0.14864602534308383, 0.6346896361975531]], "5": [[-0.16335264292999213, 0.30824897748242175, 0.6036949331796596], [-0.04331787088718865, 0.4206999360670074, 0.7075450879363475]], "6": [[-0.13427280491807014, -0.1564534096418858, 0.6102656640960441], [0.023724821859190663, 0.04622633728837752, 0.7012356460972403]], "7": [[-0.3000356148560307, -0.15713381223348835, 0.6205372478805627], [-0.19126898620107857, -0.06037379268379159, 0.8125447837147518]]}, "sizes": {"2": "medium", "3": "medium", "4": "medium", "5": "medium", "6": "small", "7": "medium"}, "distances": {"(2, 3)": 0.23426869615709875, "(2, 4)": 0.09202315651296158, "(2, 5)": 0.3413308208672714, "(2, 6)": 0.04370552444625582, "(2, 7)": 0.2757116079715753, "(3, 2)": 0.23426869615709875, "(3, 4)": 0.27291974129261115, "(3, 5)": 0.3360372483934577, "(3, 6)": 0.08874010371946683, "(3, 7)": 0.054785830877019166, "(4, 2)": 0.09202315651296158, "(4, 3)": 0.27291974129261115, "(4, 5)": 0.24875073503174827, "(4, 6)": 0.13236198704595498, "(4, 7)": 0.3572653518617672, "(5, 2)": 0.3413308208672714, "(5, 3)": 0.3360372483934577, "(5, 4)": 0.24875073503174827, "(5, 6)": 0.29657052022794445, "(5, 7)": 0.42668393174358543, "(6, 2)": 0.04370552444625582, "(6, 3)": 0.08874010371946683, "(6, 4)": 0.13236198704595498, "(6, 5)": 0.29657052022794445, "(6, 7)": 0.10490167847206523, "(7, 2)": 0.2757116079715753, "(7, 3)": 0.054785830877019166, "(7, 4)": 0.3572653518617672, "(7, 5)": 0.42668393174358543, "(7, 6)": 0.10490167847206523}, "state": {"2": [[0.13752309543518304, -0.05613260141503524, 0.6390678679302554], [0.004065910735498476, 0.00400401790309033, 0.7070957971392153, 0.7070947389696662]], "3": [[-0.2756731618975055, -0.014224601503036585, 0.6335497190808739], [-0.039552331009405174, 0.7156180653032556, 0.6943080836690874, -0.06528922326929193]], "4": [[0.16000492774982833, 0.13460946606688295, 0.6280722556532876], [0.003885558816171261, 0.6953122456127724, 0.7186853718838949, -0.00413760482855328]], "5": [[-0.11141962987163051, 0.36705958889581064, 0.6170010549184668], [-0.18830931544207344, 0.18416797130981943, 0.8969103031002789, -0.3552093301898603]], "6": [[-0.05533357964008777, -0.05510731293844734, 0.6557428635903443], [-0.05429227396669181, 0.057924680402724346, 0.6630294320738666, 0.7443715823374599]], "7": [[-0.2457806298723582, -0.10904445895561574, 0.7163005677517912], [0.4356820422723999, 0.5977814761213616, 0.5852998708862295, 0.33205801599732526]]}, "pickable_objects": [2, 3, 4, 5, 6, 7], "scene_graph": {"left": [[3, 7], [4, 2], [5, 6]], "right": [[2, 4], [7, 3], [6, 5]], "front": [[3, 6], [6, 2], [7, 6]], "behind": [[2, 6], [6, 3], [6, 7]], "on": [], "under": [], "leftbehind": [[4, 6]], "leftfront": [[5, 4]], "rightbehind": [[4, 5]], "rightfront": [[6, 4]]}}