{"objects": {"2": "round_plate_2", "3": "cutlery-fork_2_new", "4": "cutlery-knife_3_new", "5": "plastic_plum", "6": "green_bowl", "7": "glass-new_5"}, "semantic_label": {"2": "plate_0", "3": "fork_0", "4": "knife_0", "5": "fruit_0", "6": "bowl_0", "7": "glass_0"}, "obj_aabb": {"2": [[0.038715436252539606, -0.16042244513674758, 0.6197817400522887], [0.2311758638029287, 0.03158288759468514, 0.6589805271039799]], "3": [[0.05534260028447127, -0.26551133712525565, 0.6177862921674334], [0.24156694576677354, -0.23404114612233695, 0.6492155805760066]], "4": [[0.05065278097274675, 0.1208654159681608, 0.6206920232254889], [0.2699409510929597, 0.14792992155162177, 0.635670229138408]], "5": [[-0.24729961547677268, 0.05027935014133876, 0.6012609644147482], [-0.12464092051230688, 0.1555222039515442, 0.7201787492914218]], "6": [[0.08994631187708532, -0.42761788853509225, 0.622622470467903], [0.27481076089934, -0.2431413038599854, 0.6831927351963455]], "7": [[-0.10636222037131904, 0.20427364798899797, 0.6209539174131585], [-0.011588979702347929, 0.29512264070878225, 0.8261906432782663]]}, "sizes": {"2": "medium", "3": "medium", "4": "medium", "5": "medium", "6": "small", "7": "medium"}, "distances": {"(2, 3)": 0.08365976491648869, "(2, 4)": 0.09757707293141542, "(2, 5)": 0.22937220458878343, "(2, 6)": 0.1180880607103001, "(2, 7)": 0.2363433282725575, "(3, 2)": 0.08365976491648869, "(3, 4)": 0.3597466441360642, "(3, 5)": 0.3855272511028398, "(3, 6)": 0.023333127846041156, "(3, 7)": 0.46485704776123593, "(4, 2)": 0.09757707293141542, "(4, 3)": 0.3597466441360642, "(4, 5)": 0.20433119959308416, "(4, 6)": 0.39922893844207225, "(4, 7)": 0.123335656100586, "(5, 2)": 0.22937220458878343, "(5, 3)": 0.3855272511028398, "(5, 4)": 0.20433119959308416, "(5, 6)": 0.471571041016807, "(5, 7)": 0.12347974968407543, "(6, 2)": 0.1180880607103001, "(6, 3)": 0.023333127846041156, "(6, 4)": 0.39922893844207225, "(6, 5)": 0.471571041016807, "(6, 7)": 0.531087108162618, "(7, 2)": 0.2363433282725575, "(7, 3)": 0.46485704776123593, "(7, 4)": 0.123335656100586, "(7, 5)": 0.12347974968407543, "(7, 6)": 0.531087108162618}, "state": {"2": [[0.13494163958309952, -0.06425970925182828, 0.6396929165677762], [0.009473560588404591, -0.0050865214142171164, -0.7070640942341658, 0.7070677093422519]], "3": [[0.14874699829063032, -0.2497801371729116, 0.6334556939689947], [0.013077374401284708, 0.7064868180351866, 0.707473095009037, -0.01368130328659235]], "4": [[0.1601084340245991, 0.13438797277010375, 0.62826625510102], [-0.003550692901169676, 0.6782562201757553, 0.7348066356753687, 0.0038859413614861647]], "5": [[-0.18035818991975375, 0.10733976678870527, 0.621123894244893], [0.40280643567127483, -0.10890588632012352, -0.5463577245618615, 0.7262091435104743]], "6": [[0.18231973108885843, -0.3353166391349289, 0.6527898615576182], [0.001578934421917731, 0.0009935569613701144, 0.9681898557358285, -0.25020975812484125]], "7": [[-0.058931942278149546, 0.249782889355871, 0.7236026200388503], [0.7096942963659032, -0.007331470165312825, 0.007218463685225531, 0.7044346307734636]]}, "pickable_objects": [2, 3, 4, 5, 6, 7], "scene_graph": {"left": [[2, 3], [3, 6], [4, 2]], "right": [[2, 4], [3, 2], [6, 3]], "front": [[5, 4]], "behind": [[4, 5]], "on": [], "under": [], "leftbehind": [[7, 5]], "leftfront": [[5, 2], [7, 4], [7, 2]], "rightbehind": [[4, 7], [2, 5], [2, 7]], "rightfront": [[5, 7]]}}