{"objects": {"2": "cup-stanford", "3": "can-hoegaarden", "4": "remote-jaxster"}, "semantic_label": {"2": "cup_0", "3": "can_drink_0", "4": "remote_0"}, "obj_aabb": {"2": [[0.1770952577312409, -0.0001220908099640594, 0.622103216016845], [0.27172090587125985, 0.1377598709964498, 0.7343403443545092]], "3": [[0.1922114585898814, -0.11344424224788696, 0.6217242888630125], [0.271586124797261, -0.03230959382020574, 0.7570104884670731]], "4": [[-0.07791175130226843, 0.033571941349948516, 0.6197756534704003], [0.15707462041758988, 0.11133923369822799, 0.6618648926739569]]}, "sizes": {"2": "medium", "3": "medium", "4": "medium"}, "distances": {"(2, 3)": 0.03841748549206366, "(2, 4)": 0.02845428530396673, "(3, 2)": 0.03841748549206367, "(3, 4)": 0.11519886700113581, "(4, 2)": 0.02845428530396673, "(4, 3)": 0.11519886700113581}, "state": {"2": [[0.22413766383463918, 0.06904548061406217, 0.6782463269532161], [0.5028262409815851, -0.4987866598040915, -0.5012025970751155, 0.49716556202835055]], "3": [[0.23173229222081893, -0.07300322213747709, 0.6894259841861368], [0.7018504462891769, 0.002523157486132938, -0.002569315071954302, 0.71231522750819]], "4": [[0.03994048716331028, 0.07260530595160378, 0.6406257090979819], [-0.022498777160385362, 0.7171901769542666, 0.6957881459217068, -0.03179482821826389]]}, "pickable_objects": [2, 3, 4], "scene_graph": {"left": [[2, 3]], "right": [[3, 2]], "front": [[4, 2]], "behind": [[2, 4]], "on": [], "under": [], "leftbehind": [], "leftfront": [[4, 3]], "rightbehind": [[3, 4]], "rightfront": []}}