{"objects": {"2": "cup-stanford", "3": "can-hoegaarden", "4": "black_marker", "5": "glue_1", "6": "stapler_2"}, "semantic_label": {"2": "cup_0", "3": "can_drink_0", "4": "marker_0", "5": "glue_0", "6": "stapler_0"}, "obj_aabb": {"2": [[0.028054585226411383, -0.1693827552330815, 0.6221040009669001], [0.12267881683842258, -0.031501868821613946, 0.7343385924683168]], "3": [[-0.1047618490358844, -0.13086983968746613, 0.6217226560023827], [-0.02538785910294794, -0.04973277899379326, 0.7570109823989333]], "4": [[0.004944702578364046, 0.035032282367516494, 0.6209952143711955], [0.15649712172862867, 0.06053991436293104, 0.6470528536028824]], "5": [[0.06514563789417793, 0.11598794101949844, 0.6162202922547516], [0.1061752849316056, 0.20601281435390806, 0.7647124005994678]], "6": [[0.083165096697811, 0.21148973769093554, 0.6218952260338697], [0.12024116374661062, 0.3305366122259689, 0.6511537998893187]]}, "sizes": {"2": "medium", "3": "medium", "4": "medium", "5": "medium", "6": "medium"}, "distances": {"(2, 3)": 0.05855974842298249, "(2, 4)": 0.07328013547107703, "(2, 5)": 0.15626549486109564, "(2, 6)": 0.2489721810076198, "(3, 2)": 0.05855974842298249, "(3, 4)": 0.11283620512414255, "(3, 5)": 0.21833170775308644, "(3, 6)": 0.3055151513499, "(4, 2)": 0.07328013547107703, "(4, 3)": 0.11283620512414255, "(4, 5)": 0.06422646624402051, "(4, 6)": 0.15636468603148856, "(5, 2)": 0.15626549486109564, "(5, 3)": 0.21833170775308644, "(5, 4)": 0.06422646624402051, "(5, 6)": 0.025102381370316375, "(6, 2)": 0.2489721810076198, "(6, 3)": 0.3055151513499, "(6, 4)": 0.15636468603148856, "(6, 5)": 0.025102381370316375}, "state": {"2": [[0.07563711691092152, -0.10066890542018479, 0.678245839976624], [0.4987928958784036, 0.5028192216722696, 0.4971681119470041, 0.5012009036316476]], "3": [[-0.06524134795996273, -0.09042761959763727, 0.6894254173187836], [0.7018326288482073, 0.002534297343717292, -0.002542144570350201, 0.7123328406875339]], "4": [[0.08071356404082825, 0.04769943796329231, 0.6340731892139645], [0.04388793302655191, 0.004200144026053586, 0.0012195233125090721, 0.9990268869693686]], "5": [[0.08579371591674832, 0.16093043083174782, 0.6904759401779765], [-0.004882540786428144, 0.05918298236926068, 0.9982321098197346, 0.0024880350057271705]], "6": [[0.1016648826803186, 0.27101602008911974, 0.63661315310936], [-0.000678194924406859, 0.006858174926662747, -0.7081700185055123, 0.7060083075844237]]}, "pickable_objects": [2, 3, 4, 5, 6], "scene_graph": {"left": [[4, 2], [5, 4], [6, 5]], "right": [[2, 4], [4, 5], [5, 6]], "front": [[3, 2]], "behind": [[2, 3]], "on": [], "under": [], "leftbehind": [[4, 3], [5, 3]], "leftfront": [], "rightbehind": [], "rightfront": [[3, 4], [3, 5]]}}