{"objects": {"2": "soap_dish", "3": "soap", "4": "bottle-avene_skincare", "5": "tube-skincare_provencale"}, "semantic_label": {"2": "soap_dish_0", "3": "soap_0", "4": "shampoo_0", "5": "cleanser_0"}, "obj_aabb": {"2": [[-0.3876552438950802, -0.11886796089136341, 0.622980328243773], [-0.16314765574370238, 0.10564231919584614, 0.6719606469443068]], "3": [[-0.29572005667373397, 0.2867297812322596, 0.6206312142758483], [-0.17188447351623348, 0.37300815643771984, 0.6741727778504913]], "4": [[-0.018829883820508795, 0.2753105075256156, 0.6223402352997385], [0.05999742841481391, 0.3543016553880345, 0.8539936405339548]], "5": [[-0.06670984896715776, 0.20630094689436332, 0.6223696537389153], [-0.025665873446813287, 0.26721880462343683, 0.7698131328788195]]}, "sizes": {"2": "medium", "3": "medium", "4": "medium", "5": "medium"}, "distances": {"(2, 3)": 0.2211639695200065, "(2, 4)": 0.3232052083134902, "(2, 5)": 0.2369462968277736, "(3, 2)": 0.2211639695200065, "(3, 4)": 0.1647754247849633, "(3, 5)": 0.13748664824754106, "(4, 2)": 0.3232052083134902, "(4, 3)": 0.1647754247849633, "(4, 5)": 0.046663611738859995, "(5, 2)": 0.2369462968277736, "(5, 3)": 0.13748664824754106, "(5, 4)": 0.046663611738859995}, "state": {"2": [[-0.27553763259764885, -0.0067988551486989094, 0.6473357256007175], [3.4015391216661285e-05, 1.9099218688518718e-05, -0.325400103082581, 0.9455764228194454]], "3": [[-0.2338535598355743, 0.33010934977371154, 0.6476975890056184], [0.0027483663478572637, -0.023724339460738868, 0.09941105945619293, 0.9947597918378923]], "4": [[0.020597575499762755, 0.31492893887374773, 0.7386329505474646], [0.5065392501440688, -0.48963570387006355, -0.48881098200120554, 0.514527637191793]], "5": [[-0.04649265891187631, 0.23686622020596132, 0.6961837625850527], [0.7029101008263106, 0.0022376889736054574, -0.0022093352283809103, 0.7112717495741356]]}, "pickable_objects": [2, 3, 4, 5], "scene_graph": {"left": [[3, 2]], "right": [[2, 3]], "front": [[3, 4]], "behind": [[4, 3]], "on": [], "under": [], "leftbehind": [[4, 5], [5, 2]], "leftfront": [[3, 5]], "rightbehind": [[5, 3]], "rightfront": [[2, 5], [5, 4]]}}