{"objects": {"2": "bottle-avene_skincare", "3": "tube-skincare_hydralist", "4": "soap_dish", "5": "soap"}, "semantic_label": {"2": "shampoo_0", "3": "cleanser_0", "4": "soap_dish_0", "5": "soap_0"}, "obj_aabb": {"2": [[0.08301521695168487, -0.0070563732910854035, 0.6223256852727964], [0.1901186640339421, 0.09771639264196597, 0.854012778076788]], "3": [[-0.2378035910363174, -0.0643898336899456, 0.6225168896652519], [-0.193875038810962, 0.004291789283264624, 0.7688283218861985]], "4": [[-0.17720453556663246, -0.18362526539225982, 0.6229831504298575], [-0.017216725004890895, -0.023638311593371847, 0.6719575806677471]], "5": [[0.2332870596173328, 0.005423517593999533, 0.6199445942962614], [0.36229432121644556, 0.12384949913002002, 0.6739354346165183]]}, "sizes": {"2": "medium", "3": "medium", "4": "medium", "5": "medium"}, "distances": {"(2, 3)": 0.30446137699407483, "(2, 4)": 0.16283971671329267, "(2, 5)": 0.07423144152396757, "(3, 2)": 0.30446137699407483, "(3, 4)": 0.040379556435250624, "(3, 5)": 0.4473159131259499, "(4, 2)": 0.16283971671329267, "(4, 3)": 0.040379556435250624, "(4, 5)": 0.29544994451740947, "(5, 2)": 0.07423152958644448, "(5, 3)": 0.44731591312594987, "(5, 4)": 0.29544994451740947}, "state": {"2": [[0.13666213924586962, 0.04540903524575777, 0.7386352192302518], [-0.2870802230275788, 0.6432380760782846, 0.6456085804935691, -0.29499031140466475]], "3": [[-0.21568103213242978, -0.030019436376714944, 0.6957418969662216], [0.7041457925503551, 0.0007171590865126372, -0.0006993259175937802, 0.7100547158210682]], "4": [[-0.09698019199842015, -0.10362459047921023, 0.6473356002365304], [2.210745870682443e-05, 2.5932465268037095e-05, 0.7071867796237085, 0.707026772876541]], "5": [[0.2976665477828839, 0.06483044972205673, 0.6472478531950564], [0.028191214741112327, -0.0028013748086035592, 0.29081129142104567, 0.9563609153936738]]}, "pickable_objects": [2, 3, 4, 5], "scene_graph": {"left": [], "right": [], "front": [[2, 5], [3, 4]], "behind": [[4, 3], [5, 2]], "on": [], "under": [], "leftbehind": [[2, 4], [5, 4]], "leftfront": [], "rightbehind": [], "rightfront": [[4, 2], [4, 5]]}}