{"objects": {"2": "bottle-avene_skincare", "3": "tube-shoe_polish", "4": "soap_dish", "5": "soap"}, "semantic_label": {"2": "shampoo_0", "3": "cleanser_0", "4": "soap_dish_0", "5": "soap_0"}, "obj_aabb": {"2": [[-0.32887638286400606, -0.2366447464950016, 0.6223146011356266], [-0.2529470423286732, -0.16073045837136735, 0.8540227943771754]], "3": [[-0.3085279074883592, -0.04949614735189284, 0.6226754605766005], [-0.2673271928796063, 0.011909186594729584, 0.7878351578975609]], "4": [[-0.2267816968074716, -0.1890496977602027, 0.6229559921589634], [-0.0666950710042056, -0.028942031061693962, 0.6719863664228545]], "5": [[-0.18254147323724476, -0.16579007546509433, 0.6256615502331772], [-0.1126336360409522, -0.05217746841925927, 0.6798435965781432]]}, "sizes": {"2": "medium", "3": "medium", "4": "medium", "5": "medium"}, "distances": {"(2, 3)": 0.11715639284409028, "(2, 4)": 0.05598803852876181, "(2, 5)": 0.08848802711884998, "(3, 2)": 0.11715639284409028, "(3, 4)": 0.07116166304530255, "(3, 5)": 0.10209115985458682, "(4, 2)": 0.05598803852876181, "(4, 3)": 0.07116166304530255, "(4, 5)": -4.067096667504473e-05, "(5, 2)": 0.08848568107858674, "(5, 3)": 0.10209115985458682, "(5, 4)": -4.067096667504473e-05}, "state": {"2": [[-0.2910340643129954, -0.19866841661399715, 0.7386346529119301], [0.7043741401787107, -0.003207935569538688, 0.003208941181600741, 0.7098144000324147]], "3": [[-0.2881751194404734, -0.018838217597763614, 0.7053954690195514], [0.7083623198680745, -0.002053498895466906, 0.002056114460609346, 0.7058430273982531]], "4": [[-0.14650792623961634, -0.10898897029755392, 0.6473364312284203], [-0.00014953812806870978, 0.00013606661920319038, 0.7068028484862062, 0.7074105544137776]], "5": [[-0.14781857169040566, -0.1089851132932913, 0.6530598495949769], [0.026324409133916406, 0.009096696103196604, 0.714788825105843, 0.6987855258286085]]}, "pickable_objects": [2, 3, 5], "scene_graph": {"left": [[3, 2]], "right": [[2, 3]], "front": [[2, 4], [2, 5], [3, 4], [3, 5]], "behind": [[4, 2], [5, 2], [4, 3], [5, 3]], "on": [[4, 5]], "under": [[5, 4]], "leftbehind": [], "leftfront": [], "rightbehind": [], "rightfront": []}}