{"objects": {"2": "cup-yellow_white_border", "3": "can-redbull", "4": "black_marker", "5": "stapler_1", "6": "glue_1"}, "semantic_label": {"2": "cup_0", "3": "can_drink_0", "4": "marker_0", "5": "stapler_0", "6": "glue_0"}, "obj_aabb": {"2": [[0.04932042613565261, -0.11622707569675716, 0.6227884454615131], [0.15619541084502633, 0.027684586262206774, 0.7621511851478995]], "3": [[-0.036959690100435205, -0.08388102744796129, 0.6213845329415001], [0.022397775312029477, -0.016324598398903434, 0.7660582960692927]], "4": [[0.003940599785910895, -0.19917604574914954, 0.6209911597319154], [0.15550259360035912, -0.17359860234335378, 0.647058226813301]], "5": [[0.04499850631341187, 0.14010322918503731, 0.6218018723546325], [0.08767743101265665, 0.2243209462745075, 0.6821233879668701]], "6": [[0.1196065768933469, -0.3761069780874322, 0.6162333919244762], [0.1606090199426299, -0.28614647388174785, 0.7646930786134503]]}, "sizes": {"2": "medium", "3": "medium", "4": "medium", "5": "medium", "6": "medium"}, "distances": {"(2, 3)": 0.031230153256971233, "(2, 4)": 0.07219293306795171, "(2, 5)": 0.12793590313334122, "(2, 6)": 0.19605902364171626, "(3, 2)": 0.031230153256971233, "(3, 4)": 0.1013743186888133, "(3, 5)": 0.1752487485323682, "(3, 6)": 0.2597494929239138, "(4, 2)": 0.07219293306795171, "(4, 3)": 0.1013743186888133, "(4, 5)": 0.32051747234293343, "(4, 6)": 0.10825307263993196, "(5, 2)": 0.12793590313334122, "(5, 3)": 0.1752487485323682, "(5, 4)": 0.32051747234293343, "(5, 6)": 0.44907209856185687, "(6, 2)": 0.19605902364171623, "(6, 3)": 0.2597494929239138, "(6, 4)": 0.10825307263993196, "(6, 5)": 0.44907209856185687}, "state": {"2": [[0.10293867594460442, -0.0442397681315957, 0.6923965933331018], [-0.5006333581668472, 0.5006643797369653, 0.49933468969359396, -0.49936588512010666]], "3": [[-0.007195734634999043, -0.050041289981946076, 0.6936685915790938], [0.7189891975847006, -0.00014674427693171397, 0.000222190980468711, 0.6950211959744779]], "4": [[0.07971428234086679, -0.18647401112579054, 0.6340738064770315], [0.04412913152249363, 0.00420659144019099, 0.0014162371810504746, 0.9990159751534371]], "5": [[0.0665485172629254, 0.18222668918809706, 0.6518431348441622], [0.007599129563392654, -0.008421764425117861, 0.7128932629374595, 0.7011808060495017]], "6": [[0.14024106007780873, -0.3311966664816136, 0.6904727758281675], [-0.004807979843355432, 0.05894892928173025, 0.9982464293759185, 0.0024440344909434967]]}, "pickable_objects": [2, 3, 4, 5, 6], "scene_graph": {"left": [[2, 4], [3, 4], [4, 6], [5, 2]], "right": [[2, 5], [4, 2], [4, 3], [6, 4]], "front": [[3, 2]], "behind": [[2, 3]], "on": [], "under": [], "leftbehind": [[5, 3]], "leftfront": [[3, 6]], "rightbehind": [[6, 3]], "rightfront": [[3, 5]]}}