{"objects": {"2": "round_plate_3", "3": "cutlery-fork_2_new", "4": "cutlery-knife_3_new", "5": "plastic_apple", "6": "green_bowl", "7": "glass-new_12"}, "semantic_label": {"2": "plate_0", "3": "fork_0", "4": "knife_0", "5": "fruit_0", "6": "bowl_0", "7": "glass_0"}, "obj_aabb": {"2": [[0.10168327287877252, -0.298179438108171, 0.6200071783461203], [0.2937460131086429, -0.10620444950594571, 0.6585854086506324]], "3": [[0.11633771490291117, -0.42530142849037056, 0.6177841368279523], [0.3025626039041655, -0.39382887861280147, 0.6492191393938719]], "4": [[0.11231786226487651, -0.01048279074099055, 0.620971639326933], [0.3316199506061614, 0.01592163153188974, 0.6348862704371879]], "5": [[-0.3294906227014748, -0.4475600073082005, 0.6221691745695092], [-0.21335308829524646, -0.3317932666265438, 0.7032377149534693]], "6": [[-0.0783488778335957, -0.275566651455734, 0.622107332084845], [0.05840197808921596, -0.14015546380437202, 0.6835810409441828]], "7": [[-0.06647329398609206, 0.07210841943752266, 0.6229680393142002], [0.040587095767699075, 0.1799647648100724, 0.8004441415609592]]}, "sizes": {"2": "medium", "3": "medium", "4": "medium", "5": "medium", "6": "small", "7": "medium"}, "distances": {"(2, 3)": 0.10526393491006701, "(2, 4)": 0.10371427735195797, "(2, 5)": 0.3711796333349041, "(2, 6)": 0.05300159604868404, "(2, 7)": 0.2539833145420212, "(3, 2)": 0.10526393491006701, "(3, 4)": 0.3877506451436555, "(3, 5)": 0.3516370616355599, "(3, 6)": 0.16822206666598966, "(3, 7)": 0.49908396959037504, "(4, 2)": 0.10371427735195797, "(4, 3)": 0.3877506451436555, "(4, 5)": 0.5066081882008017, "(4, 6)": 0.1782348539070543, "(4, 7)": 0.13793483770916304, "(5, 2)": 0.3711796333349041, "(5, 3)": 0.3516370616355599, "(5, 4)": 0.5066081882008017, "(5, 6)": 0.2132178010716814, "(5, 7)": 0.494763752171077, "(6, 2)": 0.05300159604868404, "(6, 3)": 0.16822206666598966, "(6, 4)": 0.1782348539070543, "(6, 5)": 0.2132178010716814, "(6, 7)": 0.23005610194153395, "(7, 2)": 0.2539833145420212, "(7, 3)": 0.49908396959037504, "(7, 4)": 0.13793483770916304, "(7, 5)": 0.494763752171077, "(7, 6)": 0.23005610194153395}, "state": {"2": [[0.1977062264570223, -0.20192381365841358, 0.6394697527675539], [0.006941494095681456, -0.005437596418411532, 0.9999611233294923, -5.8762430419162935e-06]], "3": [[0.20974238364805153, -0.409569045572807, 0.6334563888136169], [0.013083511844418768, 0.7064698313158505, 0.707489749141593, -0.013691384807115948]], "4": [[0.22178035414793315, 0.0027143176603583808, 0.6280142166188225], [-0.004218597807863699, 0.6979049157818819, 0.7161655371548461, 0.0042255593393823055]], "5": [[-0.2708558189009696, -0.38579507959195497, 0.627203109929795], [0.003992146164237686, 0.011034352479439872, -0.2910278088627106, 0.9566426293569258]], "6": [[-0.009951938256133835, -0.20794441158293211, 0.6527263984353167], [0.0014654752261213369, -0.004208061377684972, -2.020017558072618e-06, 0.9999900722495813]], "7": [[-0.012949105956156424, 0.12609130366873453, 0.71166399493373], [0.7071730358362806, 2.665047281902467e-05, -2.6897393749551878e-05, 0.7070405193144034]]}, "pickable_objects": [2, 3, 4, 5, 6, 7], "scene_graph": {"left": [[2, 3], [4, 2], [7, 6]], "right": [[2, 4], [3, 2], [6, 7]], "front": [[6, 2]], "behind": [[2, 6]], "on": [], "under": [], "leftbehind": [[4, 6], [6, 5]], "leftfront": [[6, 3], [7, 4], [7, 2]], "rightbehind": [[3, 6], [4, 7], [2, 7]], "rightfront": [[5, 6], [6, 4]]}}