{"objects": {"2": "cup-red_heart", "3": "can-redbull", "4": "black_marker", "5": "stapler_1", "6": "glue_1"}, "semantic_label": {"2": "cup_0", "3": "can_drink_0", "4": "marker_0", "5": "stapler_0", "6": "glue_0"}, "obj_aabb": {"2": [[0.03156829049688299, 0.047571735761546205, 0.6227047445415547], [0.14049623952620283, 0.1910391337490776, 0.7189907503782101]], "3": [[-0.045487868477555364, 0.08021562497950488, 0.6213825379973802], [0.013872414528311922, 0.1477708561955055, 0.7660574630828135]], "4": [[-0.011207141132141538, -0.02460723663983639, 0.6209820971391337], [0.1403410964815595, 0.0008556481571162199, 0.6470496020991091]], "5": [[-0.023824459112394832, -0.17144647727268875, 0.6217624564300537], [0.018027218602559934, -0.0879646186160622, 0.6822885112120713]], "6": [[0.09986753163503342, -0.19077056489991998, 0.6162045633608004], [0.14085078365355938, -0.1006858148362583, 0.7647200224742385]]}, "sizes": {"2": "medium", "3": "medium", "4": "medium", "5": "medium", "6": "medium"}, "distances": {"(2, 3)": 0.022299621426295636, "(2, 4)": 0.06148901614981521, "(2, 5)": 0.15779647129803548, "(2, 6)": 0.16968902745329334, "(3, 2)": 0.022299621426295636, "(3, 4)": 0.09018375103842172, "(3, 5)": 0.1768322574592565, "(3, 6)": 0.23571902900912384, "(4, 2)": 0.06148901614981522, "(4, 3)": 0.09018375103842172, "(4, 5)": 0.06852305281437399, "(4, 6)": 0.09730690330159299, "(5, 2)": 0.15779647129803548, "(5, 3)": 0.1768322574592565, "(5, 4)": 0.06852305281437399, "(5, 6)": 0.08733761804093816, "(6, 2)": 0.16968902745329334, "(6, 3)": 0.23571902900912384, "(6, 4)": 0.09730690330159299, "(6, 5)": 0.08733761804093816}, "state": {"2": [[0.08601970920491445, 0.11941386676995164, 0.6709106380651236], [0.4998907372683441, -0.4990491060602385, -0.5009512062450889, 0.5001071180211077]], "3": [[-0.015722502323556962, 0.11405476242188538, 0.6936671793766868], [0.7189877617920748, -0.00015871789589846314, 0.0002270706510394212, 0.6950226770694404]], "4": [[0.06455961284075261, -0.011962438203803025, 0.6340650313164262], [0.04374042470576053, 0.004247629014318109, 0.0010901954677379425, 0.9990333049344043]], "5": [[-0.0026868899508336545, -0.1296947561429121, 0.6519076837296287], [0.004103339783089473, -0.010795482023062576, 0.7068697483528977, 0.7072494461178639]], "6": [[0.12049243394346078, -0.14579809369573238, 0.6904718975171352], [-0.004788931481518371, 0.05945566527141808, 0.9982167191789416, 0.002339135316416934]]}, "pickable_objects": [2, 3, 4, 5, 6], "scene_graph": {"left": [[2, 4], [3, 4], [4, 5], [4, 6]], "right": [[4, 2], [4, 3], [5, 4], [6, 4]], "front": [[3, 2], [5, 6]], "behind": [[2, 3], [6, 5]], "on": [], "under": [], "leftbehind": [[2, 5]], "leftfront": [], "rightbehind": [], "rightfront": [[5, 2]]}}