{"objects": {"2": "plate", "3": "cutlery-fork_1", "4": "cutlery-knife_1", "5": "plastic_apple", "6": "doraemon_bowl", "7": "glass-small_3"}, "semantic_label": {"2": "plate_0", "3": "fork_0", "4": "knife_0", "5": "fruit_0", "6": "bowl_0", "7": "glass_0"}, "obj_aabb": {"2": [[-0.05136466218619434, -0.1408667492203028, 0.6229810226409321], [0.16360776356890036, 0.07537779673452845, 0.6519221972927524]], "3": [[-0.02645535174692913, -0.2138311894276465, 0.6086007963589408], [0.17601232795982746, -0.16637164764030354, 0.6661133099836745]], "4": [[-0.022373829972546583, 0.10789416447280406, 0.6229899995861681], [0.1907113101094586, 0.13673032967362736, 0.6352289055175566]], "5": [[0.028953487234493487, -0.07301691229431317, 0.6280268626391435], [0.11335791750005561, 0.0101374599709309, 0.7093814790523499]], "6": [[-0.3363738948728172, -0.2537044433177596, 0.6119047886013961], [-0.10597372528299046, -0.04425475368705757, 0.6988066671094769]], "7": [[-0.12660212861325665, 0.18303443100484482, 0.6216443388100075], [-0.06127434176567672, 0.2489401991061064, 0.7536775800410755]]}, "sizes": {"2": "medium", "3": "medium", "4": "medium", "5": "medium", "6": "small", "7": "medium"}, "distances": {"(2, 3)": 0.04212905553949729, "(2, 4)": 0.04106477934804908, "(2, 5)": -1.0291842412939265e-05, "(2, 6)": 0.1218145656694495, "(2, 7)": 0.15537029619400158, "(3, 2)": 0.04212905553949729, "(3, 4)": 0.28587111194476855, "(3, 5)": 0.11707361119391486, "(3, 6)": 0.12031337099768437, "(3, 7)": 0.3744650554598891, "(4, 2)": 0.04106477934804908, "(4, 3)": 0.28587111194476855, "(4, 5)": 0.11132702993109694, "(4, 6)": 0.2668252559978898, "(4, 7)": 0.08971142218302827, "(5, 2)": -1.0291842412939265e-05, "(5, 3)": 0.11707361119391486, "(5, 4)": 0.11132702993109694, "(5, 6)": 0.19894896201958465, "(5, 7)": 0.23155027446662915, "(6, 2)": 0.1218145656694495, "(6, 3)": 0.12031337099768437, "(6, 4)": 0.2668252559978898, "(6, 5)": 0.19894896201958465, "(6, 7)": 0.29683447144269925, "(7, 2)": 0.15537029619400158, "(7, 3)": 0.3744650554598891, "(7, 4)": 0.08971142218302827, "(7, 5)": 0.23155027446662915, "(7, 6)": 0.29683447144269925}, "state": {"2": [[0.06567391330664839, -0.0327534958713059, 0.6291123064792472], [-9.828822524494376e-06, 2.635603500167805e-05, 0.00020661304368149136, 0.9999999782599016]], "3": [[0.07476106938457948, -0.19014130852163372, 0.6371807872109116], [0.02206156091643105, 0.591811755182057, 0.8052057207716593, -0.030263529120981292]], "4": [[0.08388606876583224, 0.12237139211127647, 0.6291501849905206], [-3.992831141892201e-10, 0.7071067924257854, 0.7071067699473095, -3.9850384589600693e-10]], "5": [[0.07107722833664229, -0.02772734797149382, 0.633181322589306], [0.003047598146112547, -0.011004166913791455, 0.00020144268716792155, 0.9999347878121438]], "6": [[-0.22120283573753033, -0.14903163000502276, 0.6553457072259666], [-0.05628903193812541, -0.006346260286766986, 0.9654248879264293, 0.2544524624288055]], "7": [[-0.09404603600498619, 0.21589674999318348, 0.6876245240290478], [0.713193688500706, -0.00459197950873899, 0.004560781460306392, 0.7009371410329323]]}, "pickable_objects": [3, 4, 5, 6, 7], "scene_graph": {"left": [[4, 2], [4, 5], [7, 2], [2, 3], [5, 3]], "right": [[2, 4], [3, 2], [3, 5], [5, 4], [2, 7]], "front": [[6, 3], [6, 2], [6, 5]], "behind": [[3, 6], [2, 6], [5, 6]], "on": [[2, 5]], "under": [[5, 2]], "leftbehind": [], "leftfront": [[7, 4], [7, 5]], "rightbehind": [[4, 7], [5, 7]], "rightfront": []}}