{"objects": {"2": "round_plate_3", "3": "cutlery-fork_2_new", "4": "cutlery-knife_3_new", "5": "plastic_apple", "6": "green_bowl", "7": "glass-new_12"}, "semantic_label": {"2": "plate_0", "3": "fork_0", "4": "knife_0", "5": "fruit_0", "6": "bowl_0", "7": "glass_0"}, "obj_aabb": {"2": [[0.10168327134511128, -0.29817943824736315, 0.6200068507314097], [0.2937460008644006, -0.1062044349325913, 0.6585851019549974]], "3": [[0.11633763454214636, -0.4253024712738562, 0.6177837264719052], [0.30256264986209097, -0.3938281017862613, 0.6492198682630842]], "4": [[0.1123176887477386, -0.010481200916318711, 0.6209717139263524], [0.33161995888616774, 0.01592157050051594, 0.634886118150926]], "5": [[0.1639352040762342, -0.2403244022987347, 0.6349026798615719], [0.24713089801577165, -0.1574337516722656, 0.714754965020222]], "6": [[-0.07832842070498894, -0.2755609831895726, 0.6221400954037848], [0.058401361083593756, -0.14015570940206407, 0.6835523111587594]], "7": [[-0.0664736880763388, 0.07211410633319015, 0.6229703217543633], [0.040585855119206815, 0.17996483111067252, 0.800441865732071]]}, "sizes": {"2": "medium", "3": "medium", "4": "medium", "5": "medium", "6": "small", "7": "medium"}, "distances": {"(2, 3)": 0.10526387495021226, "(2, 4)": 0.1037147164319385, "(2, 5)": -1.142723513843395e-05, "(2, 6)": 0.05298373848953491, "(2, 7)": 0.25398332954090896, "(3, 2)": 0.10526387495021226, "(3, 4)": 0.3877510548756005, "(3, 5)": 0.16852906063724718, "(3, 6)": 0.1682153433125807, "(3, 7)": 0.4990848109547512, "(4, 2)": 0.1037147164319385, "(4, 3)": 0.3877510548756005, "(4, 5)": 0.16042151322546053, "(4, 6)": 0.1782199011306985, "(4, 7)": 0.13793499270659404, "(5, 2)": -1.142723513843395e-05, "(5, 3)": 0.16852906063724718, "(5, 4)": 0.16042151322546053, "(5, 6)": 0.11039077148851643, "(5, 7)": 0.31325534522788107, "(6, 2)": 0.05298373848953491, "(6, 3)": 0.1682153433125807, "(6, 4)": 0.1782199011306985, "(6, 5)": 0.11039077148851643, "(6, 7)": 0.23005022043713164, "(7, 2)": 0.25398332954090896, "(7, 3)": 0.4990848109547512, "(7, 4)": 0.13793499270659404, "(7, 5)": 0.31325534522788107, "(7, 6)": 0.23005022043713164}, "state": {"2": [[0.19770621952625425, -0.20192380649710415, 0.639469435696563], [0.00694138849951389, -0.005437756640506457, 0.9999611231911739, -5.887558985658599e-06]], "3": [[0.2097423664497307, -0.4095691758223072, 0.6334565478555684], [0.013081986125120838, 0.7064574471832361, 0.7075021103985263, -0.013693090958536163]], "4": [[0.22178027156512128, 0.0027150814826122456, 0.628014177820091], [-0.004221070422911729, 0.6979080562875964, 0.7161624770993222, 0.004223023598888685]], "5": [[0.20491622990054686, -0.19527992290569907, 0.6392995910977477], [0.0014496915819437828, -0.003398805578224878, -9.093231338118984e-05, 0.999993169099806]], "6": [[-0.009942060135338264, -0.20794171171757794, 0.6527284156665508], [0.0014167865157638522, -0.004030011046370014, -2.0517784335068323e-06, 0.9999908758197372]], "7": [[-0.01294992330494524, 0.1260941787760386, 0.7116639962988698], [0.7071607966860363, 2.588804806513927e-05, -2.220050058501812e-05, 0.7070527607380636]]}, "pickable_objects": [3, 4, 5, 6, 7], "scene_graph": {"left": [[4, 2], [7, 6], [2, 3]], "right": [[3, 2], [2, 4], [6, 7]], "front": [[6, 2], [6, 5]], "behind": [[2, 6], [5, 6]], "on": [[2, 5]], "under": [[5, 2]], "leftbehind": [], "leftfront": [[6, 3], [7, 4], [7, 2]], "rightbehind": [[3, 6], [4, 7], [2, 7]], "rightfront": []}}