{"objects": {"2": "cup-teal_pattern_ikea", "3": "can-beer_delta", "4": "red_marker", "5": "stapler_2", "6": "glue_2"}, "semantic_label": {"2": "cup_0", "3": "can_drink_0", "4": "marker_0", "5": "stapler_0", "6": "glue_0"}, "obj_aabb": {"2": [[0.1174100938110193, -0.10466082238168523, 0.6222123141486], [0.25281772433737915, 0.052882836662472066, 0.7276148925056583]], "3": [[0.05022437426830049, -0.04430225918043976, 0.6224523390585983], [0.12849679513921008, 0.035978014719973486, 0.756709786793508]], "4": [[0.0935620945569896, -0.14154462077615435, 0.6207937660246164], [0.24591706807067443, -0.11706667832232995, 0.6477174303287386]], "5": [[0.08441109212406511, -0.30818428068603404, 0.621923790622277], [0.1214700786339121, -0.18914706799338885, 0.6511567038569741]], "6": [[-0.2689393827007861, -0.4328409451732252, 0.6204961673745547], [-0.20275479865912777, -0.36437297419495523, 0.7919637722759288]]}, "sizes": {"2": "medium", "3": "medium", "4": "medium", "5": "medium", "6": "medium"}, "distances": {"(2, 3)": 0.0116535035801402, "(2, 4)": 0.03128480786974276, "(2, 5)": 0.11714652054309518, "(2, 6)": 0.47193306779756544, "(3, 2)": 0.0116535035801402, "(3, 4)": 0.07961417483087564, "(3, 5)": 0.15019719092597172, "(3, 6)": 0.4433173229801682, "(4, 2)": 0.031284807869742755, "(4, 3)": 0.07961417483087564, "(4, 5)": 0.05280260606195644, "(4, 6)": 0.3947001214430697, "(5, 2)": 0.11714652054309518, "(5, 3)": 0.15019719092597172, "(5, 4)": 0.05280260606195644, "(5, 6)": 0.3130869682267719, "(6, 2)": 0.47193306779756544, "(6, 3)": 0.4433173229801682, "(6, 4)": 0.3947001214430697, "(6, 5)": 0.3130869682267719}, "state": {"2": [[0.18517556107058825, -0.02590846730862652, 0.6750554166731508], [-0.43322901245333456, 0.5548700187959512, 0.5593036278943158, -0.43773432220280145]], "3": [[0.0890484680843729, -0.004290525150787006, 0.6896110694250657], [0.7102732617667289, 0.00027975054396044976, -0.0002914926843356386, 0.7039259409844902]], "4": [[0.1697419337523662, -0.1292949656244931, 0.6341485907443454], [-0.008603234014498355, 0.0014687945559546057, 0.9999617590860718, 0.0005544118804574462]], "5": [[0.10290233056926422, -0.24866281691171824, 0.6366288838554424], [-0.0007191266612868224, 0.006762301644132636, -0.7081263732201106, 0.7060529680437945]], "6": [[-0.2357069456880269, -0.39874397428923475, 0.703568361032174], [-0.02588108721585297, -0.021865996658187455, 0.6969097986263753, 0.7163579971586934]]}, "pickable_objects": [2, 3, 4, 5, 6], "scene_graph": {"left": [[2, 4], [3, 4], [4, 5]], "right": [[4, 2], [4, 3], [5, 4]], "front": [[3, 2]], "behind": [[2, 3]], "on": [], "under": [], "leftbehind": [], "leftfront": [], "rightbehind": [], "rightfront": []}}