{"objects": {"2": "cup-new_york_big", "3": "can-beer_delta", "4": "red_marker", "5": "stapler_1", "6": "glue_2"}, "semantic_label": {"2": "cup_0", "3": "can_drink_0", "4": "marker_0", "5": "stapler_0", "6": "glue_0"}, "obj_aabb": {"2": [[-0.04900459156535957, -0.11842426017423605, 0.6175470764658398], [0.057476784919342126, 0.015944105994526392, 0.7411985218911411]], "3": [[-0.14781342367242978, -0.09705075231805124, 0.6224648064928533], [-0.06954858198476423, -0.016794742167928013, 0.7567039318774751]], "4": [[-0.09576320749971028, -0.20796679392964545, 0.6207829151445037], [0.05659099168659133, -0.18349093320050325, 0.6476985026506727]], "5": [[-0.11558353418105854, -0.3700067748321899, 0.6217624564300538], [-0.0737318564661042, -0.2865249161755633, 0.6822885112120712]], "6": [[0.006897094461198711, -0.3838744959965438, 0.6196419141231274], [0.0734316840117602, -0.3145120555429445, 0.7925162535107172]]}, "sizes": {"2": "medium", "3": "medium", "4": "medium", "5": "medium", "6": "medium"}, "distances": {"(2, 3)": 0.02986729118821861, "(2, 4)": 0.07197228149904969, "(2, 5)": 0.19009507600341377, "(2, 6)": 0.206493491919385, "(3, 2)": 0.029867291188218605, "(3, 4)": 0.09407978702593009, "(3, 5)": 0.1948922296963365, "(3, 6)": 0.25868404015231483, "(4, 2)": 0.07197228149904969, "(4, 3)": 0.09407978702593009, "(4, 5)": 0.08380025792861527, "(4, 6)": 0.11403640195098963, "(5, 2)": 0.1900950760034138, "(5, 3)": 0.1948922296963365, "(5, 4)": 0.08380025792861526, "(5, 6)": 0.09291394140308838, "(6, 2)": 0.206493491919385, "(6, 3)": 0.25868249350965367, "(6, 4)": 0.11403640195098963, "(6, 5)": 0.09291394140308838}, "state": {"2": [[0.004218094102917823, -0.051084492732612154, 0.6792942721867269], [0.4936781976704869, -0.4818787170200366, -0.5179183510960625, 0.5058016615491482]], "3": [[-0.10899311722575644, -0.05705115372065698, 0.689614383576101], [0.7102083259945376, 0.0002722558849541958, -0.0002632877507931427, 0.703991470292311]], "4": [[-0.01958375938882753, -0.19571816859441207, 0.6341337024825636], [-0.008584837852833344, 0.0014171873181080094, 0.9999619911672665, 0.000555301667165094]], "5": [[-0.09444596501949758, -0.3282550537024132, 0.6519076837296287], [0.004103339783092818, -0.010795482023060623, 0.7068697483528977, 0.7072494461178639]], "6": [[0.039990661998826574, -0.3490203867578772, 0.70342154675705], [-0.021007891158741212, 0.034868009488866966, -0.7076666820478091, 0.7053727791336944]]}, "pickable_objects": [2, 3, 4, 5, 6], "scene_graph": {"left": [[2, 4], [3, 4], [4, 5], [4, 6]], "right": [[4, 2], [4, 3], [5, 4], [6, 4]], "front": [[3, 2], [5, 6]], "behind": [[2, 3], [6, 5]], "on": [], "under": [], "leftbehind": [[2, 5]], "leftfront": [], "rightbehind": [], "rightfront": [[5, 2]]}}