{"objects": {"2": "square_plate_1", "3": "cutlery-fork_1_new", "4": "cutlery-knife_1", "5": "plastic_lemon", "6": "green_bowl", "7": "glass-new_3"}, "semantic_label": {"2": "plate_0", "3": "fork_0", "4": "knife_0", "5": "fruit_0", "6": "bowl_0", "7": "glass_0"}, "obj_aabb": {"2": [[-0.06597677784473228, -0.19399118456424308, 0.6213663279713184], [0.11879032623081313, -0.009603740851523795, 0.6570374826927603]], "3": [[0.2655941021758453, 0.09488848289969204, 0.6183188692035347], [0.3048373049878759, 0.29177549790163093, 0.6482676534647277]], "4": [[-0.05718008686764033, 0.07642097488501856, 0.6229899963600535], [0.15590505321437192, 0.10525714008597012, 0.6352289022916365]], "5": [[0.21594944610427438, -0.17446466838823527, 0.6035587656704292], [0.32989601527223145, -0.05557470242620815, 0.707671281096984]], "6": [[-0.2376740584561614, -0.1752295574720622, 0.6221310090211012], [-0.1009347907975114, -0.03982330156167736, 0.6835671624333906]], "7": [[-0.025535239814349967, 0.17215520137646964, 0.6228076360533875], [0.07219692205821109, 0.2703394468107394, 0.8455318169389009]]}, "sizes": {"2": "medium", "3": "medium", "4": "medium", "5": "medium", "6": "small", "7": "medium"}, "distances": {"(2, 3)": 0.2050058310199061, "(2, 4)": 0.09373431730446458, "(2, 5)": 0.11508463452612357, "(2, 6)": 0.04457410041019169, "(2, 7)": 0.19767162092695018, "(3, 2)": 0.2050058310199061, "(3, 4)": 0.11743942813328151, "(3, 5)": 0.18370835782253253, "(3, 6)": 0.42230245957791906, "(3, 7)": 0.216599029719197, "(4, 2)": 0.09373431730446458, "(4, 3)": 0.11743942813328151, "(4, 5)": 0.1993659051857393, "(4, 6)": 0.1612092885115527, "(4, 7)": 0.083510146993738, "(5, 2)": 0.11508463452612357, "(5, 3)": 0.18370835782253253, "(5, 4)": 0.1993659051857393, "(5, 6)": 0.33638094892483217, "(5, 7)": 0.34689028292004387, "(6, 2)": 0.04457410041019169, "(6, 3)": 0.422302459577919, "(6, 4)": 0.1612092885115527, "(6, 5)": 0.33638094892483217, "(6, 7)": 0.281744107473133, "(7, 2)": 0.19767162092695018, "(7, 3)": 0.21659902971919706, "(7, 4)": 0.083510146993738, "(7, 5)": 0.34689028292004387, "(7, 6)": 0.281744107473133}, "state": {"2": [[0.026396809948116075, -0.10193786312281636, 0.6390664113055046], [0.0040805204682242404, 0.004081429151452141, 0.7070953842428286, 0.707094625118362]], "3": [[0.2851982485535927, 0.19331747240319902, 0.6332311697605504], [-0.48761050777415677, 0.5197244105793596, 0.4976374921261396, -0.494448638572878]], "4": [[0.04907981187074202, 0.0908982025235553, 0.6291501817645028], [-3.9937687249993325e-10, 0.707106792428079, 0.707106769945016, -3.985722994250814e-10]], "5": [[0.26979984263488416, -0.12266460843202331, 0.6169463480620906], [0.2661651724303844, -0.008546518970899671, -0.4194330233646933, 0.8678473350248513]], "6": [[-0.16928293607744543, -0.10760979303530249, 0.6527313002072254], [0.0014248673637224539, -0.00411013469837342, -1.9775738367409987e-06, 0.9999905382261606]], "7": [[0.023557482860594288, 0.22135067164161856, 0.7341887054992211], [0.7064326927395267, -0.0001869796528756319, 0.00019067873787846585, 0.7077801772506841]]}, "pickable_objects": [2, 3, 4, 5, 6, 7], "scene_graph": {"left": [[3, 5], [4, 2], [7, 4]], "right": [[2, 4], [4, 7], [5, 3]], "front": [[2, 5], [4, 3], [6, 2], [7, 3]], "behind": [[2, 6], [3, 4], [5, 2], [3, 7]], "on": [], "under": [], "leftbehind": [[3, 2], [4, 6], [7, 6]], "leftfront": [[4, 5]], "rightbehind": [[5, 4]], "rightfront": [[6, 4], [6, 7], [2, 3]]}}