{"objects": {"2": "cup-red_heart", "3": "can-monster_blue", "4": "small_marker", "5": "glue_2", "6": "stapler_1"}, "semantic_label": {"2": "cup_0", "3": "can_drink_0", "4": "marker_0", "5": "glue_0", "6": "stapler_0"}, "obj_aabb": {"2": [[0.07181853365813423, -0.27369749005681415, 0.6227069020380112], [0.18074661904454892, -0.13022976285189097, 0.7189931670532295]], "3": [[-0.06408753773572634, -0.22703882792924435, 0.6227599222653604], [0.008138573604143898, -0.15476830913438816, 0.7980957363596402]], "4": [[0.01173220940031166, 0.02915680164322504, 0.6208777402174843], [0.04298459493164984, 0.18661044401837243, 0.6454121956354706]], "5": [[0.24780535296688877, 0.10071553490387233, 0.6195906109149382], [0.3224672292505365, 0.17583055014909796, 0.7926065691423979]], "6": [[0.133371950693615, 0.1631308451242341, 0.6218063389634878], [0.17486436947385928, 0.24659758109120972, 0.6820984943184238]]}, "sizes": {"2": "medium", "3": "medium", "4": "medium", "5": "medium", "6": "medium"}, "distances": {"(2, 3)": 0.06821176842950573, "(2, 4)": 0.18739802338067868, "(2, 5)": 0.28057101248035193, "(2, 6)": 0.29907918147791096, "(3, 2)": 0.06821198685625388, "(3, 4)": 0.19521381644258207, "(3, 5)": 0.38839949085698244, "(3, 6)": 0.3606475579491046, "(4, 2)": 0.18739802338067868, "(4, 3)": 0.19521381644258207, "(4, 5)": 0.22131280736628917, "(4, 6)": 0.10471705957087882, "(5, 2)": 0.28057101248035193, "(5, 3)": 0.38839949085698244, "(5, 4)": 0.22131280736628917, "(5, 6)": 0.09098492143297977, "(6, 2)": 0.29907918147791096, "(6, 3)": 0.3606475579491046, "(6, 4)": 0.10471705957087882, "(6, 5)": 0.09098492143297977}, "state": {"2": [[0.12629513205115103, -0.2020720583527933, 0.6709129253725298], [0.499048973406465, 0.49989105165143854, 0.5001062061356477, 0.500951935025089]], "3": [[-0.02806249837836843, -0.19084775554228686, 0.7104007794972993], [0.7069336751163225, -0.0013017469365327627, 0.001415731771278036, 0.7072772300484407]], "4": [[0.027291555835472894, 0.10789025716438405, 0.6329742544652548], [0.07331540922841533, -0.06504011981787247, -0.686120435910134, 0.7208560057391729]], "5": [[0.28498147197942647, 0.13807853816309115, 0.7034413783175036], [-0.03959267802815861, 0.008518385771358009, 0.07008513013938517, 0.996718581889469]], "6": [[0.15432920284618035, 0.2048750937823662, 0.6518333972747684], [0.006153677720410831, -0.008763536531901164, 0.706998394509142, 0.7071340769892673]]}, "pickable_objects": [2, 3, 4, 5, 6], "scene_graph": {"left": [[4, 3], [6, 2]], "right": [[3, 4], [2, 6]], "front": [[3, 2], [4, 6], [6, 5]], "behind": [[2, 3], [5, 6], [6, 4]], "on": [], "under": [], "leftbehind": [[5, 2]], "leftfront": [[4, 2]], "rightbehind": [[2, 4]], "rightfront": [[2, 5]]}}