{"objects": {"2": "square_plate_3", "3": "fork", "4": "cutlery-knife_2_new", "5": "plastic_lemon", "6": "green_bowl", "7": "glass-small_3"}, "semantic_label": {"2": "plate_0", "3": "fork_0", "4": "knife_0", "5": "fruit_0", "6": "bowl_0", "7": "glass_0"}, "obj_aabb": {"2": [[0.07129842071167503, -0.21195907643828032, 0.6229756075700305], [0.2559006554462595, -0.028668976999510667, 0.6552676076714924]], "3": [[0.07240785353800956, -0.3324976989608534, 0.614753233536085], [0.27722712370160096, -0.2982740915929201, 0.6474001430490883]], "4": [[0.07971649350417605, 0.058805510335016395, 0.6229900000925033], [0.2929783017207622, 0.0848042051053904, 0.6338385368957002]], "5": [[0.12510134228707326, -0.16108715833849052, 0.6110281060708435], [0.215303466626035, -0.06343636044642492, 0.7171783865192997]], "6": [[0.008412107292598128, 0.1899595500043371, 0.6221176514264326], [0.14810228622569532, 0.32831083246711745, 0.6835668636403691]], "7": [[0.12863339476727653, 0.16872773510063524, 0.6218358451803124], [0.19353511634430737, 0.23437935360640885, 0.7535455855433083]]}, "sizes": {"2": "medium", "3": "medium", "4": "medium", "5": "medium", "6": "small", "7": "medium"}, "distances": {"(2, 3)": 0.09229778314542089, "(2, 4)": 0.0933352565567483, "(2, 5)": -1.4057106245093064e-05, "(2, 6)": 0.22686028600225674, "(2, 7)": 0.20419764803008209, "(3, 2)": 0.09229778314542089, "(3, 4)": 0.3612962699941284, "(3, 5)": 0.16257287398569661, "(3, 6)": 0.4974572952318787, "(3, 7)": 0.47437128088601854, "(4, 2)": 0.0933352565567483, "(4, 3)": 0.3612962699941284, "(4, 5)": 0.1463296609913701, "(4, 6)": 0.12388229067318521, "(4, 7)": 0.09104118653418936, "(5, 2)": -1.405789830797059e-05, "(5, 3)": 0.16257287398569661, "(5, 4)": 0.1463296609913701, "(5, 6)": 0.2861431813844295, "(5, 7)": 0.2544918115449087, "(6, 2)": 0.22686028600225674, "(6, 3)": 0.4974572952318787, "(6, 4)": 0.12388229067318521, "(6, 5)": 0.2861431813844295, "(6, 7)": 0.010686423944305268, "(7, 2)": 0.20419764803008209, "(7, 3)": 0.47437128088601854, "(7, 4)": 0.09104118653418936, "(7, 5)": 0.2544918115449087, "(7, 6)": 0.010686423944305265}, "state": {"2": [[0.16358935900651672, -0.12008720943802852, 0.6393447940697471], [5.859722598364221e-06, 5.0720298379126334e-05, 0.707106884592104, 0.7071066759376297]], "3": [[0.17486568691174548, -0.314640706381372, 0.631218106130642], [-0.02541757329621423, 0.00585460038059309, 0.9996597769785971, 3.0219474002197796e-05]], "4": [[0.1861454906035827, 0.07164381668023127, 0.6283606709963442], [3.003961799863675e-13, 0.7071067811779526, 0.7071067811951425, -6.120604508396413e-14]], "5": [[0.1735635098532627, -0.11772556659608568, 0.6250864100531187], [0.26567707269411217, 0.11485568883721067, -0.003818864217226865, 0.9571882155890281]], "6": [[0.07823752407948198, 0.25921901750993914, 0.6527244831554001], [0.0042162509230946315, 0.0013353116268345062, 0.9999298293692342, 0.010989836605997685]], "7": [[0.16097633776043824, 0.20146290701893807, 0.6876548098263345], [0.712516298025299, -0.003434372360083357, 0.003403316126702861, 0.7016389011266104]]}, "pickable_objects": [3, 4, 5, 6, 7], "scene_graph": {"left": [[2, 3], [4, 2], [6, 4], [7, 4], [5, 3], [4, 5]], "right": [[3, 2], [3, 5], [4, 7], [4, 6], [5, 4], [2, 4]], "front": [], "behind": [], "on": [[2, 5]], "under": [[5, 2]], "leftbehind": [], "leftfront": [[6, 7]], "rightbehind": [[7, 6]], "rightfront": []}}