{"objects": {"2": "cup-yellow_white_border", "3": "can-redbull", "4": "black_marker", "5": "stapler_1", "6": "glue_1"}, "semantic_label": {"2": "cup_0", "3": "can_drink_0", "4": "marker_0", "5": "stapler_0", "6": "glue_0"}, "obj_aabb": {"2": [[-0.33944842319805146, 0.24128875097330715, 0.6227911649950987], [-0.18958883628889125, 0.4131833812571801, 0.7621448761129975]], "3": [[-0.03695898376585623, -0.08389159652703454, 0.6213822181062258], [0.02239796673952585, -0.016324324547615753, 0.7660600249145666]], "4": [[0.0039355906023224585, -0.1992282231835273, 0.6209911771318142], [0.15550841854120773, -0.173579778499807, 0.6470595799819276]], "5": [[0.04498221423197761, 0.14010303875689223, 0.6217932240321108], [0.0876783272926323, 0.22432092258112207, 0.6821264196505633]], "6": [[0.11959458593761879, -0.3761111413536727, 0.6162378529872711], [0.1606127464921533, -0.2861699124054004, 0.7646890866482684]]}, "sizes": {"2": "medium", "3": "medium", "4": "medium", "5": "medium", "6": "medium"}, "distances": {"(2, 3)": 0.3678313238481192, "(2, 4)": 0.5192870550146496, "(2, 5)": 0.2902486024690551, "(2, 6)": 0.6842066840998835, "(3, 2)": 0.3678313238481192, "(3, 4)": 0.10141783792017614, "(3, 5)": 0.17524797251285845, "(3, 6)": 0.25975181145854886, "(4, 2)": 0.5192870550146496, "(4, 3)": 0.10141783792017614, "(4, 5)": 0.32054416110194556, "(4, 6)": 0.10826282284051258, "(5, 2)": 0.2902486024690551, "(5, 3)": 0.17524797251285845, "(5, 4)": 0.32054416110194556, "(5, 6)": 0.4490775567129113, "(6, 2)": 0.6842066840998835, "(6, 3)": 0.25975181145854886, "(6, 4)": 0.10826282284051258, "(6, 5)": 0.4490775567129113}, "state": {"2": [[-0.26433808320803476, 0.32720342025125937, 0.69239479019183], [-0.405435355148996, 0.5804268640966019, 0.5789358263906664, -0.40442568804608403]], "3": [[-0.00719528631515181, -0.05004643323139455, 0.693668302762311], [0.719015381118834, -0.000143264939392496, 0.00022182463195618594, 0.6949941093157033]], "4": [[0.07971472864447675, -0.18649069822098302, 0.634074479286587], [0.044199609975793946, 0.004211109546141919, 0.0016411689130896748, 0.9990124962176283]], "5": [[0.06654085357589326, 0.18222658240297895, 0.6518403868624812], [0.007498257156906203, -0.008523352681531343, 0.7128941149911264, 0.701179798204208]], "6": [[0.14023691849388928, -0.3312104859739112, 0.6904730050485816], [-0.0048330215274848915, 0.05885591499880581, 0.9982516352068633, 0.0025091790274153146]]}, "pickable_objects": [2, 3, 4, 5, 6], "scene_graph": {"left": [[3, 4], [4, 6]], "right": [[4, 3], [6, 4]], "front": [], "behind": [], "on": [], "under": [], "leftbehind": [[5, 3]], "leftfront": [[2, 5], [3, 6]], "rightbehind": [[5, 2], [6, 3]], "rightfront": [[3, 5]]}}