{"objects": {"2": "blue_cup", "3": "can-hoegaarden", "4": "red_marker", "5": "glue_1", "6": "stapler_2"}, "semantic_label": {"2": "cup_0", "3": "can_drink_0", "4": "marker_0", "5": "glue_0", "6": "stapler_0"}, "obj_aabb": {"2": [[0.10567461732636338, -0.4082137134750113, 0.622985090421352], [0.20970971158093563, -0.27416275333031065, 0.711021705861444]], "3": [[-0.04340703984036277, -0.35540060481289615, 0.621721988955553], [0.03596694034917736, -0.27425918766023305, 0.7570102169259567]], "4": [[-0.15002435294918054, -0.2921044183881041, 0.6204797014308265], [-0.03949336727044252, -0.15488277157310054, 0.6480907755265215]], "5": [[-0.12953153753701038, -0.42517988396851253, 0.6162291998958938], [-0.03469019971492212, -0.37425155662752635, 0.7646970237987913]], "6": [[0.1687223086880539, 0.039468740589383766, 0.621921805945943], [0.20579839629609423, 0.15851073769565485, 0.6511589630841528]]}, "sizes": {"2": "medium", "3": "medium", "4": "medium", "5": "medium", "6": "medium"}, "distances": {"(2, 3)": 0.07429714124260894, "(2, 4)": 0.16020394644632568, "(2, 5)": 0.17189971791336373, "(2, 6)": 0.320686347509623, "(3, 2)": 0.07429714124260894, "(3, 4)": 0.018125361431972922, "(3, 5)": 0.05289170213630942, "(3, 6)": 0.36326969765404316, "(4, 2)": 0.16020394644632568, "(4, 3)": 0.018125361431972922, "(4, 5)": 0.09840343387163517, "(4, 6)": 0.3649329622709185, "(5, 2)": 0.17189971791336375, "(5, 3)": 0.05289170213630942, "(5, 4)": 0.09840343387163517, "(5, 6)": 0.48910345748131956, "(6, 2)": 0.320686347509623, "(6, 3)": 0.36326969765404316, "(6, 4)": 0.3649329622709185, "(6, 5)": 0.48910345748131956}, "state": {"2": [[0.15746471244479157, -0.3266908530218739, 0.6628064188101357], [1.0710735098488275e-05, 1.9484743739769517e-05, -0.7071067807173593, 0.7071067813061598]], "3": [[-0.003886552147864023, -0.3149561952168938, 0.6894247011802181], [0.7018357061535438, 0.0025120349136745325, -0.0025698072925967306, 0.7123297883277295]], "4": [[-0.09476589640690666, -0.22349599887377172, 0.6341779305916841], [0.020029021654664688, -0.0008533584430697112, -0.44925426876023217, 0.8931789921799738]], "5": [[-0.08219930332573125, -0.3998374969265522, 0.6904726576313639], [0.041529592486218174, 0.04223375359101367, 0.6511106325486371, 0.7566680561432839]], "6": [[0.18722210553537166, 0.09899260040801028, 0.6366290243959596], [-0.0007450268980330293, 0.006795850473887643, -0.7081701363566585, 0.7060087246796951]]}, "pickable_objects": [2, 3, 4, 5, 6], "scene_graph": {"left": [[3, 5], [4, 5]], "right": [[5, 3], [5, 4]], "front": [[3, 2], [4, 2], [5, 2]], "behind": [[2, 3], [2, 4], [2, 5]], "on": [], "under": [], "leftbehind": [], "leftfront": [[4, 3]], "rightbehind": [[3, 4]], "rightfront": []}}