{"objects": {"2": "cup-red_heart", "3": "can-redbull", "4": "black_marker", "5": "stapler_1", "6": "glue_1"}, "semantic_label": {"2": "cup_0", "3": "can_drink_0", "4": "marker_0", "5": "stapler_0", "6": "glue_0"}, "obj_aabb": {"2": [[0.03156827394239905, 0.047571679700963515, 0.6227070431017454], [0.14049624889349288, 0.19103914262329694, 0.7189931009093038]], "3": [[-0.04551885349295287, 0.08006923445532786, 0.6213369642219935], [0.013873589898784556, 0.1477725773974804, 0.7660855464802945]], "4": [[-0.011214205683105785, -0.024686458477547142, 0.6209947540160463], [0.140347469726756, 0.0008828123192717498, 0.6470545777253551]], "5": [[-0.216484016579587, -0.17004613913889363, 0.6218052527520088], [-0.15846497072492394, -0.07987887985371811, 0.6820971108833673]], "6": [[0.09984366565723055, -0.19077897079253378, 0.6162164338028167], [0.14085827357365566, -0.1007330863143042, 0.7647148179512206]]}, "sizes": {"2": "medium", "3": "medium", "4": "medium", "5": "medium", "6": "medium"}, "distances": {"(2, 3)": 0.02231303925892987, "(2, 4)": 0.06149552578546848, "(2, 5)": 0.26574467409561975, "(2, 6)": 0.16971028518358888, "(3, 2)": 0.02231303925892987, "(3, 4)": 0.09023890713651823, "(3, 5)": 0.22493354469786353, "(3, 6)": 0.2357173218976224, "(4, 2)": 0.06149552578546848, "(4, 3)": 0.09023890713651823, "(4, 5)": 0.17109564983295564, "(4, 6)": 0.09731861231375495, "(5, 2)": 0.26574467409561975, "(5, 3)": 0.22493354469786353, "(5, 4)": 0.17109564983295564, "(5, 6)": 0.2688881237530052, "(6, 2)": 0.16971028518358888, "(6, 3)": 0.2357173218976224, "(6, 4)": 0.09731861231375495, "(6, 5)": 0.2688881237530052}, "state": {"2": [[0.08601970563166082, 0.11941384315334477, 0.6709129626552155], [0.49989080278706466, -0.49904907698059847, -0.5009513498998373, 0.5001069376515858]], "3": [[-0.015737396318247113, 0.11398248416424987, 0.6936585174489308], [0.7193528399484405, -0.00023063234676496468, 0.00030916307465690815, 0.6946447602084301]], "4": [[0.06455931665326965, -0.011988494756671545, 0.6340738060991614], [0.04397318593041405, 0.004203922005403597, 0.0014113730274185905, 0.9990228696006309]], "5": [[-0.1876832242946382, -0.1249290688734369, 0.6518322856871342], [-0.009429780522011889, -0.004870673183262418, -0.7773934284356255, 0.6289251252789576]], "6": [[0.12048422703521444, -0.14582596987541402, 0.6904752194647407], [-0.004838385624423177, 0.059268035832869576, 0.998227322509021, 0.002470333891200025]]}, "pickable_objects": [2, 3, 4, 5, 6], "scene_graph": {"left": [[2, 4], [3, 4], [4, 6]], "right": [[4, 2], [4, 3], [6, 4]], "front": [[3, 2]], "behind": [[2, 3]], "on": [], "under": [], "leftbehind": [[3, 5], [4, 5], [2, 5]], "leftfront": [[3, 6]], "rightbehind": [[6, 3]], "rightfront": [[5, 4], [5, 3], [5, 2]]}}