{"objects": {"2": "cup-red_heart", "3": "can-hoegaarden", "4": "red_marker", "5": "glue_2", "6": "stapler_1"}, "semantic_label": {"2": "cup_0", "3": "can_drink_0", "4": "marker_0", "5": "glue_0", "6": "stapler_0"}, "obj_aabb": {"2": [[0.17620311148223744, -0.22053310248673613, 0.6227067561472438], [0.2851313427430284, -0.07706523670879938, 0.7189933354159498]], "3": [[0.026189737410422097, -0.17735272105644828, 0.6217226560023827], [0.10556372734335853, -0.09621566036277542, 0.7570109823989333]], "4": [[0.16053154141177206, 0.014166803715889131, 0.6207949937775564], [0.3128865896138659, 0.03864186540659406, 0.6477159606759423]], "5": [[0.20660585568695616, 0.11918461863779897, 0.619641819521282], [0.27313839635646375, 0.18854383263105493, 0.7925162725355156]], "6": [[0.23939124133546688, 0.24418522053839833, 0.6217875348249757], [0.2810246005581483, 0.32765253168529673, 0.6821777420286452]]}, "sizes": {"2": "medium", "3": "medium", "4": "medium", "5": "medium", "6": "medium"}, "distances": {"(2, 3)": 0.07579396596840654, "(2, 4)": 0.10254383565449633, "(2, 5)": 0.20512359323492216, "(2, 6)": 0.32695405330462096, "(3, 2)": 0.07579396596840654, "(3, 4)": 0.14696872639828298, "(3, 5)": 0.2716571521356367, "(3, 6)": 0.3871022455606033, "(4, 2)": 0.10254383565449633, "(4, 3)": 0.14696872639828298, "(4, 5)": 0.08798443818597898, "(4, 6)": 0.21136671079712183, "(5, 2)": 0.20512359323492216, "(5, 3)": 0.2716571521356367, "(5, 4)": 0.08798443818597898, "(5, 6)": 0.06421469093902452, "(6, 2)": 0.32695405330462096, "(6, 3)": 0.3871022455606033, "(6, 4)": 0.21136671079712183, "(6, 5)": 0.06421469093902452}, "state": {"2": [[0.23067978271407993, -0.14890760142009266, 0.6709129367593769], [0.49904839350020513, 0.49989100461372316, 0.5001061615320825, 0.5009526041940431]], "3": [[0.06571023848634376, -0.13691050096661941, 0.6894254173187836], [0.7018326288482075, 0.0025342973437172942, -0.00254214457035024, 0.7123328406875338]], "4": [[0.23671141833048231, 0.026415032712664026, 0.6341484712241392], [-0.008604973632201009, 0.0014023211662961116, 0.9999618392565842, 0.0005549366854791596]], "5": [[0.23969837781416928, 0.15403710329007692, 0.7034215096006757], [-0.02101088042059114, 0.034868808668999315, -0.7076505233846468, 0.7053888614370033]], "6": [[0.26041925310758235, 0.28592974532630433, 0.6518641326286931], [0.005286177306267384, -0.009616555073099952, 0.7069903606987805, 0.7071380403266543]]}, "pickable_objects": [2, 3, 4, 5, 6], "scene_graph": {"left": [[4, 2], [5, 4], [6, 5]], "right": [[2, 4], [4, 5], [5, 6]], "front": [[3, 2]], "behind": [[2, 3]], "on": [], "under": [], "leftbehind": [[4, 3], [5, 3]], "leftfront": [], "rightbehind": [], "rightfront": [[3, 4], [3, 5]]}}