{"objects": {"2": "cup-red_heart", "3": "can-hoegaarden", "4": "black_marker", "5": "glue_2", "6": "stapler_1"}, "semantic_label": {"2": "cup_0", "3": "can_drink_0", "4": "marker_0", "5": "glue_0", "6": "stapler_0"}, "obj_aabb": {"2": [[0.14973117179874665, -0.17255095699122447, 0.622706598154429], [0.2586595436109007, -0.029082856074247612, 0.7189934649496955]], "3": [[0.010717444171069568, -0.13017123750380002, 0.6217226549736061], [0.09009044474880132, -0.04903317978445453, 0.7570109836625771]], "4": [[0.1339939739558149, 0.04854615434587274, 0.6209947540205154], [0.2855556493652286, 0.07411542513282986, 0.6470545777210084]], "5": [[0.17953403933070336, 0.14696895607255428, 0.6196419479759531], [0.24606681728126598, 0.21632719720330307, 0.7925160794645468]], "6": [[-0.030940347579024495, 0.24025199338942713, 0.621791083667988], [0.025179802897941535, 0.32997022202590454, 0.6822159327499678]]}, "sizes": {"2": "medium", "3": "medium", "4": "medium", "5": "medium", "6": "medium"}, "distances": {"(2, 3)": 0.06482894942115583, "(2, 4)": 0.09063499716028373, "(2, 5)": 0.1849365163090311, "(2, 6)": 0.32935265579881057, "(3, 2)": 0.06482894942115584, "(3, 4)": 0.13069847577694946, "(3, 5)": 0.24905920375557689, "(3, 6)": 0.30182395940504175, "(4, 2)": 0.09063499716028373, "(4, 3)": 0.13069847577694946, "(4, 5)": 0.08126388229410035, "(4, 6)": 0.2173150829895899, "(5, 2)": 0.1849365163090311, "(5, 3)": 0.24905920375557689, "(5, 4)": 0.08126388229410036, "(5, 6)": 0.17741755749489002, "(6, 2)": 0.32935265579881057, "(6, 3)": 0.30182395940504175, "(6, 4)": 0.2173150829895899, "(6, 5)": 0.17741755749489002}, "state": {"2": [[0.2042079132040316, -0.10092533825819049, 0.6709129227172695], [0.4990480365919797, 0.4998911428178105, 0.5001056781205387, 0.5009533044282568]], "3": [[0.05023744894090404, -0.08972851675175503, 0.6894254174422294], [0.7018326548929187, 0.0025297840714501104, -0.0025467659043958185, 0.7123328145620819]], "4": [[0.20976749629196484, 0.06124411806183562, 0.6340738060992545], [0.04397318574661891, 0.004203922001308892, 0.0014113730209711318, 0.9990228696087472]], "5": [[0.21262667630871354, 0.18182093829103854, 0.7034214764993535], [-0.021013509831667946, 0.03486718142497343, -0.707650626596192, 0.7053887600054661]], "6": [[-0.00267567780900304, 0.28516084765692323, 0.6518831335384675], [0.00982207889575558, -0.006297350495778374, 0.7694568642951244, 0.6385922048788361]]}, "pickable_objects": [2, 3, 4, 5, 6], "scene_graph": {"left": [[4, 2], [5, 4]], "right": [[2, 4], [4, 5]], "front": [[3, 2]], "behind": [[2, 3]], "on": [], "under": [], "leftbehind": [[4, 3], [5, 3]], "leftfront": [[6, 5], [6, 4]], "rightbehind": [[5, 6], [4, 6]], "rightfront": [[3, 4], [3, 5]]}}