{"objects": {"2": "soap_dish", "3": "soap", "4": "bottle-avene_skincare", "5": "tube-signal"}, "semantic_label": {"2": "soap_dish_0", "3": "soap_0", "4": "shampoo_0", "5": "cleanser_0"}, "obj_aabb": {"2": [[0.052496803085425536, -0.38068951658093664, 0.622945059026894], [0.2124541174033865, -0.2207202448524226, 0.6719890214668215]], "3": [[0.1047991594468698, -0.35639408860095456, 0.6250010791093652], [0.17126239917003888, -0.2426015388660141, 0.6810727982092584]], "4": [[0.08414920338885233, -0.16377282372868437, 0.6223247678873838], [0.16006145281777756, -0.08790813852474436, 0.8540120647342402]], "5": [[0.10529360759191728, -0.011416694927720886, 0.6229296916857927], [0.1386484518279882, 0.037557821463581255, 0.7746149121903219]]}, "sizes": {"2": "medium", "3": "medium", "4": "medium", "5": "medium"}, "distances": {"(2, 3)": -1.264047569680309e-05, "(2, 4)": 0.06160596495918466, "(2, 5)": 0.21924569468130992, "(3, 2)": -1.2640475696806559e-05, "(3, 4)": 0.08518901708952097, "(3, 5)": 0.2428421229908682, "(4, 2)": 0.06160596495918466, "(4, 3)": 0.08518901708952097, "(4, 5)": 0.08260638254946694, "(5, 2)": 0.21924569468130992, "(5, 3)": 0.2428421229908682, "(5, 4)": 0.08260638254946694}, "state": {"2": [[0.13270593005418424, -0.3006977796557845, 0.6473323237045199], [-0.00017963197848477476, 7.041993212895194e-05, 0.7071100038163509, 0.7071035322187449]], "3": [[0.13779099368741565, -0.29950343017137115, 0.653337372754093], [0.02827164560865639, -0.013541316312136517, 0.7058839420553306, 0.7076335260256823]], "4": [[0.1219830150741744, -0.1258213889020104, 0.7386343854675691], [0.7044478320119448, -0.0031879212692291705, 0.00317090206406419, 0.7097415265515694]], "5": [[0.12197797678558642, 0.012803353522218269, 0.6989305824904759], [0.7066515410674007, 0.00024785732805714507, -0.00022766193883512313, 0.7075616483698465]]}, "pickable_objects": [3, 4, 5], "scene_graph": {"left": [[4, 2], [4, 3], [5, 4]], "right": [[2, 4], [3, 4], [4, 5]], "front": [], "behind": [], "on": [[2, 3]], "under": [[3, 2]], "leftbehind": [], "leftfront": [], "rightbehind": [], "rightfront": []}}