{"objects": {"2": "round_plate_3", "3": "cutlery-fork_2_new", "4": "cutlery-knife_2_new", "5": "plastic_apple", "6": "yellow_bowl", "7": "glass-new_3"}, "semantic_label": {"2": "plate_0", "3": "fork_0", "4": "knife_0", "5": "fruit_0", "6": "bowl_0", "7": "glass_0"}, "obj_aabb": {"2": [[0.16192357505610283, -0.0242401558876342, 0.6188694784975751], [0.35411269468023304, 0.1680272288673226, 0.6597822640888379]], "3": [[0.17404130855258526, -0.10687982226629218, 0.6177889766822641], [0.3602677268936967, -0.0754102243431916, 0.6492110416037674]], "4": [[0.17049443289495003, 0.22058731428820413, 0.6229899941036322], [0.38375624111163686, 0.2465860090680352, 0.6338385309287843]], "5": [[0.2165492336876131, 0.003562808348137471, 0.6349666041996724], [0.3212315831138767, 0.10805617057007266, 0.7142724547757326]], "6": [[-0.04165290024234168, -0.3315002995418757, 0.6228793995555922], [0.134990705691291, -0.1554047784064697, 0.6828101798154197]], "7": [[0.20650486069297874, 0.2932148339427948, 0.6228025641229826], [0.3042417274837755, 0.3914205951467472, 0.8455367996580194]]}, "sizes": {"2": "medium", "3": "medium", "4": "medium", "5": "medium", "6": "small", "7": "medium"}, "distances": {"(2, 3)": 0.06341130827971758, "(2, 4)": 0.061481564646866035, "(2, 5)": -2.5743226829192962e-05, "(2, 6)": 0.22072848320226607, "(2, 7)": 0.1415362509970136, "(3, 2)": 0.06341130827971758, "(3, 4)": 0.30019561943620865, "(3, 5)": 0.10960669628639653, "(3, 6)": 0.1306614796322975, "(3, 7)": 0.3846269239259812, "(4, 2)": 0.061481564646866035, "(4, 3)": 0.30019561943620865, "(4, 5)": 0.1357623166236584, "(4, 6)": 0.42109117518045047, "(4, 7)": 0.06245240069589371, "(5, 2)": -2.5743226829192962e-05, "(5, 3)": 0.10960669628639653, "(5, 4)": 0.1357623166236584, "(5, 6)": 0.26759459849199524, "(5, 7)": 0.21498361525674525, "(6, 2)": 0.22072848320226607, "(6, 3)": 0.1306614796322975, "(6, 4)": 0.42109117518045047, "(6, 5)": 0.26759459849199524, "(6, 7)": 0.5205365288308879, "(7, 2)": 0.14154367802995196, "(7, 3)": 0.3846269239259812, "(7, 4)": 0.06244796962394898, "(7, 5)": 0.2149836152567452, "(7, 6)": 0.5205365288308879}, "state": {"2": [[0.2580101869815208, 0.0721599334793307, 0.6395020025166056], [0.008087392081455069, -0.010401772093946412, 0.9999131905534715, 9.264881799639001e-05]], "3": [[0.2674467423307911, -0.09114891824784024, 0.6334547624423822], [0.013066869352558482, 0.7066098410223314, 0.7073499457539586, -0.013705609712475038]], "4": [[0.27692342999440683, 0.23342562063819203, 0.6283606650183178], [-1.842931185389033e-13, 0.7071067808880207, 0.7071067814850743, 2.2826805783265287e-12]], "5": [[0.2686888216475567, 0.052221639991538685, 0.639084372850512], [-0.0011894589446409688, -0.00020173391134889652, 0.9871600032709562, 0.15972999853795056]], "6": [[0.04665223356411551, -0.2434091709585651, 0.6528291863418775], [0.00024876285237004594, -0.000572107751944569, 0.9821443513268115, -0.18812783942468478]], "7": [[0.2555999338448781, 0.34242106756232826, 0.7341886547784676], [0.7064010299280075, -0.0001859826733422316, 0.00020145708095997968, 0.7078117756452912]]}, "pickable_objects": [3, 4, 5, 6, 7], "scene_graph": {"left": [[4, 2], [7, 4], [7, 5], [2, 3]], "right": [[2, 4], [3, 2], [4, 7], [5, 7]], "front": [], "behind": [], "on": [[2, 5]], "under": [[5, 2]], "leftbehind": [[3, 6], [2, 6], [5, 6]], "leftfront": [], "rightbehind": [], "rightfront": [[6, 3], [6, 2], [6, 5]]}}