{"objects": {"2": "round_plate_2", "3": "cutlery-fork_2_new", "4": "cutlery-knife_2_new", "5": "plastic_peach", "6": "doraemon_bowl", "7": "glass-new_1"}, "semantic_label": {"2": "plate_0", "3": "fork_0", "4": "knife_0", "5": "fruit_0", "6": "bowl_0", "7": "glass_0"}, "obj_aabb": {"2": [[-0.06708471458944187, -0.016560487043106184, 0.6197646928363167], [0.12537510525659948, 0.17545291959153775, 0.6590058058517378]], "3": [[-0.05472330321905399, -0.10060805210912284, 0.6177846112302557], [0.13150140091927545, -0.06913695482731842, 0.6492186526460425]], "4": [[0.07877530018067526, -0.3026757480307928, 0.6228454428762332], [0.28647572979953273, -0.1993148803623641, 0.6339953741775558]], "5": [[-0.02262496612453991, 0.03396116563722094, 0.6156346059993816], [0.08552941523659469, 0.13286612275141377, 0.7320575546473918]], "6": [[-0.2042467042231043, -0.015671095885584102, 0.6212784507243554], [-0.06630866344260397, 0.16536735923354123, 0.6866482686362834]], "7": [[-0.007420219268009898, -0.2902098195888464, 0.6200537348354332], [0.11113656300909314, -0.16636457402084112, 0.7619002769940978]]}, "sizes": {"2": "medium", "3": "medium", "4": "medium", "5": "medium", "6": "small", "7": "medium"}, "distances": {"(2, 3)": 0.06443952883499067, "(2, 4)": 0.260178858734545, "(2, 5)": -4.921643358464533e-05, "(2, 6)": 0.01047968404140977, "(2, 7)": 0.17901124543145724, "(3, 2)": 0.06443952883499067, "(3, 4)": 0.1657364209790772, "(3, 5)": 0.12700838638606732, "(3, 6)": 0.09059234336813703, "(3, 7)": 0.10602298786259748, "(4, 2)": 0.260178858734545, "(4, 3)": 0.1657364209790772, "(4, 5)": 0.32048821752917783, "(4, 6)": 0.3423516962595169, "(4, 7)": 0.033945682210363676, "(5, 2)": -4.921643358464533e-05, "(5, 3)": 0.12700838638606732, "(5, 4)": 0.32048821752917783, "(5, 6)": 0.06462804291052608, "(5, 7)": 0.23229973284224315, "(6, 2)": 0.010479684041409768, "(6, 3)": 0.09059234336813703, "(6, 4)": 0.3423516962595169, "(6, 5)": 0.06462804291052608, "(6, 7)": 0.2299974988899034, "(7, 2)": 0.17901124543145724, "(7, 3)": 0.10602298786259748, "(7, 4)": 0.033945682210363676, "(7, 5)": 0.23229973284224315, "(7, 6)": 0.2299974988899034}, "state": {"2": [[0.029141150749600327, 0.07960625470810281, 0.6396970478499465], [0.009551735821383649, -0.005094160307097967, -0.7070718988031608, 0.7070587979768421]], "3": [[0.03868127317196065, -0.08487639771076992, 0.6334563833314245], [0.013084568981595145, 0.7064763094156389, 0.7074833101485859, -0.013688833048300748]], "4": [[0.18249768409707592, -0.2512195713925891, 0.6283661745764232], [-0.13305328939641606, 0.6926846951385658, 0.6960272854320008, -0.13427864028111808]], "5": [[0.03492591165445003, 0.08481887019079709, 0.6349368418181449], [0.11193520881335838, 0.1850328261392498, -0.010896509177978285, 0.9762758976675426]], "6": [[-0.1353376826320043, 0.07484860610266476, 0.6539562816711378], [-0.00027575912932380545, 0.006021693587105719, 0.707091032810377, 0.7070968352937241]], "7": [[0.051770185091979865, -0.22844663087070494, 0.6909082529005848], [0.7202416827766143, -0.0754520355735224, -0.07213963061252154, 0.6858241628974672]]}, "pickable_objects": [3, 4, 5, 6, 7], "scene_graph": {"left": [[3, 7], [2, 3], [3, 4]], "right": [[3, 2], [4, 3], [7, 3]], "front": [[6, 2], [6, 5], [7, 4]], "behind": [[2, 6], [4, 7], [5, 6]], "on": [[2, 5]], "under": [[5, 2]], "leftbehind": [], "leftfront": [[6, 3]], "rightbehind": [[3, 6]], "rightfront": []}}